hour_of_day,cash_type,money,coffee_name,Time_of_Day,Weekday,Month_name,Weekdaysort,Monthsort,Date,Time,DateTime,Year,Quarter,Week_of_Year,Day_of_Month,Day_of_Year,Is_Weekend,Product_Category,Price_Category,Hour_Category
10,card,38.7,Latte,Morning,Fri,Mar,5,3,2024-03-01,10:15:50.520000,2024-03-01 10:15:50.520,2024,1,9,1,61,0,Coffee - Milk,Premium,Mid Morning
12,card,38.7,Hot Chocolate,Afternoon,Fri,Mar,5,3,2024-03-01,12:19:22.539000,2024-03-01 12:19:22.539,2024,1,9,1,61,0,Non-Coffee,Premium,Lunch Time
12,card,38.7,Hot Chocolate,Afternoon,Fri,Mar,5,3,2024-03-01,12:20:18.089000,2024-03-01 12:20:18.089,2024,1,9,1,61,0,Non-Coffee,Premium,Lunch Time
13,card,28.9,Americano,Afternoon,Fri,Mar,5,3,2024-03-01,13:46:33.006000,2024-03-01 13:46:33.006,2024,1,9,1,61,0,Coffee - Black,Standard,Lunch Time
13,card,38.7,Latte,Afternoon,Fri,Mar,5,3,2024-03-01,13:48:14.626000,2024-03-01 13:48:14.626,2024,1,9,1,61,0,Coffee - Milk,Premium,Lunch Time
15,card,33.8,Americano with Milk,Afternoon,Fri,Mar,5,3,2024-03-01,15:39:47.726000,2024-03-01 15:39:47.726,2024,1,9,1,61,0,Coffee - Milk,Mid-Range,Afternoon
16,card,38.7,Hot Chocolate,Afternoon,Fri,Mar,5,3,2024-03-01,16:19:02.756000,2024-03-01 16:19:02.756,2024,1,9,1,61,0,Non-Coffee,Premium,Afternoon
18,card,33.8,Americano with Milk,Night,Fri,Mar,5,3,2024-03-01,18:39:03.580000,2024-03-01 18:39:03.580,2024,1,9,1,61,0,Coffee - Milk,Mid-Range,Evening
19,card,38.7,Cocoa,Night,Fri,Mar,5,3,2024-03-01,19:22:01.762000,2024-03-01 19:22:01.762,2024,1,9,1,61,0,Non-Coffee,Premium,Evening
19,card,33.8,Americano with Milk,Night,Fri,Mar,5,3,2024-03-01,19:23:15.887000,2024-03-01 19:23:15.887,2024,1,9,1,61,0,Coffee - Milk,Mid-Range,Evening
19,card,33.8,Americano with Milk,Night,Fri,Mar,5,3,2024-03-01,19:29:17.391000,2024-03-01 19:29:17.391,2024,1,9,1,61,0,Coffee - Milk,Mid-Range,Evening
10,card,28.9,Americano,Morning,Sat,Mar,6,3,2024-03-02,10:22:06.957000,2024-03-02 10:22:06.957,2024,1,9,2,62,1,Coffee - Black,Standard,Mid Morning
10,card,33.8,Americano with Milk,Morning,Sat,Mar,6,3,2024-03-02,10:41:41.249000,2024-03-02 10:41:41.249,2024,1,9,2,62,1,Coffee - Milk,Mid-Range,Mid Morning
11,card,33.8,Americano with Milk,Morning,Sat,Mar,6,3,2024-03-02,11:59:45.484000,2024-03-02 11:59:45.484,2024,1,9,2,62,1,Coffee - Milk,Mid-Range,Mid Morning
14,card,28.9,Americano,Afternoon,Sat,Mar,6,3,2024-03-02,14:38:35.535000,2024-03-02 14:38:35.535,2024,1,9,2,62,1,Coffee - Black,Standard,Lunch Time
16,card,33.8,Americano with Milk,Afternoon,Sat,Mar,6,3,2024-03-02,16:37:24.475000,2024-03-02 16:37:24.475,2024,1,9,2,62,1,Coffee - Milk,Mid-Range,Afternoon
17,card,28.9,Americano,Night,Sat,Mar,6,3,2024-03-02,17:34:54.969000,2024-03-02 17:34:54.969,2024,1,9,2,62,1,Coffee - Black,Standard,Afternoon
10,card,38.7,Latte,Morning,Sun,Mar,7,3,2024-03-03,10:27:18.561000,2024-03-03 10:27:18.561,2024,1,9,3,63,1,Coffee - Milk,Premium,Mid Morning
11,card,28.9,Cortado,Morning,Sun,Mar,7,3,2024-03-03,11:33:56.118000,2024-03-03 11:33:56.118,2024,1,9,3,63,1,Coffee - Milk,Standard,Mid Morning
12,card,28.9,Americano,Afternoon,Sun,Mar,7,3,2024-03-03,12:26:56.098000,2024-03-03 12:26:56.098,2024,1,9,3,63,1,Coffee - Black,Standard,Lunch Time
13,card,38.7,Hot Chocolate,Afternoon,Sun,Mar,7,3,2024-03-03,13:09:36.321000,2024-03-03 13:09:36.321,2024,1,9,3,63,1,Non-Coffee,Premium,Lunch Time
17,card,38.7,Cocoa,Night,Sun,Mar,7,3,2024-03-03,17:06:40.271000,2024-03-03 17:06:40.271,2024,1,9,3,63,1,Non-Coffee,Premium,Afternoon
17,card,28.9,Cortado,Night,Sun,Mar,7,3,2024-03-03,17:08:45.895000,2024-03-03 17:08:45.895,2024,1,9,3,63,1,Coffee - Milk,Standard,Afternoon
18,card,33.8,Americano with Milk,Night,Sun,Mar,7,3,2024-03-03,18:03:23.369000,2024-03-03 18:03:23.369,2024,1,9,3,63,1,Coffee - Milk,Mid-Range,Evening
18,card,33.8,Americano with Milk,Night,Sun,Mar,7,3,2024-03-03,18:04:27.946000,2024-03-03 18:04:27.946,2024,1,9,3,63,1,Coffee - Milk,Mid-Range,Evening
18,card,38.7,Hot Chocolate,Night,Sun,Mar,7,3,2024-03-03,18:08:04.959000,2024-03-03 18:08:04.959,2024,1,9,3,63,1,Non-Coffee,Premium,Evening
10,card,38.7,Latte,Morning,Mon,Mar,1,3,2024-03-04,10:03:51.994000,2024-03-04 10:03:51.994,2024,1,10,4,64,0,Coffee - Milk,Premium,Mid Morning
10,card,38.7,Latte,Morning,Mon,Mar,1,3,2024-03-04,10:54:50.958000,2024-03-04 10:54:50.958,2024,1,10,4,64,0,Coffee - Milk,Premium,Mid Morning
11,card,33.8,Americano with Milk,Morning,Mon,Mar,1,3,2024-03-04,11:05:16.184000,2024-03-04 11:05:16.184,2024,1,10,4,64,0,Coffee - Milk,Mid-Range,Mid Morning
14,card,24.0,Espresso,Afternoon,Mon,Mar,1,3,2024-03-04,14:04:37.734000,2024-03-04 14:04:37.734,2024,1,10,4,64,0,Coffee - Black,Standard,Lunch Time
9,card,38.7,Latte,Morning,Tue,Mar,2,3,2024-03-05,09:59:52.651000,2024-03-05 09:59:52.651,2024,1,10,5,65,0,Coffee - Milk,Premium,Mid Morning
14,card,38.7,Latte,Afternoon,Tue,Mar,2,3,2024-03-05,14:34:55.963000,2024-03-05 14:34:55.963,2024,1,10,5,65,0,Coffee - Milk,Premium,Lunch Time
17,card,38.7,Latte,Night,Tue,Mar,2,3,2024-03-05,17:34:06.043000,2024-03-05 17:34:06.043,2024,1,10,5,65,0,Coffee - Milk,Premium,Afternoon
17,card,38.7,Hot Chocolate,Night,Tue,Mar,2,3,2024-03-05,17:35:25.021000,2024-03-05 17:35:25.021,2024,1,10,5,65,0,Non-Coffee,Premium,Afternoon
17,card,38.7,Cocoa,Night,Tue,Mar,2,3,2024-03-05,17:36:28.571000,2024-03-05 17:36:28.571,2024,1,10,5,65,0,Non-Coffee,Premium,Afternoon
17,card,38.7,Hot Chocolate,Night,Tue,Mar,2,3,2024-03-05,17:37:13.659000,2024-03-05 17:37:13.659,2024,1,10,5,65,0,Non-Coffee,Premium,Afternoon
17,card,38.7,Hot Chocolate,Night,Tue,Mar,2,3,2024-03-05,17:38:09.354000,2024-03-05 17:38:09.354,2024,1,10,5,65,0,Non-Coffee,Premium,Afternoon
17,card,28.9,Cortado,Night,Tue,Mar,2,3,2024-03-05,17:56:15.776000,2024-03-05 17:56:15.776,2024,1,10,5,65,0,Coffee - Milk,Standard,Afternoon
18,card,38.7,Hot Chocolate,Night,Tue,Mar,2,3,2024-03-05,18:01:31.242000,2024-03-05 18:01:31.242,2024,1,10,5,65,0,Non-Coffee,Premium,Evening
13,card,28.9,Americano,Afternoon,Wed,Mar,3,3,2024-03-06,13:24:07.667000,2024-03-06 13:24:07.667,2024,1,10,6,66,0,Coffee - Black,Standard,Lunch Time
13,card,28.9,Cortado,Afternoon,Wed,Mar,3,3,2024-03-06,13:25:14.351000,2024-03-06 13:25:14.351,2024,1,10,6,66,0,Coffee - Milk,Standard,Lunch Time
14,card,38.7,Cappuccino,Afternoon,Wed,Mar,3,3,2024-03-06,14:52:01.761000,2024-03-06 14:52:01.761,2024,1,10,6,66,0,Coffee - Milk,Premium,Lunch Time
14,card,38.7,Cappuccino,Afternoon,Wed,Mar,3,3,2024-03-06,14:53:18.344000,2024-03-06 14:53:18.344,2024,1,10,6,66,0,Coffee - Milk,Premium,Lunch Time
10,card,38.7,Hot Chocolate,Morning,Thu,Mar,4,3,2024-03-07,10:18:40.543000,2024-03-07 10:18:40.543,2024,1,10,7,67,0,Non-Coffee,Premium,Mid Morning
11,card,38.7,Latte,Morning,Thu,Mar,4,3,2024-03-07,11:03:58.976000,2024-03-07 11:03:58.976,2024,1,10,7,67,0,Coffee - Milk,Premium,Mid Morning
15,card,28.9,Americano,Afternoon,Thu,Mar,4,3,2024-03-07,15:40:22.606000,2024-03-07 15:40:22.606,2024,1,10,7,67,0,Coffee - Black,Standard,Afternoon
15,card,33.8,Americano with Milk,Afternoon,Thu,Mar,4,3,2024-03-07,15:41:28.784000,2024-03-07 15:41:28.784,2024,1,10,7,67,0,Coffee - Milk,Mid-Range,Afternoon
10,card,28.9,Cortado,Morning,Fri,Mar,5,3,2024-03-08,10:34:41.283000,2024-03-08 10:34:41.283,2024,1,10,8,68,0,Coffee - Milk,Standard,Mid Morning
12,card,38.7,Cappuccino,Afternoon,Fri,Mar,5,3,2024-03-08,12:22:28.653000,2024-03-08 12:22:28.653,2024,1,10,8,68,0,Coffee - Milk,Premium,Lunch Time
13,card,28.9,Americano,Afternoon,Fri,Mar,5,3,2024-03-08,13:53:02.042000,2024-03-08 13:53:02.042,2024,1,10,8,68,0,Coffee - Black,Standard,Lunch Time
14,card,28.9,Americano,Afternoon,Fri,Mar,5,3,2024-03-08,14:44:12.686000,2024-03-08 14:44:12.686,2024,1,10,8,68,0,Coffee - Black,Standard,Lunch Time
14,card,28.9,Americano,Afternoon,Fri,Mar,5,3,2024-03-08,14:45:11.048000,2024-03-08 14:45:11.048,2024,1,10,8,68,0,Coffee - Black,Standard,Lunch Time
14,card,33.8,Americano with Milk,Afternoon,Fri,Mar,5,3,2024-03-08,14:46:11.155000,2024-03-08 14:46:11.155,2024,1,10,8,68,0,Coffee - Milk,Mid-Range,Lunch Time
18,card,38.7,Latte,Night,Fri,Mar,5,3,2024-03-08,18:57:51.451000,2024-03-08 18:57:51.451,2024,1,10,8,68,0,Coffee - Milk,Premium,Evening
18,card,38.7,Latte,Night,Fri,Mar,5,3,2024-03-08,18:59:24.941000,2024-03-08 18:59:24.941,2024,1,10,8,68,0,Coffee - Milk,Premium,Evening
12,card,24.0,Espresso,Afternoon,Sat,Mar,6,3,2024-03-09,12:05:15.559000,2024-03-09 12:05:15.559,2024,1,10,9,69,1,Coffee - Black,Standard,Lunch Time
12,card,28.9,Americano,Afternoon,Sat,Mar,6,3,2024-03-09,12:07:38.275000,2024-03-09 12:07:38.275,2024,1,10,9,69,1,Coffee - Black,Standard,Lunch Time
12,card,38.7,Cappuccino,Afternoon,Sat,Mar,6,3,2024-03-09,12:09:47.714000,2024-03-09 12:09:47.714,2024,1,10,9,69,1,Coffee - Milk,Premium,Lunch Time
12,card,28.9,Americano,Afternoon,Sat,Mar,6,3,2024-03-09,12:13:03.521000,2024-03-09 12:13:03.521,2024,1,10,9,69,1,Coffee - Black,Standard,Lunch Time
12,card,28.9,Americano,Afternoon,Sat,Mar,6,3,2024-03-09,12:14:26.458000,2024-03-09 12:14:26.458,2024,1,10,9,69,1,Coffee - Black,Standard,Lunch Time
13,card,38.7,Latte,Afternoon,Sat,Mar,6,3,2024-03-09,13:09:22.229000,2024-03-09 13:09:22.229,2024,1,10,9,69,1,Coffee - Milk,Premium,Lunch Time
13,card,33.8,Americano with Milk,Afternoon,Sat,Mar,6,3,2024-03-09,13:41:06.167000,2024-03-09 13:41:06.167,2024,1,10,9,69,1,Coffee - Milk,Mid-Range,Lunch Time
13,card,28.9,Cortado,Afternoon,Sat,Mar,6,3,2024-03-09,13:53:10.408000,2024-03-09 13:53:10.408,2024,1,10,9,69,1,Coffee - Milk,Standard,Lunch Time
13,card,38.7,Cappuccino,Afternoon,Sat,Mar,6,3,2024-03-09,13:54:36.828000,2024-03-09 13:54:36.828,2024,1,10,9,69,1,Coffee - Milk,Premium,Lunch Time
14,card,33.8,Americano with Milk,Afternoon,Sat,Mar,6,3,2024-03-09,14:08:01.829000,2024-03-09 14:08:01.829,2024,1,10,9,69,1,Coffee - Milk,Mid-Range,Lunch Time
14,card,38.7,Hot Chocolate,Afternoon,Sat,Mar,6,3,2024-03-09,14:26:52.873000,2024-03-09 14:26:52.873,2024,1,10,9,69,1,Non-Coffee,Premium,Lunch Time
19,card,38.7,Cappuccino,Night,Sat,Mar,6,3,2024-03-09,19:17:57.572000,2024-03-09 19:17:57.572,2024,1,10,9,69,1,Coffee - Milk,Premium,Evening
19,card,38.7,Hot Chocolate,Night,Sat,Mar,6,3,2024-03-09,19:19:10.084000,2024-03-09 19:19:10.084,2024,1,10,9,69,1,Non-Coffee,Premium,Evening
11,card,24.0,Espresso,Morning,Sun,Mar,7,3,2024-03-10,11:19:20.764000,2024-03-10 11:19:20.764,2024,1,10,10,70,1,Coffee - Black,Standard,Mid Morning
19,card,38.7,Latte,Night,Sun,Mar,7,3,2024-03-10,19:34:00.478000,2024-03-10 19:34:00.478,2024,1,10,10,70,1,Coffee - Milk,Premium,Evening
19,card,28.9,Cortado,Night,Sun,Mar,7,3,2024-03-10,19:35:54.712000,2024-03-10 19:35:54.712,2024,1,10,10,70,1,Coffee - Milk,Standard,Evening
11,card,38.7,Cappuccino,Morning,Mon,Mar,1,3,2024-03-11,11:32:58.781000,2024-03-11 11:32:58.781,2024,1,11,11,71,0,Coffee - Milk,Premium,Mid Morning
16,card,28.9,Americano,Afternoon,Mon,Mar,1,3,2024-03-11,16:24:26.401000,2024-03-11 16:24:26.401,2024,1,11,11,71,0,Coffee - Black,Standard,Afternoon
16,card,38.7,Latte,Afternoon,Mon,Mar,1,3,2024-03-11,16:25:45.664000,2024-03-11 16:25:45.664,2024,1,11,11,71,0,Coffee - Milk,Premium,Afternoon
16,card,28.9,Cortado,Afternoon,Mon,Mar,1,3,2024-03-11,16:50:49.608000,2024-03-11 16:50:49.608,2024,1,11,11,71,0,Coffee - Milk,Standard,Afternoon
10,card,28.9,Americano,Morning,Tue,Mar,2,3,2024-03-12,10:15:34.543000,2024-03-12 10:15:34.543,2024,1,11,12,72,0,Coffee - Black,Standard,Mid Morning
10,card,28.9,Cortado,Morning,Tue,Mar,2,3,2024-03-12,10:16:24.886000,2024-03-12 10:16:24.886,2024,1,11,12,72,0,Coffee - Milk,Standard,Mid Morning
11,card,38.7,Hot Chocolate,Morning,Tue,Mar,2,3,2024-03-12,11:20:45.632000,2024-03-12 11:20:45.632,2024,1,11,12,72,0,Non-Coffee,Premium,Mid Morning
12,card,33.8,Americano with Milk,Afternoon,Tue,Mar,2,3,2024-03-12,12:46:23.275000,2024-03-12 12:46:23.275,2024,1,11,12,72,0,Coffee - Milk,Mid-Range,Lunch Time
12,card,28.9,Americano,Afternoon,Tue,Mar,2,3,2024-03-12,12:47:26.027000,2024-03-12 12:47:26.027,2024,1,11,12,72,0,Coffee - Black,Standard,Lunch Time
16,card,28.9,Americano,Afternoon,Tue,Mar,2,3,2024-03-12,16:15:43.325000,2024-03-12 16:15:43.325,2024,1,11,12,72,0,Coffee - Black,Standard,Afternoon
11,card,38.7,Hot Chocolate,Morning,Wed,Mar,3,3,2024-03-13,11:06:43.038000,2024-03-13 11:06:43.038,2024,1,11,13,73,0,Non-Coffee,Premium,Mid Morning
11,card,28.9,Americano,Morning,Wed,Mar,3,3,2024-03-13,11:48:16.753000,2024-03-13 11:48:16.753,2024,1,11,13,73,0,Coffee - Black,Standard,Mid Morning
12,card,28.9,Americano,Afternoon,Wed,Mar,3,3,2024-03-13,12:18:06.336000,2024-03-13 12:18:06.336,2024,1,11,13,73,0,Coffee - Black,Standard,Lunch Time
12,card,28.9,Americano,Afternoon,Wed,Mar,3,3,2024-03-13,12:19:05.128000,2024-03-13 12:19:05.128,2024,1,11,13,73,0,Coffee - Black,Standard,Lunch Time
14,card,33.8,Americano with Milk,Afternoon,Wed,Mar,3,3,2024-03-13,14:26:40.875000,2024-03-13 14:26:40.875,2024,1,11,13,73,0,Coffee - Milk,Mid-Range,Lunch Time
15,card,24.0,Espresso,Afternoon,Wed,Mar,3,3,2024-03-13,15:40:22.261000,2024-03-13 15:40:22.261,2024,1,11,13,73,0,Coffee - Black,Standard,Afternoon
15,card,24.0,Espresso,Afternoon,Wed,Mar,3,3,2024-03-13,15:41:20.424000,2024-03-13 15:41:20.424,2024,1,11,13,73,0,Coffee - Black,Standard,Afternoon
16,card,24.0,Espresso,Afternoon,Wed,Mar,3,3,2024-03-13,16:47:09.373000,2024-03-13 16:47:09.373,2024,1,11,13,73,0,Coffee - Black,Standard,Afternoon
10,card,38.7,Latte,Morning,Thu,Mar,4,3,2024-03-14,10:28:33.017000,2024-03-14 10:28:33.017,2024,1,11,14,74,0,Coffee - Milk,Premium,Mid Morning
10,card,38.7,Hot Chocolate,Morning,Thu,Mar,4,3,2024-03-14,10:29:34.283000,2024-03-14 10:29:34.283,2024,1,11,14,74,0,Non-Coffee,Premium,Mid Morning
13,card,28.9,Cortado,Afternoon,Thu,Mar,4,3,2024-03-14,13:27:29.536000,2024-03-14 13:27:29.536,2024,1,11,14,74,0,Coffee - Milk,Standard,Lunch Time
13,card,28.9,Americano,Afternoon,Thu,Mar,4,3,2024-03-14,13:28:24.527000,2024-03-14 13:28:24.527,2024,1,11,14,74,0,Coffee - Black,Standard,Lunch Time
13,card,33.8,Americano with Milk,Afternoon,Thu,Mar,4,3,2024-03-14,13:51:59.905000,2024-03-14 13:51:59.905,2024,1,11,14,74,0,Coffee - Milk,Mid-Range,Lunch Time
13,card,24.0,Espresso,Afternoon,Thu,Mar,4,3,2024-03-14,13:52:56.248000,2024-03-14 13:52:56.248,2024,1,11,14,74,0,Coffee - Black,Standard,Lunch Time
15,card,38.7,Latte,Afternoon,Thu,Mar,4,3,2024-03-14,15:20:38.367000,2024-03-14 15:20:38.367,2024,1,11,14,74,0,Coffee - Milk,Premium,Afternoon
16,card,33.8,Americano with Milk,Afternoon,Thu,Mar,4,3,2024-03-14,16:04:09.506000,2024-03-14 16:04:09.506,2024,1,11,14,74,0,Coffee - Milk,Mid-Range,Afternoon
16,card,24.0,Espresso,Afternoon,Thu,Mar,4,3,2024-03-14,16:54:38.202000,2024-03-14 16:54:38.202,2024,1,11,14,74,0,Coffee - Black,Standard,Afternoon
18,card,38.7,Hot Chocolate,Night,Thu,Mar,4,3,2024-03-14,18:58:55.854000,2024-03-14 18:58:55.854,2024,1,11,14,74,0,Non-Coffee,Premium,Evening
19,card,28.9,Cortado,Night,Thu,Mar,4,3,2024-03-14,19:00:08.663000,2024-03-14 19:00:08.663,2024,1,11,14,74,0,Coffee - Milk,Standard,Evening
10,card,38.7,Hot Chocolate,Morning,Fri,Mar,5,3,2024-03-15,10:53:02.180000,2024-03-15 10:53:02.180,2024,1,11,15,75,0,Non-Coffee,Premium,Mid Morning
18,card,28.9,Americano,Night,Fri,Mar,5,3,2024-03-15,18:19:27.922000,2024-03-15 18:19:27.922,2024,1,11,15,75,0,Coffee - Black,Standard,Evening
12,card,33.8,Americano with Milk,Afternoon,Sat,Mar,6,3,2024-03-16,12:06:55.209000,2024-03-16 12:06:55.209,2024,1,11,16,76,1,Coffee - Milk,Mid-Range,Lunch Time
12,card,28.9,Americano,Afternoon,Sat,Mar,6,3,2024-03-16,12:07:53.915000,2024-03-16 12:07:53.915,2024,1,11,16,76,1,Coffee - Black,Standard,Lunch Time
15,card,28.9,Cortado,Afternoon,Sat,Mar,6,3,2024-03-16,15:58:18.458000,2024-03-16 15:58:18.458,2024,1,11,16,76,1,Coffee - Milk,Standard,Afternoon
16,card,28.9,Cortado,Afternoon,Sat,Mar,6,3,2024-03-16,16:03:21.738000,2024-03-16 16:03:21.738,2024,1,11,16,76,1,Coffee - Milk,Standard,Afternoon
16,card,28.9,Cortado,Afternoon,Sat,Mar,6,3,2024-03-16,16:04:11.444000,2024-03-16 16:04:11.444,2024,1,11,16,76,1,Coffee - Milk,Standard,Afternoon
17,card,33.8,Americano with Milk,Night,Sat,Mar,6,3,2024-03-16,17:58:07.241000,2024-03-16 17:58:07.241,2024,1,11,16,76,1,Coffee - Milk,Mid-Range,Afternoon
12,card,28.9,Cortado,Afternoon,Sun,Mar,7,3,2024-03-17,12:55:26.065000,2024-03-17 12:55:26.065,2024,1,11,17,77,1,Coffee - Milk,Standard,Lunch Time
11,card,28.9,Cortado,Morning,Mon,Mar,1,3,2024-03-18,11:17:59.671000,2024-03-18 11:17:59.671,2024,1,12,18,78,0,Coffee - Milk,Standard,Mid Morning
15,card,28.9,Americano,Afternoon,Mon,Mar,1,3,2024-03-18,15:31:39.725000,2024-03-18 15:31:39.725,2024,1,12,18,78,0,Coffee - Black,Standard,Afternoon
15,card,28.9,Americano,Afternoon,Mon,Mar,1,3,2024-03-18,15:32:38.239000,2024-03-18 15:32:38.239,2024,1,12,18,78,0,Coffee - Black,Standard,Afternoon
15,card,28.9,Americano,Afternoon,Mon,Mar,1,3,2024-03-18,15:33:36.708000,2024-03-18 15:33:36.708,2024,1,12,18,78,0,Coffee - Black,Standard,Afternoon
14,card,38.7,Latte,Afternoon,Tue,Mar,2,3,2024-03-19,14:02:21.536000,2024-03-19 14:02:21.536,2024,1,12,19,79,0,Coffee - Milk,Premium,Lunch Time
14,card,38.7,Latte,Afternoon,Tue,Mar,2,3,2024-03-19,14:03:19.765000,2024-03-19 14:03:19.765,2024,1,12,19,79,0,Coffee - Milk,Premium,Lunch Time
15,card,38.7,Hot Chocolate,Afternoon,Tue,Mar,2,3,2024-03-19,15:04:36.309000,2024-03-19 15:04:36.309,2024,1,12,19,79,0,Non-Coffee,Premium,Afternoon
16,card,33.8,Americano with Milk,Afternoon,Tue,Mar,2,3,2024-03-19,16:53:48.706000,2024-03-19 16:53:48.706,2024,1,12,19,79,0,Coffee - Milk,Mid-Range,Afternoon
11,card,28.9,Cortado,Morning,Wed,Mar,3,3,2024-03-20,11:41:16.403000,2024-03-20 11:41:16.403,2024,1,12,20,80,0,Coffee - Milk,Standard,Mid Morning
12,card,28.9,Cortado,Afternoon,Wed,Mar,3,3,2024-03-20,12:30:48.968000,2024-03-20 12:30:48.968,2024,1,12,20,80,0,Coffee - Milk,Standard,Lunch Time
13,card,38.7,Cappuccino,Afternoon,Wed,Mar,3,3,2024-03-20,13:16:47.394000,2024-03-20 13:16:47.394,2024,1,12,20,80,0,Coffee - Milk,Premium,Lunch Time
16,card,38.7,Cocoa,Afternoon,Wed,Mar,3,3,2024-03-20,16:42:38.117000,2024-03-20 16:42:38.117,2024,1,12,20,80,0,Non-Coffee,Premium,Afternoon
17,card,38.7,Latte,Night,Wed,Mar,3,3,2024-03-20,17:50:28.781000,2024-03-20 17:50:28.781,2024,1,12,20,80,0,Coffee - Milk,Premium,Afternoon
12,card,28.9,Cortado,Afternoon,Thu,Mar,4,3,2024-03-21,12:25:09.194000,2024-03-21 12:25:09.194,2024,1,12,21,81,0,Coffee - Milk,Standard,Lunch Time
12,card,38.7,Cappuccino,Afternoon,Thu,Mar,4,3,2024-03-21,12:26:17.428000,2024-03-21 12:26:17.428,2024,1,12,21,81,0,Coffee - Milk,Premium,Lunch Time
17,card,28.9,Cortado,Night,Thu,Mar,4,3,2024-03-21,17:22:01.353000,2024-03-21 17:22:01.353,2024,1,12,21,81,0,Coffee - Milk,Standard,Afternoon
19,card,38.7,Latte,Night,Thu,Mar,4,3,2024-03-21,19:20:36.508000,2024-03-21 19:20:36.508,2024,1,12,21,81,0,Coffee - Milk,Premium,Evening
10,card,33.8,Americano with Milk,Morning,Fri,Mar,5,3,2024-03-22,10:35:53.619000,2024-03-22 10:35:53.619,2024,1,12,22,82,0,Coffee - Milk,Mid-Range,Mid Morning
13,card,33.8,Americano with Milk,Afternoon,Fri,Mar,5,3,2024-03-22,13:29:20.343000,2024-03-22 13:29:20.343,2024,1,12,22,82,0,Coffee - Milk,Mid-Range,Lunch Time
17,card,28.9,Americano,Night,Fri,Mar,5,3,2024-03-22,17:17:03.724000,2024-03-22 17:17:03.724,2024,1,12,22,82,0,Coffee - Black,Standard,Afternoon
17,card,24.0,Espresso,Night,Fri,Mar,5,3,2024-03-22,17:17:58.991000,2024-03-22 17:17:58.991,2024,1,12,22,82,0,Coffee - Black,Standard,Afternoon
17,card,28.9,Americano,Night,Fri,Mar,5,3,2024-03-22,17:20:49.490000,2024-03-22 17:20:49.490,2024,1,12,22,82,0,Coffee - Black,Standard,Afternoon
10,card,38.7,Latte,Morning,Sat,Mar,6,3,2024-03-23,10:43:59.559000,2024-03-23 10:43:59.559,2024,1,12,23,83,1,Coffee - Milk,Premium,Mid Morning
10,card,33.8,Americano with Milk,Morning,Sat,Mar,6,3,2024-03-23,10:45:07.157000,2024-03-23 10:45:07.157,2024,1,12,23,83,1,Coffee - Milk,Mid-Range,Mid Morning
13,card,38.7,Cappuccino,Afternoon,Sat,Mar,6,3,2024-03-23,13:10:07.661000,2024-03-23 13:10:07.661,2024,1,12,23,83,1,Coffee - Milk,Premium,Lunch Time
13,card,38.7,Cocoa,Afternoon,Sat,Mar,6,3,2024-03-23,13:11:12.230000,2024-03-23 13:11:12.230,2024,1,12,23,83,1,Non-Coffee,Premium,Lunch Time
14,card,33.8,Americano with Milk,Afternoon,Sat,Mar,6,3,2024-03-23,14:44:41.276000,2024-03-23 14:44:41.276,2024,1,12,23,83,1,Coffee - Milk,Mid-Range,Lunch Time
15,card,38.7,Latte,Afternoon,Sat,Mar,6,3,2024-03-23,15:47:19.062000,2024-03-23 15:47:19.062,2024,1,12,23,83,1,Coffee - Milk,Premium,Afternoon
15,card,33.8,Americano with Milk,Afternoon,Sat,Mar,6,3,2024-03-23,15:49:33.813000,2024-03-23 15:49:33.813,2024,1,12,23,83,1,Coffee - Milk,Mid-Range,Afternoon
16,card,28.9,Cortado,Afternoon,Sat,Mar,6,3,2024-03-23,16:00:58.386000,2024-03-23 16:00:58.386,2024,1,12,23,83,1,Coffee - Milk,Standard,Afternoon
18,card,38.7,Latte,Night,Sun,Mar,7,3,2024-03-24,18:45:08.397000,2024-03-24 18:45:08.397,2024,1,12,24,84,1,Coffee - Milk,Premium,Evening
10,card,38.7,Latte,Morning,Mon,Mar,1,3,2024-03-25,10:31:47.250000,2024-03-25 10:31:47.250,2024,1,13,25,85,0,Coffee - Milk,Premium,Mid Morning
14,card,38.7,Latte,Afternoon,Mon,Mar,1,3,2024-03-25,14:27:09.163000,2024-03-25 14:27:09.163,2024,1,13,25,85,0,Coffee - Milk,Premium,Lunch Time
14,card,38.7,Latte,Afternoon,Mon,Mar,1,3,2024-03-25,14:29:25.343000,2024-03-25 14:29:25.343,2024,1,13,25,85,0,Coffee - Milk,Premium,Lunch Time
18,card,33.8,Americano with Milk,Night,Mon,Mar,1,3,2024-03-25,18:37:30.650000,2024-03-25 18:37:30.650,2024,1,13,25,85,0,Coffee - Milk,Mid-Range,Evening
19,card,38.7,Cappuccino,Night,Mon,Mar,1,3,2024-03-25,19:34:24.542000,2024-03-25 19:34:24.542,2024,1,13,25,85,0,Coffee - Milk,Premium,Evening
10,card,38.7,Cocoa,Morning,Tue,Mar,2,3,2024-03-26,10:35:49.679000,2024-03-26 10:35:49.679,2024,1,13,26,86,0,Non-Coffee,Premium,Mid Morning
10,card,38.7,Latte,Morning,Tue,Mar,2,3,2024-03-26,10:36:36.151000,2024-03-26 10:36:36.151,2024,1,13,26,86,0,Coffee - Milk,Premium,Mid Morning
10,card,38.7,Latte,Morning,Tue,Mar,2,3,2024-03-26,10:42:30.170000,2024-03-26 10:42:30.170,2024,1,13,26,86,0,Coffee - Milk,Premium,Mid Morning
11,card,28.9,Cortado,Morning,Tue,Mar,2,3,2024-03-26,11:11:47.335000,2024-03-26 11:11:47.335,2024,1,13,26,86,0,Coffee - Milk,Standard,Mid Morning
13,card,28.9,Americano,Afternoon,Tue,Mar,2,3,2024-03-26,13:35:52.773000,2024-03-26 13:35:52.773,2024,1,13,26,86,0,Coffee - Black,Standard,Lunch Time
13,card,28.9,Cortado,Afternoon,Tue,Mar,2,3,2024-03-26,13:36:49.644000,2024-03-26 13:36:49.644,2024,1,13,26,86,0,Coffee - Milk,Standard,Lunch Time
13,card,28.9,Cortado,Afternoon,Tue,Mar,2,3,2024-03-26,13:37:59.723000,2024-03-26 13:37:59.723,2024,1,13,26,86,0,Coffee - Milk,Standard,Lunch Time
13,card,28.9,Americano,Afternoon,Tue,Mar,2,3,2024-03-26,13:57:53.677000,2024-03-26 13:57:53.677,2024,1,13,26,86,0,Coffee - Black,Standard,Lunch Time
15,card,38.7,Latte,Afternoon,Tue,Mar,2,3,2024-03-26,15:48:02.270000,2024-03-26 15:48:02.270,2024,1,13,26,86,0,Coffee - Milk,Premium,Afternoon
18,card,38.7,Latte,Night,Tue,Mar,2,3,2024-03-26,18:33:38.568000,2024-03-26 18:33:38.568,2024,1,13,26,86,0,Coffee - Milk,Premium,Evening
18,card,38.7,Hot Chocolate,Night,Tue,Mar,2,3,2024-03-26,18:34:54.648000,2024-03-26 18:34:54.648,2024,1,13,26,86,0,Non-Coffee,Premium,Evening
11,card,28.9,Cortado,Morning,Wed,Mar,3,3,2024-03-27,11:04:51.174000,2024-03-27 11:04:51.174,2024,1,13,27,87,0,Coffee - Milk,Standard,Mid Morning
11,card,33.8,Americano with Milk,Morning,Wed,Mar,3,3,2024-03-27,11:05:58.236000,2024-03-27 11:05:58.236,2024,1,13,27,87,0,Coffee - Milk,Mid-Range,Mid Morning
12,card,33.8,Americano with Milk,Afternoon,Wed,Mar,3,3,2024-03-27,12:57:00.462000,2024-03-27 12:57:00.462,2024,1,13,27,87,0,Coffee - Milk,Mid-Range,Lunch Time
13,card,38.7,Hot Chocolate,Afternoon,Wed,Mar,3,3,2024-03-27,13:35:20.039000,2024-03-27 13:35:20.039,2024,1,13,27,87,0,Non-Coffee,Premium,Lunch Time
14,card,38.7,Cappuccino,Afternoon,Wed,Mar,3,3,2024-03-27,14:22:31.662000,2024-03-27 14:22:31.662,2024,1,13,27,87,0,Coffee - Milk,Premium,Lunch Time
14,card,28.9,Americano,Afternoon,Wed,Mar,3,3,2024-03-27,14:23:35.380000,2024-03-27 14:23:35.380,2024,1,13,27,87,0,Coffee - Black,Standard,Lunch Time
18,card,28.9,Cortado,Night,Wed,Mar,3,3,2024-03-27,18:30:11.833000,2024-03-27 18:30:11.833,2024,1,13,27,87,0,Coffee - Milk,Standard,Evening
14,card,28.9,Cortado,Afternoon,Thu,Mar,4,3,2024-03-28,14:24:47.092000,2024-03-28 14:24:47.092,2024,1,13,28,88,0,Coffee - Milk,Standard,Lunch Time
17,card,28.9,Cortado,Night,Thu,Mar,4,3,2024-03-28,17:24:46.244000,2024-03-28 17:24:46.244,2024,1,13,28,88,0,Coffee - Milk,Standard,Afternoon
17,card,28.9,Americano,Night,Thu,Mar,4,3,2024-03-28,17:27:05.304000,2024-03-28 17:27:05.304,2024,1,13,28,88,0,Coffee - Black,Standard,Afternoon
17,card,38.7,Latte,Night,Thu,Mar,4,3,2024-03-28,17:32:44.652000,2024-03-28 17:32:44.652,2024,1,13,28,88,0,Coffee - Milk,Premium,Afternoon
10,card,38.7,Latte,Morning,Fri,Mar,5,3,2024-03-29,10:56:19.495000,2024-03-29 10:56:19.495,2024,1,13,29,89,0,Coffee - Milk,Premium,Mid Morning
12,card,38.7,Cappuccino,Afternoon,Fri,Mar,5,3,2024-03-29,12:34:17.383000,2024-03-29 12:34:17.383,2024,1,13,29,89,0,Coffee - Milk,Premium,Lunch Time
12,card,38.7,Cappuccino,Afternoon,Fri,Mar,5,3,2024-03-29,12:41:32.125000,2024-03-29 12:41:32.125,2024,1,13,29,89,0,Coffee - Milk,Premium,Lunch Time
11,card,38.7,Latte,Morning,Sat,Mar,6,3,2024-03-30,11:59:19.854000,2024-03-30 11:59:19.854,2024,1,13,30,90,1,Coffee - Milk,Premium,Mid Morning
16,card,38.7,Latte,Afternoon,Sat,Mar,6,3,2024-03-30,16:12:31.786000,2024-03-30 16:12:31.786,2024,1,13,30,90,1,Coffee - Milk,Premium,Afternoon
16,card,38.7,Latte,Afternoon,Sat,Mar,6,3,2024-03-30,16:36:40.513000,2024-03-30 16:36:40.513,2024,1,13,30,90,1,Coffee - Milk,Premium,Afternoon
16,card,33.8,Americano with Milk,Afternoon,Sat,Mar,6,3,2024-03-30,16:37:57.553000,2024-03-30 16:37:57.553,2024,1,13,30,90,1,Coffee - Milk,Mid-Range,Afternoon
10,card,38.7,Cappuccino,Morning,Sun,Mar,7,3,2024-03-31,10:40:04.523000,2024-03-31 10:40:04.523,2024,1,13,31,91,1,Coffee - Milk,Premium,Mid Morning
10,card,28.9,Americano,Morning,Mon,Apr,1,4,2024-04-01,10:28:47.601000,2024-04-01 10:28:47.601,2024,2,14,1,92,0,Coffee - Black,Standard,Mid Morning
10,card,33.8,Americano with Milk,Morning,Mon,Apr,1,4,2024-04-01,10:29:42.318000,2024-04-01 10:29:42.318,2024,2,14,1,92,0,Coffee - Milk,Mid-Range,Mid Morning
10,card,33.8,Americano with Milk,Morning,Mon,Apr,1,4,2024-04-01,10:30:43.735000,2024-04-01 10:30:43.735,2024,2,14,1,92,0,Coffee - Milk,Mid-Range,Mid Morning
11,card,33.8,Americano with Milk,Morning,Mon,Apr,1,4,2024-04-01,11:15:43.836000,2024-04-01 11:15:43.836,2024,2,14,1,92,0,Coffee - Milk,Mid-Range,Mid Morning
18,card,33.8,Americano with Milk,Night,Mon,Apr,1,4,2024-04-01,18:18:42.372000,2024-04-01 18:18:42.372,2024,2,14,1,92,0,Coffee - Milk,Mid-Range,Evening
18,card,38.7,Hot Chocolate,Night,Mon,Apr,1,4,2024-04-01,18:45:27.436000,2024-04-01 18:45:27.436,2024,2,14,1,92,0,Non-Coffee,Premium,Evening
10,card,38.7,Latte,Morning,Tue,Apr,2,4,2024-04-02,10:01:14.022000,2024-04-02 10:01:14.022,2024,2,14,2,93,0,Coffee - Milk,Premium,Mid Morning
16,card,28.9,Americano,Afternoon,Tue,Apr,2,4,2024-04-02,16:18:34.169000,2024-04-02 16:18:34.169,2024,2,14,2,93,0,Coffee - Black,Standard,Afternoon
16,card,28.9,Cortado,Afternoon,Tue,Apr,2,4,2024-04-02,16:19:28.460000,2024-04-02 16:19:28.460,2024,2,14,2,93,0,Coffee - Milk,Standard,Afternoon
10,card,28.9,Cortado,Morning,Wed,Apr,3,4,2024-04-03,10:19:13.644000,2024-04-03 10:19:13.644,2024,2,14,3,94,0,Coffee - Milk,Standard,Mid Morning
10,card,28.9,Americano,Morning,Wed,Apr,3,4,2024-04-03,10:20:07.655000,2024-04-03 10:20:07.655,2024,2,14,3,94,0,Coffee - Black,Standard,Mid Morning
13,card,38.7,Cappuccino,Afternoon,Wed,Apr,3,4,2024-04-03,13:12:05.367000,2024-04-03 13:12:05.367,2024,2,14,3,94,0,Coffee - Milk,Premium,Lunch Time
10,card,38.7,Latte,Morning,Thu,Apr,4,4,2024-04-04,10:44:55.988000,2024-04-04 10:44:55.988,2024,2,14,4,95,0,Coffee - Milk,Premium,Mid Morning
11,card,38.7,Latte,Morning,Thu,Apr,4,4,2024-04-04,11:26:38.085000,2024-04-04 11:26:38.085,2024,2,14,4,95,0,Coffee - Milk,Premium,Mid Morning
11,card,38.7,Cappuccino,Morning,Thu,Apr,4,4,2024-04-04,11:27:48.411000,2024-04-04 11:27:48.411,2024,2,14,4,95,0,Coffee - Milk,Premium,Mid Morning
12,card,28.9,Cortado,Afternoon,Thu,Apr,4,4,2024-04-04,12:23:02.216000,2024-04-04 12:23:02.216,2024,2,14,4,95,0,Coffee - Milk,Standard,Lunch Time
10,card,28.9,Americano,Morning,Fri,Apr,5,4,2024-04-05,10:40:42.728000,2024-04-05 10:40:42.728,2024,2,14,5,96,0,Coffee - Black,Standard,Mid Morning
10,card,28.9,Americano,Morning,Fri,Apr,5,4,2024-04-05,10:42:06.204000,2024-04-05 10:42:06.204,2024,2,14,5,96,0,Coffee - Black,Standard,Mid Morning
11,card,28.9,Cortado,Morning,Fri,Apr,5,4,2024-04-05,11:06:14.643000,2024-04-05 11:06:14.643,2024,2,14,5,96,0,Coffee - Milk,Standard,Mid Morning
12,card,33.8,Americano with Milk,Afternoon,Fri,Apr,5,4,2024-04-05,12:14:27.975000,2024-04-05 12:14:27.975,2024,2,14,5,96,0,Coffee - Milk,Mid-Range,Lunch Time
14,card,38.7,Latte,Afternoon,Fri,Apr,5,4,2024-04-05,14:23:40.387000,2024-04-05 14:23:40.387,2024,2,14,5,96,0,Coffee - Milk,Premium,Lunch Time
14,card,28.9,Cortado,Afternoon,Fri,Apr,5,4,2024-04-05,14:24:50.417000,2024-04-05 14:24:50.417,2024,2,14,5,96,0,Coffee - Milk,Standard,Lunch Time
16,card,24.0,Espresso,Afternoon,Fri,Apr,5,4,2024-04-05,16:18:23.558000,2024-04-05 16:18:23.558,2024,2,14,5,96,0,Coffee - Black,Standard,Afternoon
12,card,33.8,Americano with Milk,Afternoon,Sat,Apr,6,4,2024-04-06,12:32:31.398000,2024-04-06 12:32:31.398,2024,2,14,6,97,1,Coffee - Milk,Mid-Range,Lunch Time
14,card,38.7,Cappuccino,Afternoon,Sat,Apr,6,4,2024-04-06,14:13:18.733000,2024-04-06 14:13:18.733,2024,2,14,6,97,1,Coffee - Milk,Premium,Lunch Time
14,card,28.9,Americano,Afternoon,Sat,Apr,6,4,2024-04-06,14:14:27.029000,2024-04-06 14:14:27.029,2024,2,14,6,97,1,Coffee - Black,Standard,Lunch Time
14,card,38.7,Latte,Afternoon,Sat,Apr,6,4,2024-04-06,14:49:50.183000,2024-04-06 14:49:50.183,2024,2,14,6,97,1,Coffee - Milk,Premium,Lunch Time
10,card,38.7,Latte,Morning,Sun,Apr,7,4,2024-04-07,10:12:53.204000,2024-04-07 10:12:53.204,2024,2,14,7,98,1,Coffee - Milk,Premium,Mid Morning
12,card,38.7,Cappuccino,Afternoon,Sun,Apr,7,4,2024-04-07,12:44:31.936000,2024-04-07 12:44:31.936,2024,2,14,7,98,1,Coffee - Milk,Premium,Lunch Time
12,card,38.7,Cappuccino,Afternoon,Sun,Apr,7,4,2024-04-07,12:46:05.118000,2024-04-07 12:46:05.118,2024,2,14,7,98,1,Coffee - Milk,Premium,Lunch Time
14,card,28.9,Cortado,Afternoon,Sun,Apr,7,4,2024-04-07,14:16:24.949000,2024-04-07 14:16:24.949,2024,2,14,7,98,1,Coffee - Milk,Standard,Lunch Time
14,card,24.0,Espresso,Afternoon,Sun,Apr,7,4,2024-04-07,14:17:30.628000,2024-04-07 14:17:30.628,2024,2,14,7,98,1,Coffee - Black,Standard,Lunch Time
18,card,38.7,Hot Chocolate,Night,Sun,Apr,7,4,2024-04-07,18:01:16.608000,2024-04-07 18:01:16.608,2024,2,14,7,98,1,Non-Coffee,Premium,Evening
18,card,33.8,Americano with Milk,Night,Sun,Apr,7,4,2024-04-07,18:02:03.878000,2024-04-07 18:02:03.878,2024,2,14,7,98,1,Coffee - Milk,Mid-Range,Evening
10,card,33.8,Americano with Milk,Morning,Mon,Apr,1,4,2024-04-08,10:58:21.106000,2024-04-08 10:58:21.106,2024,2,15,8,99,0,Coffee - Milk,Mid-Range,Mid Morning
10,card,38.7,Cappuccino,Morning,Mon,Apr,1,4,2024-04-08,10:59:27.558000,2024-04-08 10:59:27.558,2024,2,15,8,99,0,Coffee - Milk,Premium,Mid Morning
11,card,28.9,Americano,Morning,Mon,Apr,1,4,2024-04-08,11:01:20.464000,2024-04-08 11:01:20.464,2024,2,15,8,99,0,Coffee - Black,Standard,Mid Morning
11,card,38.7,Cappuccino,Morning,Mon,Apr,1,4,2024-04-08,11:04:47.030000,2024-04-08 11:04:47.030,2024,2,15,8,99,0,Coffee - Milk,Premium,Mid Morning
16,card,38.7,Latte,Afternoon,Mon,Apr,1,4,2024-04-08,16:41:37.806000,2024-04-08 16:41:37.806,2024,2,15,8,99,0,Coffee - Milk,Premium,Afternoon
18,card,28.9,Americano,Night,Mon,Apr,1,4,2024-04-08,18:18:09.713000,2024-04-08 18:18:09.713,2024,2,15,8,99,0,Coffee - Black,Standard,Evening
19,card,33.8,Americano with Milk,Night,Mon,Apr,1,4,2024-04-08,19:22:27.477000,2024-04-08 19:22:27.477,2024,2,15,8,99,0,Coffee - Milk,Mid-Range,Evening
19,card,38.7,Cappuccino,Night,Mon,Apr,1,4,2024-04-08,19:23:59.268000,2024-04-08 19:23:59.268,2024,2,15,8,99,0,Coffee - Milk,Premium,Evening
11,card,38.7,Latte,Morning,Tue,Apr,2,4,2024-04-09,11:42:28.468000,2024-04-09 11:42:28.468,2024,2,15,9,100,0,Coffee - Milk,Premium,Mid Morning
15,card,38.7,Hot Chocolate,Afternoon,Tue,Apr,2,4,2024-04-09,15:11:48.720000,2024-04-09 15:11:48.720,2024,2,15,9,100,0,Non-Coffee,Premium,Afternoon
17,card,38.7,Hot Chocolate,Night,Tue,Apr,2,4,2024-04-09,17:25:23.936000,2024-04-09 17:25:23.936,2024,2,15,9,100,0,Non-Coffee,Premium,Afternoon
17,card,24.0,Espresso,Night,Wed,Apr,3,4,2024-04-10,17:55:31.244000,2024-04-10 17:55:31.244,2024,2,15,10,101,0,Coffee - Black,Standard,Afternoon
18,card,38.7,Cappuccino,Night,Wed,Apr,3,4,2024-04-10,18:24:59.290000,2024-04-10 18:24:59.290,2024,2,15,10,101,0,Coffee - Milk,Premium,Evening
20,card,38.7,Latte,Night,Wed,Apr,3,4,2024-04-10,20:04:05.386000,2024-04-10 20:04:05.386,2024,2,15,10,101,0,Coffee - Milk,Premium,Evening
10,card,28.9,Americano,Morning,Thu,Apr,4,4,2024-04-11,10:41:23.155000,2024-04-11 10:41:23.155,2024,2,15,11,102,0,Coffee - Black,Standard,Mid Morning
10,card,28.9,Americano,Morning,Thu,Apr,4,4,2024-04-11,10:42:59.365000,2024-04-11 10:42:59.365,2024,2,15,11,102,0,Coffee - Black,Standard,Mid Morning
16,card,38.7,Latte,Afternoon,Thu,Apr,4,4,2024-04-11,16:35:23.069000,2024-04-11 16:35:23.069,2024,2,15,11,102,0,Coffee - Milk,Premium,Afternoon
19,card,38.7,Cappuccino,Night,Thu,Apr,4,4,2024-04-11,19:16:56.588000,2024-04-11 19:16:56.588,2024,2,15,11,102,0,Coffee - Milk,Premium,Evening
19,card,33.8,Americano with Milk,Night,Thu,Apr,4,4,2024-04-11,19:18:36.619000,2024-04-11 19:18:36.619,2024,2,15,11,102,0,Coffee - Milk,Mid-Range,Evening
19,card,38.7,Hot Chocolate,Night,Fri,Apr,5,4,2024-04-12,19:03:43.403000,2024-04-12 19:03:43.403,2024,2,15,12,103,0,Non-Coffee,Premium,Evening
19,card,28.9,Cortado,Night,Fri,Apr,5,4,2024-04-12,19:38:23.189000,2024-04-12 19:38:23.189,2024,2,15,12,103,0,Coffee - Milk,Standard,Evening
12,card,38.7,Latte,Afternoon,Sat,Apr,6,4,2024-04-13,12:29:19.823000,2024-04-13 12:29:19.823,2024,2,15,13,104,1,Coffee - Milk,Premium,Lunch Time
12,card,28.9,Americano,Afternoon,Sat,Apr,6,4,2024-04-13,12:43:02.389000,2024-04-13 12:43:02.389,2024,2,15,13,104,1,Coffee - Black,Standard,Lunch Time
16,card,38.7,Cappuccino,Afternoon,Sat,Apr,6,4,2024-04-13,16:18:03.938000,2024-04-13 16:18:03.938,2024,2,15,13,104,1,Coffee - Milk,Premium,Afternoon
16,card,38.7,Latte,Afternoon,Sat,Apr,6,4,2024-04-13,16:19:39.799000,2024-04-13 16:19:39.799,2024,2,15,13,104,1,Coffee - Milk,Premium,Afternoon
17,card,38.7,Cappuccino,Night,Sat,Apr,6,4,2024-04-13,17:51:26.026000,2024-04-13 17:51:26.026,2024,2,15,13,104,1,Coffee - Milk,Premium,Afternoon
17,card,38.7,Cappuccino,Night,Sat,Apr,6,4,2024-04-13,17:53:19.237000,2024-04-13 17:53:19.237,2024,2,15,13,104,1,Coffee - Milk,Premium,Afternoon
12,card,38.7,Cappuccino,Afternoon,Sun,Apr,7,4,2024-04-14,12:24:39.028000,2024-04-14 12:24:39.028,2024,2,15,14,105,1,Coffee - Milk,Premium,Lunch Time
13,card,28.9,Cortado,Afternoon,Sun,Apr,7,4,2024-04-14,13:21:49.808000,2024-04-14 13:21:49.808,2024,2,15,14,105,1,Coffee - Milk,Standard,Lunch Time
14,card,28.9,Americano,Afternoon,Sun,Apr,7,4,2024-04-14,14:23:31.631000,2024-04-14 14:23:31.631,2024,2,15,14,105,1,Coffee - Black,Standard,Lunch Time
14,card,28.9,Americano,Afternoon,Sun,Apr,7,4,2024-04-14,14:24:26.930000,2024-04-14 14:24:26.930,2024,2,15,14,105,1,Coffee - Black,Standard,Lunch Time
14,card,28.9,Americano,Afternoon,Sun,Apr,7,4,2024-04-14,14:25:18.122000,2024-04-14 14:25:18.122,2024,2,15,14,105,1,Coffee - Black,Standard,Lunch Time
15,card,38.7,Cappuccino,Afternoon,Sun,Apr,7,4,2024-04-14,15:46:27.733000,2024-04-14 15:46:27.733,2024,2,15,14,105,1,Coffee - Milk,Premium,Afternoon
16,card,28.9,Cortado,Afternoon,Sun,Apr,7,4,2024-04-14,16:59:54.823000,2024-04-14 16:59:54.823,2024,2,15,14,105,1,Coffee - Milk,Standard,Afternoon
17,card,38.7,Latte,Night,Sun,Apr,7,4,2024-04-14,17:00:45.387000,2024-04-14 17:00:45.387,2024,2,15,14,105,1,Coffee - Milk,Premium,Afternoon
18,card,38.7,Cappuccino,Night,Sun,Apr,7,4,2024-04-14,18:38:19.649000,2024-04-14 18:38:19.649,2024,2,15,14,105,1,Coffee - Milk,Premium,Evening
11,card,28.9,Americano,Morning,Mon,Apr,1,4,2024-04-15,11:45:24.619000,2024-04-15 11:45:24.619,2024,2,16,15,106,0,Coffee - Black,Standard,Mid Morning
17,card,28.9,Americano,Night,Mon,Apr,1,4,2024-04-15,17:01:46.359000,2024-04-15 17:01:46.359,2024,2,16,15,106,0,Coffee - Black,Standard,Afternoon
17,card,33.8,Americano with Milk,Night,Mon,Apr,1,4,2024-04-15,17:02:49.748000,2024-04-15 17:02:49.748,2024,2,16,15,106,0,Coffee - Milk,Mid-Range,Afternoon
19,card,33.8,Americano with Milk,Night,Mon,Apr,1,4,2024-04-15,19:33:03.036000,2024-04-15 19:33:03.036,2024,2,16,15,106,0,Coffee - Milk,Mid-Range,Evening
10,card,33.8,Americano with Milk,Morning,Tue,Apr,2,4,2024-04-16,10:46:25.706000,2024-04-16 10:46:25.706,2024,2,16,16,107,0,Coffee - Milk,Mid-Range,Mid Morning
12,card,38.7,Cocoa,Afternoon,Tue,Apr,2,4,2024-04-16,12:40:47.675000,2024-04-16 12:40:47.675,2024,2,16,16,107,0,Non-Coffee,Premium,Lunch Time
12,card,28.9,Cortado,Afternoon,Tue,Apr,2,4,2024-04-16,12:52:07.750000,2024-04-16 12:52:07.750,2024,2,16,16,107,0,Coffee - Milk,Standard,Lunch Time
15,card,28.9,Americano,Afternoon,Tue,Apr,2,4,2024-04-16,15:03:16.889000,2024-04-16 15:03:16.889,2024,2,16,16,107,0,Coffee - Black,Standard,Afternoon
17,card,33.8,Americano with Milk,Night,Tue,Apr,2,4,2024-04-16,17:42:04.208000,2024-04-16 17:42:04.208,2024,2,16,16,107,0,Coffee - Milk,Mid-Range,Afternoon
17,card,38.7,Cappuccino,Night,Tue,Apr,2,4,2024-04-16,17:43:22.960000,2024-04-16 17:43:22.960,2024,2,16,16,107,0,Coffee - Milk,Premium,Afternoon
18,card,38.7,Cocoa,Night,Tue,Apr,2,4,2024-04-16,18:09:05.273000,2024-04-16 18:09:05.273,2024,2,16,16,107,0,Non-Coffee,Premium,Evening
13,card,28.9,Americano,Afternoon,Wed,Apr,3,4,2024-04-17,13:32:59.792000,2024-04-17 13:32:59.792,2024,2,16,17,108,0,Coffee - Black,Standard,Lunch Time
13,card,24.0,Espresso,Afternoon,Wed,Apr,3,4,2024-04-17,13:44:00.181000,2024-04-17 13:44:00.181,2024,2,16,17,108,0,Coffee - Black,Standard,Lunch Time
17,card,38.7,Cappuccino,Night,Wed,Apr,3,4,2024-04-17,17:01:35.149000,2024-04-17 17:01:35.149,2024,2,16,17,108,0,Coffee - Milk,Premium,Afternoon
17,card,38.7,Cappuccino,Night,Wed,Apr,3,4,2024-04-17,17:02:40.687000,2024-04-17 17:02:40.687,2024,2,16,17,108,0,Coffee - Milk,Premium,Afternoon
18,card,28.9,Cortado,Night,Wed,Apr,3,4,2024-04-17,18:14:03.229000,2024-04-17 18:14:03.229,2024,2,16,17,108,0,Coffee - Milk,Standard,Evening
11,card,28.9,Americano,Morning,Thu,Apr,4,4,2024-04-18,11:19:01.693000,2024-04-18 11:19:01.693,2024,2,16,18,109,0,Coffee - Black,Standard,Mid Morning
11,card,28.9,Americano,Morning,Thu,Apr,4,4,2024-04-18,11:20:05.696000,2024-04-18 11:20:05.696,2024,2,16,18,109,0,Coffee - Black,Standard,Mid Morning
13,card,33.8,Americano with Milk,Afternoon,Thu,Apr,4,4,2024-04-18,13:49:12.720000,2024-04-18 13:49:12.720,2024,2,16,18,109,0,Coffee - Milk,Mid-Range,Lunch Time
13,card,28.9,Cortado,Afternoon,Thu,Apr,4,4,2024-04-18,13:50:17.285000,2024-04-18 13:50:17.285,2024,2,16,18,109,0,Coffee - Milk,Standard,Lunch Time
14,card,38.7,Cappuccino,Afternoon,Thu,Apr,4,4,2024-04-18,14:34:19.818000,2024-04-18 14:34:19.818,2024,2,16,18,109,0,Coffee - Milk,Premium,Lunch Time
14,card,38.7,Latte,Afternoon,Thu,Apr,4,4,2024-04-18,14:35:49.354000,2024-04-18 14:35:49.354,2024,2,16,18,109,0,Coffee - Milk,Premium,Lunch Time
17,card,38.7,Latte,Night,Thu,Apr,4,4,2024-04-18,17:44:15.791000,2024-04-18 17:44:15.791,2024,2,16,18,109,0,Coffee - Milk,Premium,Afternoon
18,card,38.7,Cappuccino,Night,Thu,Apr,4,4,2024-04-18,18:21:05.945000,2024-04-18 18:21:05.945,2024,2,16,18,109,0,Coffee - Milk,Premium,Evening
19,card,38.7,Hot Chocolate,Night,Thu,Apr,4,4,2024-04-18,19:39:51.193000,2024-04-18 19:39:51.193,2024,2,16,18,109,0,Non-Coffee,Premium,Evening
19,card,38.7,Hot Chocolate,Night,Thu,Apr,4,4,2024-04-18,19:40:48.954000,2024-04-18 19:40:48.954,2024,2,16,18,109,0,Non-Coffee,Premium,Evening
10,card,38.7,Latte,Morning,Fri,Apr,5,4,2024-04-19,10:10:36.254000,2024-04-19 10:10:36.254,2024,2,16,19,110,0,Coffee - Milk,Premium,Mid Morning
13,card,33.8,Americano with Milk,Afternoon,Fri,Apr,5,4,2024-04-19,13:11:47.848000,2024-04-19 13:11:47.848,2024,2,16,19,110,0,Coffee - Milk,Mid-Range,Lunch Time
13,card,38.7,Cappuccino,Afternoon,Fri,Apr,5,4,2024-04-19,13:13:20.876000,2024-04-19 13:13:20.876,2024,2,16,19,110,0,Coffee - Milk,Premium,Lunch Time
13,card,38.7,Hot Chocolate,Afternoon,Fri,Apr,5,4,2024-04-19,13:58:54.064000,2024-04-19 13:58:54.064,2024,2,16,19,110,0,Non-Coffee,Premium,Lunch Time
13,card,38.7,Cappuccino,Afternoon,Fri,Apr,5,4,2024-04-19,13:59:49.690000,2024-04-19 13:59:49.690,2024,2,16,19,110,0,Coffee - Milk,Premium,Lunch Time
18,card,38.7,Cocoa,Night,Fri,Apr,5,4,2024-04-19,18:23:19.311000,2024-04-19 18:23:19.311,2024,2,16,19,110,0,Non-Coffee,Premium,Evening
18,card,33.8,Americano with Milk,Night,Fri,Apr,5,4,2024-04-19,18:25:33.440000,2024-04-19 18:25:33.440,2024,2,16,19,110,0,Coffee - Milk,Mid-Range,Evening
12,card,33.8,Americano with Milk,Afternoon,Sat,Apr,6,4,2024-04-20,12:08:35.701000,2024-04-20 12:08:35.701,2024,2,16,20,111,1,Coffee - Milk,Mid-Range,Lunch Time
12,card,33.8,Americano with Milk,Afternoon,Sat,Apr,6,4,2024-04-20,12:09:42.664000,2024-04-20 12:09:42.664,2024,2,16,20,111,1,Coffee - Milk,Mid-Range,Lunch Time
13,card,28.9,Americano,Afternoon,Sat,Apr,6,4,2024-04-20,13:08:37.378000,2024-04-20 13:08:37.378,2024,2,16,20,111,1,Coffee - Black,Standard,Lunch Time
13,card,33.8,Americano with Milk,Afternoon,Sat,Apr,6,4,2024-04-20,13:09:47.905000,2024-04-20 13:09:47.905,2024,2,16,20,111,1,Coffee - Milk,Mid-Range,Lunch Time
13,card,38.7,Hot Chocolate,Afternoon,Sat,Apr,6,4,2024-04-20,13:10:55.151000,2024-04-20 13:10:55.151,2024,2,16,20,111,1,Non-Coffee,Premium,Lunch Time
14,card,38.7,Cappuccino,Afternoon,Sat,Apr,6,4,2024-04-20,14:44:18.118000,2024-04-20 14:44:18.118,2024,2,16,20,111,1,Coffee - Milk,Premium,Lunch Time
15,card,33.8,Americano with Milk,Afternoon,Sat,Apr,6,4,2024-04-20,15:11:00.330000,2024-04-20 15:11:00.330,2024,2,16,20,111,1,Coffee - Milk,Mid-Range,Afternoon
15,card,32.82,Americano with Milk,Afternoon,Sat,Apr,6,4,2024-04-20,15:22:40.717000,2024-04-20 15:22:40.717,2024,2,16,20,111,1,Coffee - Milk,Mid-Range,Afternoon
15,card,32.82,Americano with Milk,Afternoon,Sat,Apr,6,4,2024-04-20,15:49:25.148000,2024-04-20 15:49:25.148,2024,2,16,20,111,1,Coffee - Milk,Mid-Range,Afternoon
18,card,37.72,Cappuccino,Night,Sat,Apr,6,4,2024-04-20,18:27:41.496000,2024-04-20 18:27:41.496,2024,2,16,20,111,1,Coffee - Milk,Premium,Evening
18,card,37.72,Cappuccino,Night,Sat,Apr,6,4,2024-04-20,18:28:46.900000,2024-04-20 18:28:46.900,2024,2,16,20,111,1,Coffee - Milk,Premium,Evening
19,card,37.72,Latte,Night,Sat,Apr,6,4,2024-04-20,19:30:55.317000,2024-04-20 19:30:55.317,2024,2,16,20,111,1,Coffee - Milk,Premium,Evening
11,card,37.72,Latte,Morning,Sun,Apr,7,4,2024-04-21,11:16:45.707000,2024-04-21 11:16:45.707,2024,2,16,21,112,1,Coffee - Milk,Premium,Mid Morning
14,card,27.92,Americano,Afternoon,Sun,Apr,7,4,2024-04-21,14:15:37.541000,2024-04-21 14:15:37.541,2024,2,16,21,112,1,Coffee - Black,Standard,Lunch Time
11,card,27.92,Americano,Morning,Mon,Apr,1,4,2024-04-22,11:09:16.412000,2024-04-22 11:09:16.412,2024,2,17,22,113,0,Coffee - Black,Standard,Mid Morning
11,card,32.82,Americano with Milk,Morning,Mon,Apr,1,4,2024-04-22,11:29:27.099000,2024-04-22 11:29:27.099,2024,2,17,22,113,0,Coffee - Milk,Mid-Range,Mid Morning
19,card,37.72,Latte,Night,Mon,Apr,1,4,2024-04-22,19:39:04.759000,2024-04-22 19:39:04.759,2024,2,17,22,113,0,Coffee - Milk,Premium,Evening
14,card,37.72,Cappuccino,Afternoon,Tue,Apr,2,4,2024-04-23,14:22:35.995000,2024-04-23 14:22:35.995,2024,2,17,23,114,0,Coffee - Milk,Premium,Lunch Time
14,card,32.82,Americano with Milk,Afternoon,Tue,Apr,2,4,2024-04-23,14:23:53.144000,2024-04-23 14:23:53.144,2024,2,17,23,114,0,Coffee - Milk,Mid-Range,Lunch Time
14,card,37.72,Cappuccino,Afternoon,Tue,Apr,2,4,2024-04-23,14:24:57.515000,2024-04-23 14:24:57.515,2024,2,17,23,114,0,Coffee - Milk,Premium,Lunch Time
19,card,32.82,Americano with Milk,Night,Tue,Apr,2,4,2024-04-23,19:42:27.765000,2024-04-23 19:42:27.765,2024,2,17,23,114,0,Coffee - Milk,Mid-Range,Evening
19,card,32.82,Americano with Milk,Night,Tue,Apr,2,4,2024-04-23,19:43:26.234000,2024-04-23 19:43:26.234,2024,2,17,23,114,0,Coffee - Milk,Mid-Range,Evening
10,card,37.72,Latte,Morning,Wed,Apr,3,4,2024-04-24,10:19:38.346000,2024-04-24 10:19:38.346,2024,2,17,24,115,0,Coffee - Milk,Premium,Mid Morning
10,card,32.82,Americano with Milk,Morning,Wed,Apr,3,4,2024-04-24,10:21:27.287000,2024-04-24 10:21:27.287,2024,2,17,24,115,0,Coffee - Milk,Mid-Range,Mid Morning
11,card,32.82,Americano with Milk,Morning,Wed,Apr,3,4,2024-04-24,11:23:46.102000,2024-04-24 11:23:46.102,2024,2,17,24,115,0,Coffee - Milk,Mid-Range,Mid Morning
11,card,32.82,Americano with Milk,Morning,Wed,Apr,3,4,2024-04-24,11:33:26.347000,2024-04-24 11:33:26.347,2024,2,17,24,115,0,Coffee - Milk,Mid-Range,Mid Morning
12,card,32.82,Americano with Milk,Afternoon,Wed,Apr,3,4,2024-04-24,12:39:09.298000,2024-04-24 12:39:09.298,2024,2,17,24,115,0,Coffee - Milk,Mid-Range,Lunch Time
16,card,32.82,Americano with Milk,Afternoon,Wed,Apr,3,4,2024-04-24,16:39:07.423000,2024-04-24 16:39:07.423,2024,2,17,24,115,0,Coffee - Milk,Mid-Range,Afternoon
19,card,32.82,Americano with Milk,Night,Wed,Apr,3,4,2024-04-24,19:39:49.983000,2024-04-24 19:39:49.983,2024,2,17,24,115,0,Coffee - Milk,Mid-Range,Evening
19,card,37.72,Cappuccino,Night,Wed,Apr,3,4,2024-04-24,19:40:54.031000,2024-04-24 19:40:54.031,2024,2,17,24,115,0,Coffee - Milk,Premium,Evening
10,card,27.92,Americano,Morning,Thu,Apr,4,4,2024-04-25,10:46:08.057000,2024-04-25 10:46:08.057,2024,2,17,25,116,0,Coffee - Black,Standard,Mid Morning
15,card,37.72,Latte,Afternoon,Thu,Apr,4,4,2024-04-25,15:18:26.971000,2024-04-25 15:18:26.971,2024,2,17,25,116,0,Coffee - Milk,Premium,Afternoon
17,card,27.92,Americano,Night,Thu,Apr,4,4,2024-04-25,17:09:43.534000,2024-04-25 17:09:43.534,2024,2,17,25,116,0,Coffee - Black,Standard,Afternoon
17,card,27.92,Americano,Night,Thu,Apr,4,4,2024-04-25,17:10:49.153000,2024-04-25 17:10:49.153,2024,2,17,25,116,0,Coffee - Black,Standard,Afternoon
10,card,37.72,Latte,Morning,Fri,Apr,5,4,2024-04-26,10:12:50.618000,2024-04-26 10:12:50.618,2024,2,17,26,117,0,Coffee - Milk,Premium,Mid Morning
12,card,37.72,Latte,Afternoon,Fri,Apr,5,4,2024-04-26,12:01:30.580000,2024-04-26 12:01:30.580,2024,2,17,26,117,0,Coffee - Milk,Premium,Lunch Time
13,card,37.72,Cappuccino,Afternoon,Fri,Apr,5,4,2024-04-26,13:31:28.297000,2024-04-26 13:31:28.297,2024,2,17,26,117,0,Coffee - Milk,Premium,Lunch Time
15,card,27.92,Americano,Afternoon,Fri,Apr,5,4,2024-04-26,15:32:35.390000,2024-04-26 15:32:35.390,2024,2,17,26,117,0,Coffee - Black,Standard,Afternoon
15,card,27.92,Americano,Afternoon,Fri,Apr,5,4,2024-04-26,15:33:33.132000,2024-04-26 15:33:33.132,2024,2,17,26,117,0,Coffee - Black,Standard,Afternoon
16,card,27.92,Cortado,Afternoon,Fri,Apr,5,4,2024-04-26,16:23:26.514000,2024-04-26 16:23:26.514,2024,2,17,26,117,0,Coffee - Milk,Standard,Afternoon
16,card,27.92,Americano,Afternoon,Fri,Apr,5,4,2024-04-26,16:24:33.800000,2024-04-26 16:24:33.800,2024,2,17,26,117,0,Coffee - Black,Standard,Afternoon
19,card,37.72,Hot Chocolate,Night,Fri,Apr,5,4,2024-04-26,19:32:07.112000,2024-04-26 19:32:07.112,2024,2,17,26,117,0,Non-Coffee,Premium,Evening
19,card,37.72,Cocoa,Night,Fri,Apr,5,4,2024-04-26,19:33:30.220000,2024-04-26 19:33:30.220,2024,2,17,26,117,0,Non-Coffee,Premium,Evening
15,card,37.72,Cappuccino,Afternoon,Sat,Apr,6,4,2024-04-27,15:27:00.680000,2024-04-27 15:27:00.680,2024,2,17,27,118,1,Coffee - Milk,Premium,Afternoon
10,card,37.72,Latte,Morning,Sun,Apr,7,4,2024-04-28,10:32:52.479000,2024-04-28 10:32:52.479,2024,2,17,28,119,1,Coffee - Milk,Premium,Mid Morning
12,card,37.72,Cappuccino,Afternoon,Sun,Apr,7,4,2024-04-28,12:30:09.749000,2024-04-28 12:30:09.749,2024,2,17,28,119,1,Coffee - Milk,Premium,Lunch Time
18,card,27.92,Americano,Night,Sun,Apr,7,4,2024-04-28,18:27:08.230000,2024-04-28 18:27:08.230,2024,2,17,28,119,1,Coffee - Black,Standard,Evening
18,card,27.92,Americano,Night,Sun,Apr,7,4,2024-04-28,18:28:11.411000,2024-04-28 18:28:11.411,2024,2,17,28,119,1,Coffee - Black,Standard,Evening
18,card,37.72,Latte,Night,Sun,Apr,7,4,2024-04-28,18:29:02.374000,2024-04-28 18:29:02.374,2024,2,17,28,119,1,Coffee - Milk,Premium,Evening
11,card,27.92,Cortado,Morning,Mon,Apr,1,4,2024-04-29,11:26:31.871000,2024-04-29 11:26:31.871,2024,2,18,29,120,0,Coffee - Milk,Standard,Mid Morning
13,card,27.92,Americano,Afternoon,Mon,Apr,1,4,2024-04-29,13:27:56.949000,2024-04-29 13:27:56.949,2024,2,18,29,120,0,Coffee - Black,Standard,Lunch Time
13,card,27.92,Cortado,Afternoon,Mon,Apr,1,4,2024-04-29,13:28:53.899000,2024-04-29 13:28:53.899,2024,2,18,29,120,0,Coffee - Milk,Standard,Lunch Time
13,card,27.92,Cortado,Afternoon,Mon,Apr,1,4,2024-04-29,13:53:35.730000,2024-04-29 13:53:35.730,2024,2,18,29,120,0,Coffee - Milk,Standard,Lunch Time
13,card,32.82,Americano with Milk,Afternoon,Mon,Apr,1,4,2024-04-29,13:54:24.357000,2024-04-29 13:54:24.357,2024,2,18,29,120,0,Coffee - Milk,Mid-Range,Lunch Time
18,card,37.72,Cappuccino,Night,Mon,Apr,1,4,2024-04-29,18:37:48.406000,2024-04-29 18:37:48.406,2024,2,18,29,120,0,Coffee - Milk,Premium,Evening
19,card,37.72,Cappuccino,Night,Mon,Apr,1,4,2024-04-29,19:12:33.194000,2024-04-29 19:12:33.194,2024,2,18,29,120,0,Coffee - Milk,Premium,Evening
19,card,37.72,Cappuccino,Night,Mon,Apr,1,4,2024-04-29,19:13:37.878000,2024-04-29 19:13:37.878,2024,2,18,29,120,0,Coffee - Milk,Premium,Evening
10,card,37.72,Latte,Morning,Tue,Apr,2,4,2024-04-30,10:16:41.493000,2024-04-30 10:16:41.493,2024,2,18,30,121,0,Coffee - Milk,Premium,Mid Morning
10,card,32.82,Americano with Milk,Morning,Tue,Apr,2,4,2024-04-30,10:34:52.250000,2024-04-30 10:34:52.250,2024,2,18,30,121,0,Coffee - Milk,Mid-Range,Mid Morning
10,card,32.82,Americano with Milk,Morning,Tue,Apr,2,4,2024-04-30,10:35:47.617000,2024-04-30 10:35:47.617,2024,2,18,30,121,0,Coffee - Milk,Mid-Range,Mid Morning
13,card,27.92,Americano,Afternoon,Tue,Apr,2,4,2024-04-30,13:41:52.325000,2024-04-30 13:41:52.325,2024,2,18,30,121,0,Coffee - Black,Standard,Lunch Time
13,card,32.82,Americano with Milk,Afternoon,Tue,Apr,2,4,2024-04-30,13:42:59.977000,2024-04-30 13:42:59.977,2024,2,18,30,121,0,Coffee - Milk,Mid-Range,Lunch Time
19,card,37.72,Cappuccino,Night,Tue,Apr,2,4,2024-04-30,19:19:18.139000,2024-04-30 19:19:18.139,2024,2,18,30,121,0,Coffee - Milk,Premium,Evening
19,card,32.82,Americano with Milk,Night,Tue,Apr,2,4,2024-04-30,19:30:04.003000,2024-04-30 19:30:04.003,2024,2,18,30,121,0,Coffee - Milk,Mid-Range,Evening
19,card,37.72,Latte,Night,Tue,Apr,2,4,2024-04-30,19:31:20.952000,2024-04-30 19:31:20.952,2024,2,18,30,121,0,Coffee - Milk,Premium,Evening
10,card,27.92,Americano,Morning,Thu,May,4,5,2024-05-02,10:33:55.746000,2024-05-02 10:33:55.746,2024,2,18,2,123,0,Coffee - Black,Standard,Mid Morning
13,card,32.82,Americano with Milk,Afternoon,Thu,May,4,5,2024-05-02,13:49:39.898000,2024-05-02 13:49:39.898,2024,2,18,2,123,0,Coffee - Milk,Mid-Range,Lunch Time
18,card,37.72,Cappuccino,Night,Thu,May,4,5,2024-05-02,18:36:22.138000,2024-05-02 18:36:22.138,2024,2,18,2,123,0,Coffee - Milk,Premium,Evening
18,card,32.82,Americano with Milk,Night,Thu,May,4,5,2024-05-02,18:41:11.220000,2024-05-02 18:41:11.220,2024,2,18,2,123,0,Coffee - Milk,Mid-Range,Evening
19,card,37.72,Latte,Night,Thu,May,4,5,2024-05-02,19:18:33.084000,2024-05-02 19:18:33.084,2024,2,18,2,123,0,Coffee - Milk,Premium,Evening
19,card,37.72,Cappuccino,Night,Thu,May,4,5,2024-05-02,19:19:56.359000,2024-05-02 19:19:56.359,2024,2,18,2,123,0,Coffee - Milk,Premium,Evening
14,card,37.72,Latte,Afternoon,Fri,May,5,5,2024-05-03,14:30:00.923000,2024-05-03 14:30:00.923,2024,2,18,3,124,0,Coffee - Milk,Premium,Lunch Time
17,card,37.72,Latte,Night,Fri,May,5,5,2024-05-03,17:03:24.905000,2024-05-03 17:03:24.905,2024,2,18,3,124,0,Coffee - Milk,Premium,Afternoon
10,card,27.92,Americano,Morning,Mon,May,1,5,2024-05-06,10:05:17.920000,2024-05-06 10:05:17.920,2024,2,19,6,127,0,Coffee - Black,Standard,Mid Morning
10,card,37.72,Cappuccino,Morning,Mon,May,1,5,2024-05-06,10:06:51.625000,2024-05-06 10:06:51.625,2024,2,19,6,127,0,Coffee - Milk,Premium,Mid Morning
10,card,32.82,Americano with Milk,Morning,Mon,May,1,5,2024-05-06,10:08:05.863000,2024-05-06 10:08:05.863,2024,2,19,6,127,0,Coffee - Milk,Mid-Range,Mid Morning
10,card,27.92,Americano,Morning,Mon,May,1,5,2024-05-06,10:09:07.977000,2024-05-06 10:09:07.977,2024,2,19,6,127,0,Coffee - Black,Standard,Mid Morning
10,card,27.92,Cortado,Morning,Mon,May,1,5,2024-05-06,10:39:12.641000,2024-05-06 10:39:12.641,2024,2,19,6,127,0,Coffee - Milk,Standard,Mid Morning
13,card,27.92,Cortado,Afternoon,Mon,May,1,5,2024-05-06,13:18:10.990000,2024-05-06 13:18:10.990,2024,2,19,6,127,0,Coffee - Milk,Standard,Lunch Time
13,card,27.92,Americano,Afternoon,Mon,May,1,5,2024-05-06,13:19:00.811000,2024-05-06 13:19:00.811,2024,2,19,6,127,0,Coffee - Black,Standard,Lunch Time
19,card,37.72,Cappuccino,Night,Mon,May,1,5,2024-05-06,19:18:12.989000,2024-05-06 19:18:12.989,2024,2,19,6,127,0,Coffee - Milk,Premium,Evening
19,card,37.72,Cappuccino,Night,Mon,May,1,5,2024-05-06,19:19:49.548000,2024-05-06 19:19:49.548,2024,2,19,6,127,0,Coffee - Milk,Premium,Evening
10,card,37.72,Cocoa,Morning,Tue,May,2,5,2024-05-07,10:44:55.582000,2024-05-07 10:44:55.582,2024,2,19,7,128,0,Non-Coffee,Premium,Mid Morning
11,card,27.92,Cortado,Morning,Tue,May,2,5,2024-05-07,11:21:58.493000,2024-05-07 11:21:58.493,2024,2,19,7,128,0,Coffee - Milk,Standard,Mid Morning
13,card,27.92,Cortado,Afternoon,Tue,May,2,5,2024-05-07,13:23:34.943000,2024-05-07 13:23:34.943,2024,2,19,7,128,0,Coffee - Milk,Standard,Lunch Time
16,card,37.72,Cocoa,Afternoon,Tue,May,2,5,2024-05-07,16:42:07.900000,2024-05-07 16:42:07.900,2024,2,19,7,128,0,Non-Coffee,Premium,Afternoon
16,card,27.92,Americano,Afternoon,Tue,May,2,5,2024-05-07,16:55:38.805000,2024-05-07 16:55:38.805,2024,2,19,7,128,0,Coffee - Black,Standard,Afternoon
17,card,37.72,Cappuccino,Night,Tue,May,2,5,2024-05-07,17:37:46.412000,2024-05-07 17:37:46.412,2024,2,19,7,128,0,Coffee - Milk,Premium,Afternoon
17,card,37.72,Latte,Night,Tue,May,2,5,2024-05-07,17:38:48.195000,2024-05-07 17:38:48.195,2024,2,19,7,128,0,Coffee - Milk,Premium,Afternoon
19,card,37.72,Cappuccino,Night,Tue,May,2,5,2024-05-07,19:12:12.524000,2024-05-07 19:12:12.524,2024,2,19,7,128,0,Coffee - Milk,Premium,Evening
19,card,37.72,Cappuccino,Night,Tue,May,2,5,2024-05-07,19:13:12.195000,2024-05-07 19:13:12.195,2024,2,19,7,128,0,Coffee - Milk,Premium,Evening
10,card,37.72,Latte,Morning,Wed,May,3,5,2024-05-08,10:07:28.863000,2024-05-08 10:07:28.863,2024,2,19,8,129,0,Coffee - Milk,Premium,Mid Morning
12,card,37.72,Cappuccino,Afternoon,Thu,May,4,5,2024-05-09,12:54:21.812000,2024-05-09 12:54:21.812,2024,2,19,9,130,0,Coffee - Milk,Premium,Lunch Time
13,card,27.92,Americano,Afternoon,Thu,May,4,5,2024-05-09,13:03:58.556000,2024-05-09 13:03:58.556,2024,2,19,9,130,0,Coffee - Black,Standard,Lunch Time
13,card,37.72,Latte,Afternoon,Thu,May,4,5,2024-05-09,13:04:57.647000,2024-05-09 13:04:57.647,2024,2,19,9,130,0,Coffee - Milk,Premium,Lunch Time
13,card,37.72,Latte,Afternoon,Thu,May,4,5,2024-05-09,13:06:11.261000,2024-05-09 13:06:11.261,2024,2,19,9,130,0,Coffee - Milk,Premium,Lunch Time
13,card,37.72,Latte,Afternoon,Thu,May,4,5,2024-05-09,13:07:16.409000,2024-05-09 13:07:16.409,2024,2,19,9,130,0,Coffee - Milk,Premium,Lunch Time
16,card,27.92,Americano,Afternoon,Thu,May,4,5,2024-05-09,16:55:14.601000,2024-05-09 16:55:14.601,2024,2,19,9,130,0,Coffee - Black,Standard,Afternoon
16,card,27.92,Americano,Afternoon,Thu,May,4,5,2024-05-09,16:56:14.989000,2024-05-09 16:56:14.989,2024,2,19,9,130,0,Coffee - Black,Standard,Afternoon
18,card,27.92,Americano,Night,Thu,May,4,5,2024-05-09,18:01:29.895000,2024-05-09 18:01:29.895,2024,2,19,9,130,0,Coffee - Black,Standard,Evening
18,card,32.82,Americano with Milk,Night,Thu,May,4,5,2024-05-09,18:13:56.226000,2024-05-09 18:13:56.226,2024,2,19,9,130,0,Coffee - Milk,Mid-Range,Evening
15,card,37.72,Latte,Afternoon,Fri,May,5,5,2024-05-10,15:46:21.511000,2024-05-10 15:46:21.511,2024,2,19,10,131,0,Coffee - Milk,Premium,Afternoon
15,card,37.72,Latte,Afternoon,Fri,May,5,5,2024-05-10,15:47:32.508000,2024-05-10 15:47:32.508,2024,2,19,10,131,0,Coffee - Milk,Premium,Afternoon
11,card,37.72,Latte,Morning,Sat,May,6,5,2024-05-11,11:39:52.878000,2024-05-11 11:39:52.878,2024,2,19,11,132,1,Coffee - Milk,Premium,Mid Morning
17,card,32.82,Americano with Milk,Night,Sat,May,6,5,2024-05-11,17:20:30.398000,2024-05-11 17:20:30.398,2024,2,19,11,132,1,Coffee - Milk,Mid-Range,Afternoon
17,card,37.72,Cocoa,Night,Sat,May,6,5,2024-05-11,17:21:56.117000,2024-05-11 17:21:56.117,2024,2,19,11,132,1,Non-Coffee,Premium,Afternoon
17,card,37.72,Cappuccino,Night,Sat,May,6,5,2024-05-11,17:23:57.301000,2024-05-11 17:23:57.301,2024,2,19,11,132,1,Coffee - Milk,Premium,Afternoon
17,card,32.82,Americano with Milk,Night,Sat,May,6,5,2024-05-11,17:28:54.132000,2024-05-11 17:28:54.132,2024,2,19,11,132,1,Coffee - Milk,Mid-Range,Afternoon
18,card,37.72,Cappuccino,Night,Sat,May,6,5,2024-05-11,18:35:40.257000,2024-05-11 18:35:40.257,2024,2,19,11,132,1,Coffee - Milk,Premium,Evening
19,card,37.72,Latte,Night,Sat,May,6,5,2024-05-11,19:38:16.096000,2024-05-11 19:38:16.096,2024,2,19,11,132,1,Coffee - Milk,Premium,Evening
10,card,37.72,Latte,Morning,Sun,May,7,5,2024-05-12,10:20:42.512000,2024-05-12 10:20:42.512,2024,2,19,12,133,1,Coffee - Milk,Premium,Mid Morning
13,card,37.72,Latte,Afternoon,Sun,May,7,5,2024-05-12,13:24:03.465000,2024-05-12 13:24:03.465,2024,2,19,12,133,1,Coffee - Milk,Premium,Lunch Time
13,card,27.92,Americano,Afternoon,Sun,May,7,5,2024-05-12,13:27:39.043000,2024-05-12 13:27:39.043,2024,2,19,12,133,1,Coffee - Black,Standard,Lunch Time
15,card,37.72,Latte,Afternoon,Sun,May,7,5,2024-05-12,15:16:19.815000,2024-05-12 15:16:19.815,2024,2,19,12,133,1,Coffee - Milk,Premium,Afternoon
15,card,32.82,Americano with Milk,Afternoon,Sun,May,7,5,2024-05-12,15:38:02.422000,2024-05-12 15:38:02.422,2024,2,19,12,133,1,Coffee - Milk,Mid-Range,Afternoon
15,card,32.82,Americano with Milk,Afternoon,Sun,May,7,5,2024-05-12,15:52:14.871000,2024-05-12 15:52:14.871,2024,2,19,12,133,1,Coffee - Milk,Mid-Range,Afternoon
16,card,32.82,Americano with Milk,Afternoon,Sun,May,7,5,2024-05-12,16:04:21.133000,2024-05-12 16:04:21.133,2024,2,19,12,133,1,Coffee - Milk,Mid-Range,Afternoon
19,card,32.82,Americano with Milk,Night,Sun,May,7,5,2024-05-12,19:41:30.569000,2024-05-12 19:41:30.569,2024,2,19,12,133,1,Coffee - Milk,Mid-Range,Evening
11,card,32.82,Americano with Milk,Morning,Mon,May,1,5,2024-05-13,11:03:53.348000,2024-05-13 11:03:53.348,2024,2,20,13,134,0,Coffee - Milk,Mid-Range,Mid Morning
8,card,27.92,Americano,Morning,Tue,May,2,5,2024-05-14,08:38:14.581000,2024-05-14 08:38:14.581,2024,2,20,14,135,0,Coffee - Black,Standard,Early Morning
8,card,27.92,Americano,Morning,Tue,May,2,5,2024-05-14,08:39:25.455000,2024-05-14 08:39:25.455,2024,2,20,14,135,0,Coffee - Black,Standard,Early Morning
8,card,27.92,Americano,Morning,Tue,May,2,5,2024-05-14,08:40:17.484000,2024-05-14 08:40:17.484,2024,2,20,14,135,0,Coffee - Black,Standard,Early Morning
10,card,37.72,Cappuccino,Morning,Tue,May,2,5,2024-05-14,10:19:23.174000,2024-05-14 10:19:23.174,2024,2,20,14,135,0,Coffee - Milk,Premium,Mid Morning
11,card,37.72,Latte,Morning,Tue,May,2,5,2024-05-14,11:32:29.372000,2024-05-14 11:32:29.372,2024,2,20,14,135,0,Coffee - Milk,Premium,Mid Morning
11,card,37.72,Cappuccino,Morning,Tue,May,2,5,2024-05-14,11:34:12.851000,2024-05-14 11:34:12.851,2024,2,20,14,135,0,Coffee - Milk,Premium,Mid Morning
14,card,37.72,Cappuccino,Afternoon,Tue,May,2,5,2024-05-14,14:04:54.580000,2024-05-14 14:04:54.580,2024,2,20,14,135,0,Coffee - Milk,Premium,Lunch Time
14,card,32.82,Americano with Milk,Afternoon,Tue,May,2,5,2024-05-14,14:06:00.378000,2024-05-14 14:06:00.378,2024,2,20,14,135,0,Coffee - Milk,Mid-Range,Lunch Time
15,card,27.92,Americano,Afternoon,Tue,May,2,5,2024-05-14,15:01:54.785000,2024-05-14 15:01:54.785,2024,2,20,14,135,0,Coffee - Black,Standard,Afternoon
16,card,32.82,Americano with Milk,Afternoon,Tue,May,2,5,2024-05-14,16:57:57.224000,2024-05-14 16:57:57.224,2024,2,20,14,135,0,Coffee - Milk,Mid-Range,Afternoon
16,card,37.72,Cappuccino,Afternoon,Tue,May,2,5,2024-05-14,16:59:10.194000,2024-05-14 16:59:10.194,2024,2,20,14,135,0,Coffee - Milk,Premium,Afternoon
22,card,37.72,Hot Chocolate,Night,Tue,May,2,5,2024-05-14,22:51:25.227000,2024-05-14 22:51:25.227,2024,2,20,14,135,0,Non-Coffee,Premium,Evening
8,card,37.72,Latte,Morning,Wed,May,3,5,2024-05-15,08:40:05.661000,2024-05-15 08:40:05.661,2024,2,20,15,136,0,Coffee - Milk,Premium,Early Morning
11,card,23.02,Espresso,Morning,Wed,May,3,5,2024-05-15,11:14:19.353000,2024-05-15 11:14:19.353,2024,2,20,15,136,0,Coffee - Black,Standard,Mid Morning
11,card,27.92,Americano,Morning,Wed,May,3,5,2024-05-15,11:19:10.049000,2024-05-15 11:19:10.049,2024,2,20,15,136,0,Coffee - Black,Standard,Mid Morning
13,card,27.92,Americano,Afternoon,Wed,May,3,5,2024-05-15,13:34:35.102000,2024-05-15 13:34:35.102,2024,2,20,15,136,0,Coffee - Black,Standard,Lunch Time
13,card,27.92,Americano,Afternoon,Wed,May,3,5,2024-05-15,13:35:29.171000,2024-05-15 13:35:29.171,2024,2,20,15,136,0,Coffee - Black,Standard,Lunch Time
13,card,27.92,Americano,Afternoon,Wed,May,3,5,2024-05-15,13:36:27.339000,2024-05-15 13:36:27.339,2024,2,20,15,136,0,Coffee - Black,Standard,Lunch Time
13,card,32.82,Americano with Milk,Afternoon,Wed,May,3,5,2024-05-15,13:55:28.999000,2024-05-15 13:55:28.999,2024,2,20,15,136,0,Coffee - Milk,Mid-Range,Lunch Time
14,card,27.92,Cortado,Afternoon,Wed,May,3,5,2024-05-15,14:38:52.347000,2024-05-15 14:38:52.347,2024,2,20,15,136,0,Coffee - Milk,Standard,Lunch Time
14,card,27.92,Cortado,Afternoon,Wed,May,3,5,2024-05-15,14:39:44.367000,2024-05-15 14:39:44.367,2024,2,20,15,136,0,Coffee - Milk,Standard,Lunch Time
17,card,23.02,Espresso,Night,Wed,May,3,5,2024-05-15,17:28:58.620000,2024-05-15 17:28:58.620,2024,2,20,15,136,0,Coffee - Black,Standard,Afternoon
20,card,37.72,Cappuccino,Night,Wed,May,3,5,2024-05-15,20:20:34.769000,2024-05-15 20:20:34.769,2024,2,20,15,136,0,Coffee - Milk,Premium,Evening
10,card,32.82,Americano with Milk,Morning,Thu,May,4,5,2024-05-16,10:38:42.458000,2024-05-16 10:38:42.458,2024,2,20,16,137,0,Coffee - Milk,Mid-Range,Mid Morning
10,card,32.82,Americano with Milk,Morning,Thu,May,4,5,2024-05-16,10:39:49.431000,2024-05-16 10:39:49.431,2024,2,20,16,137,0,Coffee - Milk,Mid-Range,Mid Morning
12,card,32.82,Americano with Milk,Afternoon,Thu,May,4,5,2024-05-16,12:14:00.097000,2024-05-16 12:14:00.097,2024,2,20,16,137,0,Coffee - Milk,Mid-Range,Lunch Time
15,card,37.72,Hot Chocolate,Afternoon,Thu,May,4,5,2024-05-16,15:15:16.315000,2024-05-16 15:15:16.315,2024,2,20,16,137,0,Non-Coffee,Premium,Afternoon
17,card,37.72,Latte,Night,Thu,May,4,5,2024-05-16,17:44:31.548000,2024-05-16 17:44:31.548,2024,2,20,16,137,0,Coffee - Milk,Premium,Afternoon
18,card,37.72,Hot Chocolate,Night,Thu,May,4,5,2024-05-16,18:12:56.934000,2024-05-16 18:12:56.934,2024,2,20,16,137,0,Non-Coffee,Premium,Evening
18,card,37.72,Latte,Night,Thu,May,4,5,2024-05-16,18:13:58.191000,2024-05-16 18:13:58.191,2024,2,20,16,137,0,Coffee - Milk,Premium,Evening
9,card,27.92,Americano,Morning,Fri,May,5,5,2024-05-17,09:00:48.456000,2024-05-17 09:00:48.456,2024,2,20,17,138,0,Coffee - Black,Standard,Mid Morning
11,card,32.82,Americano with Milk,Morning,Fri,May,5,5,2024-05-17,11:30:27.553000,2024-05-17 11:30:27.553,2024,2,20,17,138,0,Coffee - Milk,Mid-Range,Mid Morning
19,card,32.82,Americano with Milk,Night,Fri,May,5,5,2024-05-17,19:55:18.534000,2024-05-17 19:55:18.534,2024,2,20,17,138,0,Coffee - Milk,Mid-Range,Evening
19,card,37.72,Cappuccino,Night,Fri,May,5,5,2024-05-17,19:56:46.751000,2024-05-17 19:56:46.751,2024,2,20,17,138,0,Coffee - Milk,Premium,Evening
20,card,37.72,Cappuccino,Night,Fri,May,5,5,2024-05-17,20:37:52.930000,2024-05-17 20:37:52.930,2024,2,20,17,138,0,Coffee - Milk,Premium,Evening
22,card,27.92,Americano,Night,Fri,May,5,5,2024-05-17,22:34:50.797000,2024-05-17 22:34:50.797,2024,2,20,17,138,0,Coffee - Black,Standard,Evening
22,card,37.72,Latte,Night,Fri,May,5,5,2024-05-17,22:36:33.357000,2024-05-17 22:36:33.357,2024,2,20,17,138,0,Coffee - Milk,Premium,Evening
22,card,37.72,Latte,Night,Fri,May,5,5,2024-05-17,22:37:42.821000,2024-05-17 22:37:42.821,2024,2,20,17,138,0,Coffee - Milk,Premium,Evening
8,card,37.72,Cappuccino,Morning,Sat,May,6,5,2024-05-18,08:01:37.898000,2024-05-18 08:01:37.898,2024,2,20,18,139,1,Coffee - Milk,Premium,Early Morning
8,card,37.72,Cappuccino,Morning,Sat,May,6,5,2024-05-18,08:02:39.959000,2024-05-18 08:02:39.959,2024,2,20,18,139,1,Coffee - Milk,Premium,Early Morning
11,card,32.82,Americano with Milk,Morning,Sat,May,6,5,2024-05-18,11:15:56.089000,2024-05-18 11:15:56.089,2024,2,20,18,139,1,Coffee - Milk,Mid-Range,Mid Morning
16,card,32.82,Americano with Milk,Afternoon,Sat,May,6,5,2024-05-18,16:48:29.374000,2024-05-18 16:48:29.374,2024,2,20,18,139,1,Coffee - Milk,Mid-Range,Afternoon
16,card,32.82,Americano with Milk,Afternoon,Sat,May,6,5,2024-05-18,16:49:27.131000,2024-05-18 16:49:27.131,2024,2,20,18,139,1,Coffee - Milk,Mid-Range,Afternoon
19,card,32.82,Americano with Milk,Night,Sat,May,6,5,2024-05-18,19:58:44.210000,2024-05-18 19:58:44.210,2024,2,20,18,139,1,Coffee - Milk,Mid-Range,Evening
20,card,37.72,Latte,Night,Sat,May,6,5,2024-05-18,20:22:53.111000,2024-05-18 20:22:53.111,2024,2,20,18,139,1,Coffee - Milk,Premium,Evening
7,card,27.92,Americano,Morning,Sun,May,7,5,2024-05-19,07:58:38.312000,2024-05-19 07:58:38.312,2024,2,20,19,140,1,Coffee - Black,Standard,Early Morning
7,card,27.92,Americano,Morning,Sun,May,7,5,2024-05-19,07:59:33.549000,2024-05-19 07:59:33.549,2024,2,20,19,140,1,Coffee - Black,Standard,Early Morning
8,card,37.72,Cappuccino,Morning,Sun,May,7,5,2024-05-19,08:00:35.061000,2024-05-19 08:00:35.061,2024,2,20,19,140,1,Coffee - Milk,Premium,Early Morning
12,card,32.82,Americano with Milk,Afternoon,Sun,May,7,5,2024-05-19,12:14:26.676000,2024-05-19 12:14:26.676,2024,2,20,19,140,1,Coffee - Milk,Mid-Range,Lunch Time
14,card,27.92,Americano,Afternoon,Sun,May,7,5,2024-05-19,14:43:40.049000,2024-05-19 14:43:40.049,2024,2,20,19,140,1,Coffee - Black,Standard,Lunch Time
15,card,32.82,Americano with Milk,Afternoon,Sun,May,7,5,2024-05-19,15:58:58.192000,2024-05-19 15:58:58.192,2024,2,20,19,140,1,Coffee - Milk,Mid-Range,Afternoon
18,card,32.82,Americano with Milk,Night,Sun,May,7,5,2024-05-19,18:12:36.304000,2024-05-19 18:12:36.304,2024,2,20,19,140,1,Coffee - Milk,Mid-Range,Evening
18,card,23.02,Espresso,Night,Sun,May,7,5,2024-05-19,18:13:47.762000,2024-05-19 18:13:47.762,2024,2,20,19,140,1,Coffee - Black,Standard,Evening
18,card,37.72,Hot Chocolate,Night,Sun,May,7,5,2024-05-19,18:16:30.022000,2024-05-19 18:16:30.022,2024,2,20,19,140,1,Non-Coffee,Premium,Evening
19,card,37.72,Cappuccino,Night,Sun,May,7,5,2024-05-19,19:51:06.979000,2024-05-19 19:51:06.979,2024,2,20,19,140,1,Coffee - Milk,Premium,Evening
21,card,37.72,Cappuccino,Night,Sun,May,7,5,2024-05-19,21:15:41.761000,2024-05-19 21:15:41.761,2024,2,20,19,140,1,Coffee - Milk,Premium,Evening
21,card,37.72,Cappuccino,Night,Sun,May,7,5,2024-05-19,21:18:36.101000,2024-05-19 21:18:36.101,2024,2,20,19,140,1,Coffee - Milk,Premium,Evening
10,card,32.82,Americano with Milk,Morning,Mon,May,1,5,2024-05-20,10:05:59.163000,2024-05-20 10:05:59.163,2024,2,21,20,141,0,Coffee - Milk,Mid-Range,Mid Morning
10,card,37.72,Latte,Morning,Mon,May,1,5,2024-05-20,10:17:51.867000,2024-05-20 10:17:51.867,2024,2,21,20,141,0,Coffee - Milk,Premium,Mid Morning
10,card,37.72,Latte,Morning,Mon,May,1,5,2024-05-20,10:58:48.379000,2024-05-20 10:58:48.379,2024,2,21,20,141,0,Coffee - Milk,Premium,Mid Morning
11,card,27.92,Americano,Morning,Mon,May,1,5,2024-05-20,11:15:16.363000,2024-05-20 11:15:16.363,2024,2,21,20,141,0,Coffee - Black,Standard,Mid Morning
11,card,27.92,Americano,Morning,Mon,May,1,5,2024-05-20,11:16:19.637000,2024-05-20 11:16:19.637,2024,2,21,20,141,0,Coffee - Black,Standard,Mid Morning
13,card,27.92,Americano,Afternoon,Mon,May,1,5,2024-05-20,13:27:13.420000,2024-05-20 13:27:13.420,2024,2,21,20,141,0,Coffee - Black,Standard,Lunch Time
13,card,27.92,Americano,Afternoon,Mon,May,1,5,2024-05-20,13:28:10.440000,2024-05-20 13:28:10.440,2024,2,21,20,141,0,Coffee - Black,Standard,Lunch Time
14,card,32.82,Americano with Milk,Afternoon,Mon,May,1,5,2024-05-20,14:13:19.017000,2024-05-20 14:13:19.017,2024,2,21,20,141,0,Coffee - Milk,Mid-Range,Lunch Time
14,card,37.72,Cappuccino,Afternoon,Mon,May,1,5,2024-05-20,14:14:31.354000,2024-05-20 14:14:31.354,2024,2,21,20,141,0,Coffee - Milk,Premium,Lunch Time
17,card,37.72,Latte,Night,Mon,May,1,5,2024-05-20,17:12:51.121000,2024-05-20 17:12:51.121,2024,2,21,20,141,0,Coffee - Milk,Premium,Afternoon
17,card,37.72,Latte,Night,Mon,May,1,5,2024-05-20,17:13:56.897000,2024-05-20 17:13:56.897,2024,2,21,20,141,0,Coffee - Milk,Premium,Afternoon
20,card,32.82,Americano with Milk,Night,Mon,May,1,5,2024-05-20,20:36:48.320000,2024-05-20 20:36:48.320,2024,2,21,20,141,0,Coffee - Milk,Mid-Range,Evening
20,card,37.72,Cocoa,Night,Mon,May,1,5,2024-05-20,20:37:57.316000,2024-05-20 20:37:57.316,2024,2,21,20,141,0,Non-Coffee,Premium,Evening
20,card,27.92,Cortado,Night,Mon,May,1,5,2024-05-20,20:46:52.085000,2024-05-20 20:46:52.085,2024,2,21,20,141,0,Coffee - Milk,Standard,Evening
21,card,32.82,Americano with Milk,Night,Mon,May,1,5,2024-05-20,21:36:53.986000,2024-05-20 21:36:53.986,2024,2,21,20,141,0,Coffee - Milk,Mid-Range,Evening
21,card,32.82,Americano with Milk,Night,Mon,May,1,5,2024-05-20,21:37:57.777000,2024-05-20 21:37:57.777,2024,2,21,20,141,0,Coffee - Milk,Mid-Range,Evening
8,card,37.72,Latte,Morning,Tue,May,2,5,2024-05-21,08:27:38.230000,2024-05-21 08:27:38.230,2024,2,21,21,142,0,Coffee - Milk,Premium,Early Morning
16,card,37.72,Latte,Afternoon,Tue,May,2,5,2024-05-21,16:10:19.956000,2024-05-21 16:10:19.956,2024,2,21,21,142,0,Coffee - Milk,Premium,Afternoon
18,card,23.02,Espresso,Night,Tue,May,2,5,2024-05-21,18:13:23.998000,2024-05-21 18:13:23.998,2024,2,21,21,142,0,Coffee - Black,Standard,Evening
19,card,37.72,Cappuccino,Night,Tue,May,2,5,2024-05-21,19:11:09.212000,2024-05-21 19:11:09.212,2024,2,21,21,142,0,Coffee - Milk,Premium,Evening
20,card,37.72,Cappuccino,Night,Tue,May,2,5,2024-05-21,20:13:48.358000,2024-05-21 20:13:48.358,2024,2,21,21,142,0,Coffee - Milk,Premium,Evening
9,card,37.72,Cappuccino,Morning,Wed,May,3,5,2024-05-22,09:34:41.818000,2024-05-22 09:34:41.818,2024,2,21,22,143,0,Coffee - Milk,Premium,Mid Morning
10,card,32.82,Americano with Milk,Morning,Wed,May,3,5,2024-05-22,10:49:47.044000,2024-05-22 10:49:47.044,2024,2,21,22,143,0,Coffee - Milk,Mid-Range,Mid Morning
11,card,27.92,Cortado,Morning,Wed,May,3,5,2024-05-22,11:18:14.265000,2024-05-22 11:18:14.265,2024,2,21,22,143,0,Coffee - Milk,Standard,Mid Morning
11,card,32.82,Americano with Milk,Morning,Wed,May,3,5,2024-05-22,11:34:54.968000,2024-05-22 11:34:54.968,2024,2,21,22,143,0,Coffee - Milk,Mid-Range,Mid Morning
12,card,27.92,Americano,Afternoon,Wed,May,3,5,2024-05-22,12:29:50.841000,2024-05-22 12:29:50.841,2024,2,21,22,143,0,Coffee - Black,Standard,Lunch Time
12,card,27.92,Americano,Afternoon,Wed,May,3,5,2024-05-22,12:30:43.347000,2024-05-22 12:30:43.347,2024,2,21,22,143,0,Coffee - Black,Standard,Lunch Time
14,card,32.82,Americano with Milk,Afternoon,Wed,May,3,5,2024-05-22,14:00:20.499000,2024-05-22 14:00:20.499,2024,2,21,22,143,0,Coffee - Milk,Mid-Range,Lunch Time
19,card,37.72,Cappuccino,Night,Wed,May,3,5,2024-05-22,19:24:58.098000,2024-05-22 19:24:58.098,2024,2,21,22,143,0,Coffee - Milk,Premium,Evening
19,card,37.72,Cappuccino,Night,Wed,May,3,5,2024-05-22,19:25:58.574000,2024-05-22 19:25:58.574,2024,2,21,22,143,0,Coffee - Milk,Premium,Evening
21,card,37.72,Hot Chocolate,Night,Wed,May,3,5,2024-05-22,21:23:53,2024-05-22 21:23:53.000,2024,2,21,22,143,0,Non-Coffee,Premium,Evening
21,card,37.72,Cappuccino,Night,Wed,May,3,5,2024-05-22,21:24:49.584000,2024-05-22 21:24:49.584,2024,2,21,22,143,0,Coffee - Milk,Premium,Evening
10,card,37.72,Cappuccino,Morning,Thu,May,4,5,2024-05-23,10:10:19.640000,2024-05-23 10:10:19.640,2024,2,21,23,144,0,Coffee - Milk,Premium,Mid Morning
12,card,23.02,Espresso,Afternoon,Thu,May,4,5,2024-05-23,12:22:06.605000,2024-05-23 12:22:06.605,2024,2,21,23,144,0,Coffee - Black,Standard,Lunch Time
15,card,37.72,Cappuccino,Afternoon,Thu,May,4,5,2024-05-23,15:55:16.628000,2024-05-23 15:55:16.628,2024,2,21,23,144,0,Coffee - Milk,Premium,Afternoon
15,card,37.72,Cappuccino,Afternoon,Thu,May,4,5,2024-05-23,15:56:27.237000,2024-05-23 15:56:27.237,2024,2,21,23,144,0,Coffee - Milk,Premium,Afternoon
16,card,37.72,Cappuccino,Afternoon,Thu,May,4,5,2024-05-23,16:18:14.053000,2024-05-23 16:18:14.053,2024,2,21,23,144,0,Coffee - Milk,Premium,Afternoon
16,card,37.72,Latte,Afternoon,Thu,May,4,5,2024-05-23,16:41:00.043000,2024-05-23 16:41:00.043,2024,2,21,23,144,0,Coffee - Milk,Premium,Afternoon
17,card,37.72,Cappuccino,Night,Thu,May,4,5,2024-05-23,17:14:33.237000,2024-05-23 17:14:33.237,2024,2,21,23,144,0,Coffee - Milk,Premium,Afternoon
17,card,37.72,Latte,Night,Thu,May,4,5,2024-05-23,17:15:44.861000,2024-05-23 17:15:44.861,2024,2,21,23,144,0,Coffee - Milk,Premium,Afternoon
19,card,27.92,Cortado,Night,Thu,May,4,5,2024-05-23,19:03:53.856000,2024-05-23 19:03:53.856,2024,2,21,23,144,0,Coffee - Milk,Standard,Evening
19,card,37.72,Cappuccino,Night,Thu,May,4,5,2024-05-23,19:17:28.431000,2024-05-23 19:17:28.431,2024,2,21,23,144,0,Coffee - Milk,Premium,Evening
19,card,37.72,Cappuccino,Night,Thu,May,4,5,2024-05-23,19:18:26.418000,2024-05-23 19:18:26.418,2024,2,21,23,144,0,Coffee - Milk,Premium,Evening
19,card,37.72,Cappuccino,Night,Thu,May,4,5,2024-05-23,19:42:31.546000,2024-05-23 19:42:31.546,2024,2,21,23,144,0,Coffee - Milk,Premium,Evening
20,card,37.72,Cappuccino,Night,Thu,May,4,5,2024-05-23,20:15:01.429000,2024-05-23 20:15:01.429,2024,2,21,23,144,0,Coffee - Milk,Premium,Evening
20,card,37.72,Latte,Night,Thu,May,4,5,2024-05-23,20:16:24.205000,2024-05-23 20:16:24.205,2024,2,21,23,144,0,Coffee - Milk,Premium,Evening
22,card,32.82,Americano with Milk,Night,Thu,May,4,5,2024-05-23,22:48:10.813000,2024-05-23 22:48:10.813,2024,2,21,23,144,0,Coffee - Milk,Mid-Range,Evening
11,card,27.92,Cortado,Morning,Fri,May,5,5,2024-05-24,11:11:59.182000,2024-05-24 11:11:59.182,2024,2,21,24,145,0,Coffee - Milk,Standard,Mid Morning
11,card,27.92,Americano,Morning,Fri,May,5,5,2024-05-24,11:15:08.341000,2024-05-24 11:15:08.341,2024,2,21,24,145,0,Coffee - Black,Standard,Mid Morning
11,card,27.92,Americano,Morning,Fri,May,5,5,2024-05-24,11:16:13.016000,2024-05-24 11:16:13.016,2024,2,21,24,145,0,Coffee - Black,Standard,Mid Morning
16,card,37.72,Hot Chocolate,Afternoon,Fri,May,5,5,2024-05-24,16:07:19.816000,2024-05-24 16:07:19.816,2024,2,21,24,145,0,Non-Coffee,Premium,Afternoon
18,card,27.92,Cortado,Night,Fri,May,5,5,2024-05-24,18:17:40.330000,2024-05-24 18:17:40.330,2024,2,21,24,145,0,Coffee - Milk,Standard,Evening
18,card,27.92,Cortado,Night,Fri,May,5,5,2024-05-24,18:18:36.698000,2024-05-24 18:18:36.698,2024,2,21,24,145,0,Coffee - Milk,Standard,Evening
22,card,32.82,Americano with Milk,Night,Fri,May,5,5,2024-05-24,22:30:40.198000,2024-05-24 22:30:40.198,2024,2,21,24,145,0,Coffee - Milk,Mid-Range,Evening
12,card,37.72,Latte,Afternoon,Sat,May,6,5,2024-05-25,12:13:53.388000,2024-05-25 12:13:53.388,2024,2,21,25,146,1,Coffee - Milk,Premium,Lunch Time
12,card,32.82,Americano with Milk,Afternoon,Sat,May,6,5,2024-05-25,12:42:10.258000,2024-05-25 12:42:10.258,2024,2,21,25,146,1,Coffee - Milk,Mid-Range,Lunch Time
12,card,32.82,Americano with Milk,Afternoon,Sat,May,6,5,2024-05-25,12:43:13.275000,2024-05-25 12:43:13.275,2024,2,21,25,146,1,Coffee - Milk,Mid-Range,Lunch Time
12,card,32.82,Americano with Milk,Afternoon,Sat,May,6,5,2024-05-25,12:58:12.049000,2024-05-25 12:58:12.049,2024,2,21,25,146,1,Coffee - Milk,Mid-Range,Lunch Time
16,card,32.82,Americano with Milk,Afternoon,Sat,May,6,5,2024-05-25,16:47:09.557000,2024-05-25 16:47:09.557,2024,2,21,25,146,1,Coffee - Milk,Mid-Range,Afternoon
16,card,27.92,Americano,Afternoon,Sat,May,6,5,2024-05-25,16:48:16.834000,2024-05-25 16:48:16.834,2024,2,21,25,146,1,Coffee - Black,Standard,Afternoon
10,card,37.72,Latte,Morning,Sun,May,7,5,2024-05-26,10:20:02.233000,2024-05-26 10:20:02.233,2024,2,21,26,147,1,Coffee - Milk,Premium,Mid Morning
14,card,32.82,Americano with Milk,Afternoon,Sun,May,7,5,2024-05-26,14:24:49.812000,2024-05-26 14:24:49.812,2024,2,21,26,147,1,Coffee - Milk,Mid-Range,Lunch Time
14,card,27.92,Cortado,Afternoon,Sun,May,7,5,2024-05-26,14:26:05.248000,2024-05-26 14:26:05.248,2024,2,21,26,147,1,Coffee - Milk,Standard,Lunch Time
14,card,32.82,Americano with Milk,Afternoon,Sun,May,7,5,2024-05-26,14:40:58.882000,2024-05-26 14:40:58.882,2024,2,21,26,147,1,Coffee - Milk,Mid-Range,Lunch Time
17,card,37.72,Cappuccino,Night,Sun,May,7,5,2024-05-26,17:19:15.521000,2024-05-26 17:19:15.521,2024,2,21,26,147,1,Coffee - Milk,Premium,Afternoon
18,card,37.72,Hot Chocolate,Night,Sun,May,7,5,2024-05-26,18:09:52.843000,2024-05-26 18:09:52.843,2024,2,21,26,147,1,Non-Coffee,Premium,Evening
18,card,37.72,Hot Chocolate,Night,Sun,May,7,5,2024-05-26,18:11:02.204000,2024-05-26 18:11:02.204,2024,2,21,26,147,1,Non-Coffee,Premium,Evening
18,card,27.92,Americano,Night,Sun,May,7,5,2024-05-26,18:13:14.299000,2024-05-26 18:13:14.299,2024,2,21,26,147,1,Coffee - Black,Standard,Evening
18,card,37.72,Latte,Night,Sun,May,7,5,2024-05-26,18:39:18.794000,2024-05-26 18:39:18.794,2024,2,21,26,147,1,Coffee - Milk,Premium,Evening
20,card,37.72,Hot Chocolate,Night,Sun,May,7,5,2024-05-26,20:59:14.954000,2024-05-26 20:59:14.954,2024,2,21,26,147,1,Non-Coffee,Premium,Evening
21,card,37.72,Cappuccino,Night,Sun,May,7,5,2024-05-26,21:00:05.568000,2024-05-26 21:00:05.568,2024,2,21,26,147,1,Coffee - Milk,Premium,Evening
21,card,27.92,Cortado,Night,Sun,May,7,5,2024-05-26,21:02:36.935000,2024-05-26 21:02:36.935,2024,2,21,26,147,1,Coffee - Milk,Standard,Evening
21,card,37.72,Cappuccino,Night,Sun,May,7,5,2024-05-26,21:03:51.772000,2024-05-26 21:03:51.772,2024,2,21,26,147,1,Coffee - Milk,Premium,Evening
21,card,37.72,Latte,Night,Sun,May,7,5,2024-05-26,21:04:58.824000,2024-05-26 21:04:58.824,2024,2,21,26,147,1,Coffee - Milk,Premium,Evening
21,card,37.72,Cappuccino,Night,Sun,May,7,5,2024-05-26,21:06:02.621000,2024-05-26 21:06:02.621,2024,2,21,26,147,1,Coffee - Milk,Premium,Evening
11,card,27.92,Americano,Morning,Mon,May,1,5,2024-05-27,11:34:55.252000,2024-05-27 11:34:55.252,2024,2,22,27,148,0,Coffee - Black,Standard,Mid Morning
14,card,32.82,Americano with Milk,Afternoon,Mon,May,1,5,2024-05-27,14:05:21.688000,2024-05-27 14:05:21.688,2024,2,22,27,148,0,Coffee - Milk,Mid-Range,Lunch Time
14,card,37.72,Cocoa,Afternoon,Mon,May,1,5,2024-05-27,14:06:43.564000,2024-05-27 14:06:43.564,2024,2,22,27,148,0,Non-Coffee,Premium,Lunch Time
15,card,27.92,Americano,Afternoon,Mon,May,1,5,2024-05-27,15:11:34.061000,2024-05-27 15:11:34.061,2024,2,22,27,148,0,Coffee - Black,Standard,Afternoon
15,card,27.92,Americano,Afternoon,Mon,May,1,5,2024-05-27,15:14:05.788000,2024-05-27 15:14:05.788,2024,2,22,27,148,0,Coffee - Black,Standard,Afternoon
17,card,37.72,Latte,Night,Mon,May,1,5,2024-05-27,17:50:55.763000,2024-05-27 17:50:55.763,2024,2,22,27,148,0,Coffee - Milk,Premium,Afternoon
18,card,27.92,Americano,Night,Mon,May,1,5,2024-05-27,18:00:50.983000,2024-05-27 18:00:50.983,2024,2,22,27,148,0,Coffee - Black,Standard,Evening
19,card,37.72,Latte,Night,Mon,May,1,5,2024-05-27,19:16:27.404000,2024-05-27 19:16:27.404,2024,2,22,27,148,0,Coffee - Milk,Premium,Evening
19,card,37.72,Latte,Night,Mon,May,1,5,2024-05-27,19:17:38.729000,2024-05-27 19:17:38.729,2024,2,22,27,148,0,Coffee - Milk,Premium,Evening
21,card,32.82,Americano with Milk,Night,Mon,May,1,5,2024-05-27,21:29:07.085000,2024-05-27 21:29:07.085,2024,2,22,27,148,0,Coffee - Milk,Mid-Range,Evening
21,card,37.72,Cappuccino,Night,Mon,May,1,5,2024-05-27,21:30:19.772000,2024-05-27 21:30:19.772,2024,2,22,27,148,0,Coffee - Milk,Premium,Evening
8,card,32.82,Americano with Milk,Morning,Tue,May,2,5,2024-05-28,08:37:09.028000,2024-05-28 08:37:09.028,2024,2,22,28,149,0,Coffee - Milk,Mid-Range,Early Morning
9,card,32.82,Americano with Milk,Morning,Tue,May,2,5,2024-05-28,09:20:10.736000,2024-05-28 09:20:10.736,2024,2,22,28,149,0,Coffee - Milk,Mid-Range,Mid Morning
11,card,37.72,Cappuccino,Morning,Tue,May,2,5,2024-05-28,11:48:18.494000,2024-05-28 11:48:18.494,2024,2,22,28,149,0,Coffee - Milk,Premium,Mid Morning
13,card,37.72,Cappuccino,Afternoon,Tue,May,2,5,2024-05-28,13:14:40.435000,2024-05-28 13:14:40.435,2024,2,22,28,149,0,Coffee - Milk,Premium,Lunch Time
14,card,37.72,Cocoa,Afternoon,Tue,May,2,5,2024-05-28,14:10:53.691000,2024-05-28 14:10:53.691,2024,2,22,28,149,0,Non-Coffee,Premium,Lunch Time
16,card,27.92,Cortado,Afternoon,Tue,May,2,5,2024-05-28,16:25:39.330000,2024-05-28 16:25:39.330,2024,2,22,28,149,0,Coffee - Milk,Standard,Afternoon
19,card,27.92,Americano,Night,Tue,May,2,5,2024-05-28,19:09:29.069000,2024-05-28 19:09:29.069,2024,2,22,28,149,0,Coffee - Black,Standard,Evening
19,card,37.72,Latte,Night,Tue,May,2,5,2024-05-28,19:10:31.070000,2024-05-28 19:10:31.070,2024,2,22,28,149,0,Coffee - Milk,Premium,Evening
20,card,32.82,Americano with Milk,Night,Tue,May,2,5,2024-05-28,20:24:32.205000,2024-05-28 20:24:32.205,2024,2,22,28,149,0,Coffee - Milk,Mid-Range,Evening
20,card,27.92,Americano,Night,Tue,May,2,5,2024-05-28,20:50:19.449000,2024-05-28 20:50:19.449,2024,2,22,28,149,0,Coffee - Black,Standard,Evening
9,card,37.72,Latte,Morning,Wed,May,3,5,2024-05-29,09:14:43.704000,2024-05-29 09:14:43.704,2024,2,22,29,150,0,Coffee - Milk,Premium,Mid Morning
11,card,37.72,Hot Chocolate,Morning,Wed,May,3,5,2024-05-29,11:14:02.855000,2024-05-29 11:14:02.855,2024,2,22,29,150,0,Non-Coffee,Premium,Mid Morning
15,card,27.92,Americano,Afternoon,Wed,May,3,5,2024-05-29,15:10:48.545000,2024-05-29 15:10:48.545,2024,2,22,29,150,0,Coffee - Black,Standard,Afternoon
15,card,37.72,Latte,Afternoon,Wed,May,3,5,2024-05-29,15:22:56.321000,2024-05-29 15:22:56.321,2024,2,22,29,150,0,Coffee - Milk,Premium,Afternoon
15,card,37.72,Cappuccino,Afternoon,Wed,May,3,5,2024-05-29,15:45:12.738000,2024-05-29 15:45:12.738,2024,2,22,29,150,0,Coffee - Milk,Premium,Afternoon
16,card,37.72,Latte,Afternoon,Wed,May,3,5,2024-05-29,16:45:03.950000,2024-05-29 16:45:03.950,2024,2,22,29,150,0,Coffee - Milk,Premium,Afternoon
18,card,27.92,Cortado,Night,Wed,May,3,5,2024-05-29,18:24:03.334000,2024-05-29 18:24:03.334,2024,2,22,29,150,0,Coffee - Milk,Standard,Evening
18,card,37.72,Latte,Night,Wed,May,3,5,2024-05-29,18:24:59.311000,2024-05-29 18:24:59.311,2024,2,22,29,150,0,Coffee - Milk,Premium,Evening
20,card,37.72,Hot Chocolate,Night,Wed,May,3,5,2024-05-29,20:30:42.240000,2024-05-29 20:30:42.240,2024,2,22,29,150,0,Non-Coffee,Premium,Evening
20,card,37.72,Cocoa,Night,Wed,May,3,5,2024-05-29,20:32:35.200000,2024-05-29 20:32:35.200,2024,2,22,29,150,0,Non-Coffee,Premium,Evening
8,card,37.72,Cappuccino,Morning,Thu,May,4,5,2024-05-30,08:29:06.277000,2024-05-30 08:29:06.277,2024,2,22,30,151,0,Coffee - Milk,Premium,Early Morning
8,card,37.72,Latte,Morning,Thu,May,4,5,2024-05-30,08:30:21.586000,2024-05-30 08:30:21.586,2024,2,22,30,151,0,Coffee - Milk,Premium,Early Morning
8,card,32.82,Americano with Milk,Morning,Thu,May,4,5,2024-05-30,08:37:05.382000,2024-05-30 08:37:05.382,2024,2,22,30,151,0,Coffee - Milk,Mid-Range,Early Morning
9,card,37.72,Latte,Morning,Thu,May,4,5,2024-05-30,09:47:59.092000,2024-05-30 09:47:59.092,2024,2,22,30,151,0,Coffee - Milk,Premium,Mid Morning
14,card,32.82,Americano with Milk,Afternoon,Thu,May,4,5,2024-05-30,14:56:15.473000,2024-05-30 14:56:15.473,2024,2,22,30,151,0,Coffee - Milk,Mid-Range,Lunch Time
15,card,23.02,Espresso,Afternoon,Thu,May,4,5,2024-05-30,15:16:15.665000,2024-05-30 15:16:15.665,2024,2,22,30,151,0,Coffee - Black,Standard,Afternoon
15,card,23.02,Espresso,Afternoon,Thu,May,4,5,2024-05-30,15:17:38.656000,2024-05-30 15:17:38.656,2024,2,22,30,151,0,Coffee - Black,Standard,Afternoon
19,card,37.72,Cappuccino,Night,Thu,May,4,5,2024-05-30,19:53:11.189000,2024-05-30 19:53:11.189,2024,2,22,30,151,0,Coffee - Milk,Premium,Evening
20,card,37.72,Latte,Night,Thu,May,4,5,2024-05-30,20:31:05.430000,2024-05-30 20:31:05.430,2024,2,22,30,151,0,Coffee - Milk,Premium,Evening
20,card,37.72,Hot Chocolate,Night,Thu,May,4,5,2024-05-30,20:46:13.835000,2024-05-30 20:46:13.835,2024,2,22,30,151,0,Non-Coffee,Premium,Evening
20,card,32.82,Americano with Milk,Night,Thu,May,4,5,2024-05-30,20:47:21.586000,2024-05-30 20:47:21.586,2024,2,22,30,151,0,Coffee - Milk,Mid-Range,Evening
7,card,32.82,Americano with Milk,Morning,Fri,May,5,5,2024-05-31,07:53:57.274000,2024-05-31 07:53:57.274,2024,2,22,31,152,0,Coffee - Milk,Mid-Range,Early Morning
9,card,37.72,Latte,Morning,Fri,May,5,5,2024-05-31,09:21:07.821000,2024-05-31 09:21:07.821,2024,2,22,31,152,0,Coffee - Milk,Premium,Mid Morning
10,card,37.72,Hot Chocolate,Morning,Fri,May,5,5,2024-05-31,10:38:07.861000,2024-05-31 10:38:07.861,2024,2,22,31,152,0,Non-Coffee,Premium,Mid Morning
10,card,37.72,Cocoa,Morning,Fri,May,5,5,2024-05-31,10:39:06.136000,2024-05-31 10:39:06.136,2024,2,22,31,152,0,Non-Coffee,Premium,Mid Morning
14,card,32.82,Americano with Milk,Afternoon,Fri,May,5,5,2024-05-31,14:50:12.976000,2024-05-31 14:50:12.976,2024,2,22,31,152,0,Coffee - Milk,Mid-Range,Lunch Time
18,card,37.72,Latte,Night,Fri,May,5,5,2024-05-31,18:23:44.636000,2024-05-31 18:23:44.636,2024,2,22,31,152,0,Coffee - Milk,Premium,Evening
18,card,37.72,Latte,Night,Fri,May,5,5,2024-05-31,18:25:03.271000,2024-05-31 18:25:03.271,2024,2,22,31,152,0,Coffee - Milk,Premium,Evening
20,card,37.72,Cappuccino,Night,Fri,May,5,5,2024-05-31,20:06:39.166000,2024-05-31 20:06:39.166,2024,2,22,31,152,0,Coffee - Milk,Premium,Evening
20,card,32.82,Americano with Milk,Night,Fri,May,5,5,2024-05-31,20:33:06.403000,2024-05-31 20:33:06.403,2024,2,22,31,152,0,Coffee - Milk,Mid-Range,Evening
20,card,37.72,Latte,Night,Fri,May,5,5,2024-05-31,20:34:32.903000,2024-05-31 20:34:32.903,2024,2,22,31,152,0,Coffee - Milk,Premium,Evening
22,card,37.72,Cappuccino,Night,Fri,May,5,5,2024-05-31,22:05:47.070000,2024-05-31 22:05:47.070,2024,2,22,31,152,0,Coffee - Milk,Premium,Evening
22,card,32.82,Americano with Milk,Night,Fri,May,5,5,2024-05-31,22:06:52.490000,2024-05-31 22:06:52.490,2024,2,22,31,152,0,Coffee - Milk,Mid-Range,Evening
22,card,27.92,Cortado,Night,Fri,May,5,5,2024-05-31,22:07:55.368000,2024-05-31 22:07:55.368,2024,2,22,31,152,0,Coffee - Milk,Standard,Evening
8,card,27.92,Cortado,Morning,Sat,Jun,6,6,2024-06-01,08:27:01.745000,2024-06-01 08:27:01.745,2024,2,22,1,153,1,Coffee - Milk,Standard,Early Morning
9,card,37.72,Latte,Morning,Sat,Jun,6,6,2024-06-01,09:48:24.750000,2024-06-01 09:48:24.750,2024,2,22,1,153,1,Coffee - Milk,Premium,Mid Morning
11,card,37.72,Latte,Morning,Sat,Jun,6,6,2024-06-01,11:38:09.371000,2024-06-01 11:38:09.371,2024,2,22,1,153,1,Coffee - Milk,Premium,Mid Morning
14,card,32.82,Americano with Milk,Afternoon,Sat,Jun,6,6,2024-06-01,14:28:53.739000,2024-06-01 14:28:53.739,2024,2,22,1,153,1,Coffee - Milk,Mid-Range,Lunch Time
18,card,32.82,Americano with Milk,Night,Sat,Jun,6,6,2024-06-01,18:20:12.780000,2024-06-01 18:20:12.780,2024,2,22,1,153,1,Coffee - Milk,Mid-Range,Evening
18,card,32.82,Americano with Milk,Night,Sat,Jun,6,6,2024-06-01,18:21:15.363000,2024-06-01 18:21:15.363,2024,2,22,1,153,1,Coffee - Milk,Mid-Range,Evening
20,card,37.72,Cappuccino,Night,Sat,Jun,6,6,2024-06-01,20:50:10.488000,2024-06-01 20:50:10.488,2024,2,22,1,153,1,Coffee - Milk,Premium,Evening
20,card,37.72,Cappuccino,Night,Sat,Jun,6,6,2024-06-01,20:51:13.565000,2024-06-01 20:51:13.565,2024,2,22,1,153,1,Coffee - Milk,Premium,Evening
20,card,37.72,Cocoa,Night,Sat,Jun,6,6,2024-06-01,20:59:09.689000,2024-06-01 20:59:09.689,2024,2,22,1,153,1,Non-Coffee,Premium,Evening
21,card,32.82,Americano with Milk,Night,Sat,Jun,6,6,2024-06-01,21:51:04.971000,2024-06-01 21:51:04.971,2024,2,22,1,153,1,Coffee - Milk,Mid-Range,Evening
20,card,37.72,Latte,Night,Sun,Jun,7,6,2024-06-02,20:03:25.799000,2024-06-02 20:03:25.799,2024,2,22,2,154,1,Coffee - Milk,Premium,Evening
20,card,32.82,Americano with Milk,Night,Sun,Jun,7,6,2024-06-02,20:24:02.449000,2024-06-02 20:24:02.449,2024,2,22,2,154,1,Coffee - Milk,Mid-Range,Evening
20,card,37.72,Cappuccino,Night,Sun,Jun,7,6,2024-06-02,20:25:07.238000,2024-06-02 20:25:07.238,2024,2,22,2,154,1,Coffee - Milk,Premium,Evening
21,card,32.82,Americano with Milk,Night,Sun,Jun,7,6,2024-06-02,21:07:20.531000,2024-06-02 21:07:20.531,2024,2,22,2,154,1,Coffee - Milk,Mid-Range,Evening
21,card,37.72,Latte,Night,Sun,Jun,7,6,2024-06-02,21:30:12.430000,2024-06-02 21:30:12.430,2024,2,22,2,154,1,Coffee - Milk,Premium,Evening
10,card,37.72,Latte,Morning,Mon,Jun,1,6,2024-06-03,10:12:04.141000,2024-06-03 10:12:04.141,2024,2,23,3,155,0,Coffee - Milk,Premium,Mid Morning
10,card,37.72,Latte,Morning,Mon,Jun,1,6,2024-06-03,10:27:49.797000,2024-06-03 10:27:49.797,2024,2,23,3,155,0,Coffee - Milk,Premium,Mid Morning
14,card,37.72,Cappuccino,Afternoon,Mon,Jun,1,6,2024-06-03,14:31:42.338000,2024-06-03 14:31:42.338,2024,2,23,3,155,0,Coffee - Milk,Premium,Lunch Time
14,card,32.82,Americano with Milk,Afternoon,Mon,Jun,1,6,2024-06-03,14:33:00.952000,2024-06-03 14:33:00.952,2024,2,23,3,155,0,Coffee - Milk,Mid-Range,Lunch Time
14,card,37.72,Latte,Afternoon,Mon,Jun,1,6,2024-06-03,14:34:06.922000,2024-06-03 14:34:06.922,2024,2,23,3,155,0,Coffee - Milk,Premium,Lunch Time
9,card,27.92,Cortado,Morning,Tue,Jun,2,6,2024-06-04,09:23:42.898000,2024-06-04 09:23:42.898,2024,2,23,4,156,0,Coffee - Milk,Standard,Mid Morning
10,card,32.82,Americano with Milk,Morning,Tue,Jun,2,6,2024-06-04,10:27:13.975000,2024-06-04 10:27:13.975,2024,2,23,4,156,0,Coffee - Milk,Mid-Range,Mid Morning
12,card,37.72,Latte,Afternoon,Tue,Jun,2,6,2024-06-04,12:02:10.213000,2024-06-04 12:02:10.213,2024,2,23,4,156,0,Coffee - Milk,Premium,Lunch Time
12,card,37.72,Hot Chocolate,Afternoon,Tue,Jun,2,6,2024-06-04,12:05:29.186000,2024-06-04 12:05:29.186,2024,2,23,4,156,0,Non-Coffee,Premium,Lunch Time
15,card,37.72,Latte,Afternoon,Tue,Jun,2,6,2024-06-04,15:30:32.455000,2024-06-04 15:30:32.455,2024,2,23,4,156,0,Coffee - Milk,Premium,Afternoon
17,card,27.92,Cortado,Night,Tue,Jun,2,6,2024-06-04,17:46:36.661000,2024-06-04 17:46:36.661,2024,2,23,4,156,0,Coffee - Milk,Standard,Afternoon
17,card,37.72,Cappuccino,Night,Tue,Jun,2,6,2024-06-04,17:47:28.847000,2024-06-04 17:47:28.847,2024,2,23,4,156,0,Coffee - Milk,Premium,Afternoon
20,card,37.72,Hot Chocolate,Night,Tue,Jun,2,6,2024-06-04,20:13:01.204000,2024-06-04 20:13:01.204,2024,2,23,4,156,0,Non-Coffee,Premium,Evening
20,card,37.72,Cappuccino,Night,Tue,Jun,2,6,2024-06-04,20:50:33.896000,2024-06-04 20:50:33.896,2024,2,23,4,156,0,Coffee - Milk,Premium,Evening
21,card,27.92,Cortado,Night,Tue,Jun,2,6,2024-06-04,21:31:58.908000,2024-06-04 21:31:58.908,2024,2,23,4,156,0,Coffee - Milk,Standard,Evening
21,card,32.82,Americano with Milk,Night,Tue,Jun,2,6,2024-06-04,21:33:02.621000,2024-06-04 21:33:02.621,2024,2,23,4,156,0,Coffee - Milk,Mid-Range,Evening
21,card,32.82,Americano with Milk,Night,Tue,Jun,2,6,2024-06-04,21:34:55.667000,2024-06-04 21:34:55.667,2024,2,23,4,156,0,Coffee - Milk,Mid-Range,Evening
21,card,32.82,Americano with Milk,Night,Tue,Jun,2,6,2024-06-04,21:36:06.924000,2024-06-04 21:36:06.924,2024,2,23,4,156,0,Coffee - Milk,Mid-Range,Evening
21,card,32.82,Americano with Milk,Night,Tue,Jun,2,6,2024-06-04,21:37:15.164000,2024-06-04 21:37:15.164,2024,2,23,4,156,0,Coffee - Milk,Mid-Range,Evening
8,card,37.72,Cappuccino,Morning,Wed,Jun,3,6,2024-06-05,08:21:48.964000,2024-06-05 08:21:48.964,2024,2,23,5,157,0,Coffee - Milk,Premium,Early Morning
8,card,37.72,Cappuccino,Morning,Wed,Jun,3,6,2024-06-05,08:23:06.723000,2024-06-05 08:23:06.723,2024,2,23,5,157,0,Coffee - Milk,Premium,Early Morning
9,card,27.92,Americano,Morning,Wed,Jun,3,6,2024-06-05,09:22:43.108000,2024-06-05 09:22:43.108,2024,2,23,5,157,0,Coffee - Black,Standard,Mid Morning
10,card,37.72,Latte,Morning,Wed,Jun,3,6,2024-06-05,10:28:50.620000,2024-06-05 10:28:50.620,2024,2,23,5,157,0,Coffee - Milk,Premium,Mid Morning
10,card,32.82,Americano with Milk,Morning,Wed,Jun,3,6,2024-06-05,10:40:53.188000,2024-06-05 10:40:53.188,2024,2,23,5,157,0,Coffee - Milk,Mid-Range,Mid Morning
19,card,32.82,Americano with Milk,Night,Wed,Jun,3,6,2024-06-05,19:43:57.675000,2024-06-05 19:43:57.675,2024,2,23,5,157,0,Coffee - Milk,Mid-Range,Evening
19,card,37.72,Latte,Night,Wed,Jun,3,6,2024-06-05,19:59:53.527000,2024-06-05 19:59:53.527,2024,2,23,5,157,0,Coffee - Milk,Premium,Evening
20,card,37.72,Cocoa,Night,Wed,Jun,3,6,2024-06-05,20:10:47.623000,2024-06-05 20:10:47.623,2024,2,23,5,157,0,Non-Coffee,Premium,Evening
20,card,27.92,Cortado,Night,Wed,Jun,3,6,2024-06-05,20:12:01.658000,2024-06-05 20:12:01.658,2024,2,23,5,157,0,Coffee - Milk,Standard,Evening
8,card,32.82,Americano with Milk,Morning,Thu,Jun,4,6,2024-06-06,08:52:56.351000,2024-06-06 08:52:56.351,2024,2,23,6,158,0,Coffee - Milk,Mid-Range,Early Morning
8,card,32.82,Americano with Milk,Morning,Thu,Jun,4,6,2024-06-06,08:54:08.455000,2024-06-06 08:54:08.455,2024,2,23,6,158,0,Coffee - Milk,Mid-Range,Early Morning
10,card,37.72,Latte,Morning,Thu,Jun,4,6,2024-06-06,10:36:09.667000,2024-06-06 10:36:09.667,2024,2,23,6,158,0,Coffee - Milk,Premium,Mid Morning
12,card,27.92,Americano,Afternoon,Thu,Jun,4,6,2024-06-06,12:17:41.474000,2024-06-06 12:17:41.474,2024,2,23,6,158,0,Coffee - Black,Standard,Lunch Time
15,card,32.82,Americano with Milk,Afternoon,Thu,Jun,4,6,2024-06-06,15:11:14.185000,2024-06-06 15:11:14.185,2024,2,23,6,158,0,Coffee - Milk,Mid-Range,Afternoon
15,card,37.72,Cappuccino,Afternoon,Thu,Jun,4,6,2024-06-06,15:24:06.221000,2024-06-06 15:24:06.221,2024,2,23,6,158,0,Coffee - Milk,Premium,Afternoon
21,card,37.72,Latte,Night,Thu,Jun,4,6,2024-06-06,21:14:05.102000,2024-06-06 21:14:05.102,2024,2,23,6,158,0,Coffee - Milk,Premium,Evening
21,card,37.72,Latte,Night,Thu,Jun,4,6,2024-06-06,21:15:42.227000,2024-06-06 21:15:42.227,2024,2,23,6,158,0,Coffee - Milk,Premium,Evening
21,card,37.72,Cappuccino,Night,Thu,Jun,4,6,2024-06-06,21:18:26.713000,2024-06-06 21:18:26.713,2024,2,23,6,158,0,Coffee - Milk,Premium,Evening
21,card,32.82,Americano with Milk,Night,Thu,Jun,4,6,2024-06-06,21:19:30.436000,2024-06-06 21:19:30.436,2024,2,23,6,158,0,Coffee - Milk,Mid-Range,Evening
21,card,37.72,Latte,Night,Thu,Jun,4,6,2024-06-06,21:21:04.440000,2024-06-06 21:21:04.440,2024,2,23,6,158,0,Coffee - Milk,Premium,Evening
8,card,37.72,Cappuccino,Morning,Fri,Jun,5,6,2024-06-07,08:18:04.296000,2024-06-07 08:18:04.296,2024,2,23,7,159,0,Coffee - Milk,Premium,Early Morning
10,card,23.02,Espresso,Morning,Fri,Jun,5,6,2024-06-07,10:35:28.104000,2024-06-07 10:35:28.104,2024,2,23,7,159,0,Coffee - Black,Standard,Mid Morning
13,card,32.82,Americano with Milk,Afternoon,Fri,Jun,5,6,2024-06-07,13:34:18.297000,2024-06-07 13:34:18.297,2024,2,23,7,159,0,Coffee - Milk,Mid-Range,Lunch Time
16,card,27.92,Cortado,Afternoon,Fri,Jun,5,6,2024-06-07,16:45:42.218000,2024-06-07 16:45:42.218,2024,2,23,7,159,0,Coffee - Milk,Standard,Afternoon
16,card,27.92,Cortado,Afternoon,Fri,Jun,5,6,2024-06-07,16:47:15.481000,2024-06-07 16:47:15.481,2024,2,23,7,159,0,Coffee - Milk,Standard,Afternoon
9,card,27.92,Cortado,Morning,Sat,Jun,6,6,2024-06-08,09:04:20.016000,2024-06-08 09:04:20.016,2024,2,23,8,160,1,Coffee - Milk,Standard,Mid Morning
9,card,32.82,Americano with Milk,Morning,Sat,Jun,6,6,2024-06-08,09:26:11.160000,2024-06-08 09:26:11.160,2024,2,23,8,160,1,Coffee - Milk,Mid-Range,Mid Morning
20,card,37.72,Cappuccino,Night,Sat,Jun,6,6,2024-06-08,20:24:54.320000,2024-06-08 20:24:54.320,2024,2,23,8,160,1,Coffee - Milk,Premium,Evening
20,card,37.72,Cappuccino,Night,Sat,Jun,6,6,2024-06-08,20:25:56.316000,2024-06-08 20:25:56.316,2024,2,23,8,160,1,Coffee - Milk,Premium,Evening
8,card,37.72,Latte,Morning,Sun,Jun,7,6,2024-06-09,08:15:52.760000,2024-06-09 08:15:52.760,2024,2,23,9,161,1,Coffee - Milk,Premium,Early Morning
10,card,37.72,Latte,Morning,Sun,Jun,7,6,2024-06-09,10:30:04.461000,2024-06-09 10:30:04.461,2024,2,23,9,161,1,Coffee - Milk,Premium,Mid Morning
10,card,37.72,Cappuccino,Morning,Sun,Jun,7,6,2024-06-09,10:52:05.797000,2024-06-09 10:52:05.797,2024,2,23,9,161,1,Coffee - Milk,Premium,Mid Morning
11,card,27.92,Cortado,Morning,Sun,Jun,7,6,2024-06-09,11:04:41.306000,2024-06-09 11:04:41.306,2024,2,23,9,161,1,Coffee - Milk,Standard,Mid Morning
11,card,23.02,Espresso,Morning,Sun,Jun,7,6,2024-06-09,11:07:08.108000,2024-06-09 11:07:08.108,2024,2,23,9,161,1,Coffee - Black,Standard,Mid Morning
11,card,37.72,Cappuccino,Morning,Sun,Jun,7,6,2024-06-09,11:52:49.616000,2024-06-09 11:52:49.616,2024,2,23,9,161,1,Coffee - Milk,Premium,Mid Morning
12,card,32.82,Americano with Milk,Afternoon,Sun,Jun,7,6,2024-06-09,12:11:23.640000,2024-06-09 12:11:23.640,2024,2,23,9,161,1,Coffee - Milk,Mid-Range,Lunch Time
12,card,37.72,Latte,Afternoon,Sun,Jun,7,6,2024-06-09,12:13:08.067000,2024-06-09 12:13:08.067,2024,2,23,9,161,1,Coffee - Milk,Premium,Lunch Time
12,card,37.72,Latte,Afternoon,Sun,Jun,7,6,2024-06-09,12:14:10.783000,2024-06-09 12:14:10.783,2024,2,23,9,161,1,Coffee - Milk,Premium,Lunch Time
15,card,27.92,Cortado,Afternoon,Sun,Jun,7,6,2024-06-09,15:10:30.692000,2024-06-09 15:10:30.692,2024,2,23,9,161,1,Coffee - Milk,Standard,Afternoon
16,card,37.72,Cappuccino,Afternoon,Sun,Jun,7,6,2024-06-09,16:17:28.189000,2024-06-09 16:17:28.189,2024,2,23,9,161,1,Coffee - Milk,Premium,Afternoon
19,card,32.82,Americano with Milk,Night,Sun,Jun,7,6,2024-06-09,19:21:19.277000,2024-06-09 19:21:19.277,2024,2,23,9,161,1,Coffee - Milk,Mid-Range,Evening
21,card,27.92,Americano,Night,Sun,Jun,7,6,2024-06-09,21:05:08.844000,2024-06-09 21:05:08.844,2024,2,23,9,161,1,Coffee - Black,Standard,Evening
12,card,37.72,Cappuccino,Afternoon,Mon,Jun,1,6,2024-06-10,12:47:49.861000,2024-06-10 12:47:49.861,2024,2,24,10,162,0,Coffee - Milk,Premium,Lunch Time
12,card,37.72,Latte,Afternoon,Mon,Jun,1,6,2024-06-10,12:56:48.268000,2024-06-10 12:56:48.268,2024,2,24,10,162,0,Coffee - Milk,Premium,Lunch Time
19,card,37.72,Hot Chocolate,Night,Mon,Jun,1,6,2024-06-10,19:04:28.106000,2024-06-10 19:04:28.106,2024,2,24,10,162,0,Non-Coffee,Premium,Evening
19,card,37.72,Hot Chocolate,Night,Mon,Jun,1,6,2024-06-10,19:05:22.770000,2024-06-10 19:05:22.770,2024,2,24,10,162,0,Non-Coffee,Premium,Evening
19,card,37.72,Latte,Night,Mon,Jun,1,6,2024-06-10,19:37:23.602000,2024-06-10 19:37:23.602,2024,2,24,10,162,0,Coffee - Milk,Premium,Evening
19,card,37.72,Latte,Night,Mon,Jun,1,6,2024-06-10,19:38:19.678000,2024-06-10 19:38:19.678,2024,2,24,10,162,0,Coffee - Milk,Premium,Evening
10,card,32.82,Americano with Milk,Morning,Tue,Jun,2,6,2024-06-11,10:38:03.953000,2024-06-11 10:38:03.953,2024,2,24,11,163,0,Coffee - Milk,Mid-Range,Mid Morning
18,card,37.72,Latte,Night,Tue,Jun,2,6,2024-06-11,18:48:25.292000,2024-06-11 18:48:25.292,2024,2,24,11,163,0,Coffee - Milk,Premium,Evening
18,card,37.72,Latte,Night,Tue,Jun,2,6,2024-06-11,18:49:36.428000,2024-06-11 18:49:36.428,2024,2,24,11,163,0,Coffee - Milk,Premium,Evening
21,card,37.72,Hot Chocolate,Night,Tue,Jun,2,6,2024-06-11,21:17:03.344000,2024-06-11 21:17:03.344,2024,2,24,11,163,0,Non-Coffee,Premium,Evening
21,card,32.82,Americano with Milk,Night,Tue,Jun,2,6,2024-06-11,21:27:41.900000,2024-06-11 21:27:41.900,2024,2,24,11,163,0,Coffee - Milk,Mid-Range,Evening
21,card,32.82,Americano with Milk,Night,Tue,Jun,2,6,2024-06-11,21:28:50.220000,2024-06-11 21:28:50.220,2024,2,24,11,163,0,Coffee - Milk,Mid-Range,Evening
10,card,37.72,Hot Chocolate,Morning,Wed,Jun,3,6,2024-06-12,10:18:18.786000,2024-06-12 10:18:18.786,2024,2,24,12,164,0,Non-Coffee,Premium,Mid Morning
11,card,37.72,Cappuccino,Morning,Wed,Jun,3,6,2024-06-12,11:51:43.858000,2024-06-12 11:51:43.858,2024,2,24,12,164,0,Coffee - Milk,Premium,Mid Morning
17,card,37.72,Latte,Night,Wed,Jun,3,6,2024-06-12,17:41:17.179000,2024-06-12 17:41:17.179,2024,2,24,12,164,0,Coffee - Milk,Premium,Afternoon
17,card,37.72,Latte,Night,Wed,Jun,3,6,2024-06-12,17:47:27.878000,2024-06-12 17:47:27.878,2024,2,24,12,164,0,Coffee - Milk,Premium,Afternoon
20,card,37.72,Hot Chocolate,Night,Wed,Jun,3,6,2024-06-12,20:16:33.648000,2024-06-12 20:16:33.648,2024,2,24,12,164,0,Non-Coffee,Premium,Evening
20,card,32.82,Americano with Milk,Night,Wed,Jun,3,6,2024-06-12,20:25:34.239000,2024-06-12 20:25:34.239,2024,2,24,12,164,0,Coffee - Milk,Mid-Range,Evening
8,card,27.92,Americano,Morning,Thu,Jun,4,6,2024-06-13,08:54:24.207000,2024-06-13 08:54:24.207,2024,2,24,13,165,0,Coffee - Black,Standard,Early Morning
8,card,37.72,Latte,Morning,Thu,Jun,4,6,2024-06-13,08:57:25.592000,2024-06-13 08:57:25.592,2024,2,24,13,165,0,Coffee - Milk,Premium,Early Morning
9,card,32.82,Americano with Milk,Morning,Thu,Jun,4,6,2024-06-13,09:50:25.038000,2024-06-13 09:50:25.038,2024,2,24,13,165,0,Coffee - Milk,Mid-Range,Mid Morning
9,card,27.92,Cortado,Morning,Thu,Jun,4,6,2024-06-13,09:57:11.518000,2024-06-13 09:57:11.518,2024,2,24,13,165,0,Coffee - Milk,Standard,Mid Morning
17,card,32.82,Americano with Milk,Night,Thu,Jun,4,6,2024-06-13,17:04:58.601000,2024-06-13 17:04:58.601,2024,2,24,13,165,0,Coffee - Milk,Mid-Range,Afternoon
17,card,37.72,Hot Chocolate,Night,Thu,Jun,4,6,2024-06-13,17:27:46.626000,2024-06-13 17:27:46.626,2024,2,24,13,165,0,Non-Coffee,Premium,Afternoon
19,card,37.72,Latte,Night,Thu,Jun,4,6,2024-06-13,19:22:19.083000,2024-06-13 19:22:19.083,2024,2,24,13,165,0,Coffee - Milk,Premium,Evening
20,card,32.82,Americano with Milk,Night,Thu,Jun,4,6,2024-06-13,20:20:51.762000,2024-06-13 20:20:51.762,2024,2,24,13,165,0,Coffee - Milk,Mid-Range,Evening
20,card,23.02,Espresso,Night,Thu,Jun,4,6,2024-06-13,20:43:45.991000,2024-06-13 20:43:45.991,2024,2,24,13,165,0,Coffee - Black,Standard,Evening
20,card,23.02,Espresso,Night,Thu,Jun,4,6,2024-06-13,20:45:00.615000,2024-06-13 20:45:00.615,2024,2,24,13,165,0,Coffee - Black,Standard,Evening
20,card,32.82,Americano with Milk,Night,Thu,Jun,4,6,2024-06-13,20:48:17.902000,2024-06-13 20:48:17.902,2024,2,24,13,165,0,Coffee - Milk,Mid-Range,Evening
21,card,32.82,Americano with Milk,Night,Thu,Jun,4,6,2024-06-13,21:02:28.377000,2024-06-13 21:02:28.377,2024,2,24,13,165,0,Coffee - Milk,Mid-Range,Evening
7,card,27.92,Cortado,Morning,Fri,Jun,5,6,2024-06-14,07:46:13.238000,2024-06-14 07:46:13.238,2024,2,24,14,166,0,Coffee - Milk,Standard,Early Morning
10,card,27.92,Americano,Morning,Fri,Jun,5,6,2024-06-14,10:30:31.584000,2024-06-14 10:30:31.584,2024,2,24,14,166,0,Coffee - Black,Standard,Mid Morning
12,card,37.72,Latte,Afternoon,Fri,Jun,5,6,2024-06-14,12:14:41.696000,2024-06-14 12:14:41.696,2024,2,24,14,166,0,Coffee - Milk,Premium,Lunch Time
18,card,32.82,Americano with Milk,Night,Fri,Jun,5,6,2024-06-14,18:29:53.399000,2024-06-14 18:29:53.399,2024,2,24,14,166,0,Coffee - Milk,Mid-Range,Evening
11,card,37.72,Cappuccino,Morning,Sat,Jun,6,6,2024-06-15,11:26:01.974000,2024-06-15 11:26:01.974,2024,2,24,15,167,1,Coffee - Milk,Premium,Mid Morning
12,card,37.72,Latte,Afternoon,Sat,Jun,6,6,2024-06-15,12:21:28.135000,2024-06-15 12:21:28.135,2024,2,24,15,167,1,Coffee - Milk,Premium,Lunch Time
12,card,32.82,Americano with Milk,Afternoon,Sat,Jun,6,6,2024-06-15,12:22:46.942000,2024-06-15 12:22:46.942,2024,2,24,15,167,1,Coffee - Milk,Mid-Range,Lunch Time
12,card,23.02,Espresso,Afternoon,Sat,Jun,6,6,2024-06-15,12:23:52.166000,2024-06-15 12:23:52.166,2024,2,24,15,167,1,Coffee - Black,Standard,Lunch Time
12,card,37.72,Cocoa,Afternoon,Sat,Jun,6,6,2024-06-15,12:24:35.130000,2024-06-15 12:24:35.130,2024,2,24,15,167,1,Non-Coffee,Premium,Lunch Time
12,card,32.82,Americano with Milk,Afternoon,Sat,Jun,6,6,2024-06-15,12:25:23.960000,2024-06-15 12:25:23.960,2024,2,24,15,167,1,Coffee - Milk,Mid-Range,Lunch Time
16,card,32.82,Americano with Milk,Afternoon,Sat,Jun,6,6,2024-06-15,16:03:29.909000,2024-06-15 16:03:29.909,2024,2,24,15,167,1,Coffee - Milk,Mid-Range,Afternoon
18,card,27.92,Americano,Night,Sat,Jun,6,6,2024-06-15,18:14:04.623000,2024-06-15 18:14:04.623,2024,2,24,15,167,1,Coffee - Black,Standard,Evening
10,card,32.82,Americano with Milk,Morning,Sun,Jun,7,6,2024-06-16,10:43:51.456000,2024-06-16 10:43:51.456,2024,2,24,16,168,1,Coffee - Milk,Mid-Range,Mid Morning
10,card,37.72,Latte,Morning,Sun,Jun,7,6,2024-06-16,10:58:41.366000,2024-06-16 10:58:41.366,2024,2,24,16,168,1,Coffee - Milk,Premium,Mid Morning
11,card,37.72,Hot Chocolate,Morning,Sun,Jun,7,6,2024-06-16,11:00:38.191000,2024-06-16 11:00:38.191,2024,2,24,16,168,1,Non-Coffee,Premium,Mid Morning
11,card,37.72,Hot Chocolate,Morning,Sun,Jun,7,6,2024-06-16,11:01:41.488000,2024-06-16 11:01:41.488,2024,2,24,16,168,1,Non-Coffee,Premium,Mid Morning
12,card,32.82,Americano with Milk,Afternoon,Sun,Jun,7,6,2024-06-16,12:49:27.624000,2024-06-16 12:49:27.624,2024,2,24,16,168,1,Coffee - Milk,Mid-Range,Lunch Time
14,card,23.02,Espresso,Afternoon,Sun,Jun,7,6,2024-06-16,14:00:38.992000,2024-06-16 14:00:38.992,2024,2,24,16,168,1,Coffee - Black,Standard,Lunch Time
15,card,32.82,Americano with Milk,Afternoon,Sun,Jun,7,6,2024-06-16,15:02:36.332000,2024-06-16 15:02:36.332,2024,2,24,16,168,1,Coffee - Milk,Mid-Range,Afternoon
15,card,32.82,Americano with Milk,Afternoon,Sun,Jun,7,6,2024-06-16,15:05:10.421000,2024-06-16 15:05:10.421,2024,2,24,16,168,1,Coffee - Milk,Mid-Range,Afternoon
15,card,37.72,Hot Chocolate,Afternoon,Sun,Jun,7,6,2024-06-16,15:43:59.593000,2024-06-16 15:43:59.593,2024,2,24,16,168,1,Non-Coffee,Premium,Afternoon
16,card,37.72,Hot Chocolate,Afternoon,Sun,Jun,7,6,2024-06-16,16:47:36.521000,2024-06-16 16:47:36.521,2024,2,24,16,168,1,Non-Coffee,Premium,Afternoon
17,card,32.82,Americano with Milk,Night,Sun,Jun,7,6,2024-06-16,17:45:17.267000,2024-06-16 17:45:17.267,2024,2,24,16,168,1,Coffee - Milk,Mid-Range,Afternoon
17,card,32.82,Americano with Milk,Night,Sun,Jun,7,6,2024-06-16,17:46:16.554000,2024-06-16 17:46:16.554,2024,2,24,16,168,1,Coffee - Milk,Mid-Range,Afternoon
8,card,27.92,Americano,Morning,Mon,Jun,1,6,2024-06-17,08:57:24.044000,2024-06-17 08:57:24.044,2024,2,25,17,169,0,Coffee - Black,Standard,Early Morning
10,card,27.92,Cortado,Morning,Mon,Jun,1,6,2024-06-17,10:12:05.139000,2024-06-17 10:12:05.139,2024,2,25,17,169,0,Coffee - Milk,Standard,Mid Morning
10,card,27.92,Cortado,Morning,Mon,Jun,1,6,2024-06-17,10:13:37.575000,2024-06-17 10:13:37.575,2024,2,25,17,169,0,Coffee - Milk,Standard,Mid Morning
10,card,37.72,Cappuccino,Morning,Mon,Jun,1,6,2024-06-17,10:55:51.608000,2024-06-17 10:55:51.608,2024,2,25,17,169,0,Coffee - Milk,Premium,Mid Morning
14,card,37.72,Cappuccino,Afternoon,Mon,Jun,1,6,2024-06-17,14:51:35.381000,2024-06-17 14:51:35.381,2024,2,25,17,169,0,Coffee - Milk,Premium,Lunch Time
16,card,37.72,Cappuccino,Afternoon,Mon,Jun,1,6,2024-06-17,16:50:13.441000,2024-06-17 16:50:13.441,2024,2,25,17,169,0,Coffee - Milk,Premium,Afternoon
16,card,37.72,Cappuccino,Afternoon,Mon,Jun,1,6,2024-06-17,16:51:11.038000,2024-06-17 16:51:11.038,2024,2,25,17,169,0,Coffee - Milk,Premium,Afternoon
16,card,27.92,Americano,Afternoon,Mon,Jun,1,6,2024-06-17,16:52:36.336000,2024-06-17 16:52:36.336,2024,2,25,17,169,0,Coffee - Black,Standard,Afternoon
18,card,27.92,Americano,Night,Mon,Jun,1,6,2024-06-17,18:51:19.631000,2024-06-17 18:51:19.631,2024,2,25,17,169,0,Coffee - Black,Standard,Evening
21,card,32.82,Americano with Milk,Night,Mon,Jun,1,6,2024-06-17,21:16:11.485000,2024-06-17 21:16:11.485,2024,2,25,17,169,0,Coffee - Milk,Mid-Range,Evening
14,card,27.92,Americano,Afternoon,Tue,Jun,2,6,2024-06-18,14:04:06.125000,2024-06-18 14:04:06.125,2024,2,25,18,170,0,Coffee - Black,Standard,Lunch Time
14,card,37.72,Cappuccino,Afternoon,Tue,Jun,2,6,2024-06-18,14:05:12.313000,2024-06-18 14:05:12.313,2024,2,25,18,170,0,Coffee - Milk,Premium,Lunch Time
19,card,37.72,Cappuccino,Night,Tue,Jun,2,6,2024-06-18,19:20:40.571000,2024-06-18 19:20:40.571,2024,2,25,18,170,0,Coffee - Milk,Premium,Evening
19,card,37.72,Cappuccino,Night,Tue,Jun,2,6,2024-06-18,19:21:38.892000,2024-06-18 19:21:38.892,2024,2,25,18,170,0,Coffee - Milk,Premium,Evening
20,card,27.92,Cortado,Night,Tue,Jun,2,6,2024-06-18,20:35:49.497000,2024-06-18 20:35:49.497,2024,2,25,18,170,0,Coffee - Milk,Standard,Evening
21,card,32.82,Americano with Milk,Night,Tue,Jun,2,6,2024-06-18,21:20:49.526000,2024-06-18 21:20:49.526,2024,2,25,18,170,0,Coffee - Milk,Mid-Range,Evening
21,card,32.82,Americano with Milk,Night,Tue,Jun,2,6,2024-06-18,21:22:18.518000,2024-06-18 21:22:18.518,2024,2,25,18,170,0,Coffee - Milk,Mid-Range,Evening
7,card,37.72,Latte,Morning,Wed,Jun,3,6,2024-06-19,07:47:19.833000,2024-06-19 07:47:19.833,2024,2,25,19,171,0,Coffee - Milk,Premium,Early Morning
8,card,27.92,Cortado,Morning,Wed,Jun,3,6,2024-06-19,08:17:54.508000,2024-06-19 08:17:54.508,2024,2,25,19,171,0,Coffee - Milk,Standard,Early Morning
10,card,27.92,Americano,Morning,Wed,Jun,3,6,2024-06-19,10:54:00.492000,2024-06-19 10:54:00.492,2024,2,25,19,171,0,Coffee - Black,Standard,Mid Morning
11,card,37.72,Latte,Morning,Wed,Jun,3,6,2024-06-19,11:11:27.807000,2024-06-19 11:11:27.807,2024,2,25,19,171,0,Coffee - Milk,Premium,Mid Morning
11,card,37.72,Cocoa,Morning,Wed,Jun,3,6,2024-06-19,11:12:31.412000,2024-06-19 11:12:31.412,2024,2,25,19,171,0,Non-Coffee,Premium,Mid Morning
14,card,32.82,Americano with Milk,Afternoon,Wed,Jun,3,6,2024-06-19,14:21:36.258000,2024-06-19 14:21:36.258,2024,2,25,19,171,0,Coffee - Milk,Mid-Range,Lunch Time
18,card,37.72,Cappuccino,Night,Wed,Jun,3,6,2024-06-19,18:28:43.437000,2024-06-19 18:28:43.437,2024,2,25,19,171,0,Coffee - Milk,Premium,Evening
18,card,37.72,Latte,Night,Wed,Jun,3,6,2024-06-19,18:29:58.961000,2024-06-19 18:29:58.961,2024,2,25,19,171,0,Coffee - Milk,Premium,Evening
19,card,32.82,Americano with Milk,Night,Wed,Jun,3,6,2024-06-19,19:31:31.293000,2024-06-19 19:31:31.293,2024,2,25,19,171,0,Coffee - Milk,Mid-Range,Evening
21,card,37.72,Cappuccino,Night,Wed,Jun,3,6,2024-06-19,21:28:59.485000,2024-06-19 21:28:59.485,2024,2,25,19,171,0,Coffee - Milk,Premium,Evening
21,card,32.82,Americano with Milk,Night,Wed,Jun,3,6,2024-06-19,21:30:03.484000,2024-06-19 21:30:03.484,2024,2,25,19,171,0,Coffee - Milk,Mid-Range,Evening
10,card,37.72,Latte,Morning,Thu,Jun,4,6,2024-06-20,10:50:06.453000,2024-06-20 10:50:06.453,2024,2,25,20,172,0,Coffee - Milk,Premium,Mid Morning
18,card,37.72,Latte,Night,Thu,Jun,4,6,2024-06-20,18:59:02.082000,2024-06-20 18:59:02.082,2024,2,25,20,172,0,Coffee - Milk,Premium,Evening
19,card,37.72,Latte,Night,Thu,Jun,4,6,2024-06-20,19:00:00.237000,2024-06-20 19:00:00.237,2024,2,25,20,172,0,Coffee - Milk,Premium,Evening
21,card,37.72,Latte,Night,Thu,Jun,4,6,2024-06-20,21:39:10.013000,2024-06-20 21:39:10.013,2024,2,25,20,172,0,Coffee - Milk,Premium,Evening
21,card,37.72,Latte,Night,Thu,Jun,4,6,2024-06-20,21:57:40.554000,2024-06-20 21:57:40.554,2024,2,25,20,172,0,Coffee - Milk,Premium,Evening
21,card,32.82,Americano with Milk,Night,Thu,Jun,4,6,2024-06-20,21:59:17.598000,2024-06-20 21:59:17.598,2024,2,25,20,172,0,Coffee - Milk,Mid-Range,Evening
9,card,37.72,Latte,Morning,Fri,Jun,5,6,2024-06-21,09:59:55.930000,2024-06-21 09:59:55.930,2024,2,25,21,173,0,Coffee - Milk,Premium,Mid Morning
10,card,27.92,Americano,Morning,Fri,Jun,5,6,2024-06-21,10:01:40.183000,2024-06-21 10:01:40.183,2024,2,25,21,173,0,Coffee - Black,Standard,Mid Morning
13,card,32.82,Americano with Milk,Afternoon,Fri,Jun,5,6,2024-06-21,13:19:19.416000,2024-06-21 13:19:19.416,2024,2,25,21,173,0,Coffee - Milk,Mid-Range,Lunch Time
13,card,32.82,Americano with Milk,Afternoon,Fri,Jun,5,6,2024-06-21,13:20:31.513000,2024-06-21 13:20:31.513,2024,2,25,21,173,0,Coffee - Milk,Mid-Range,Lunch Time
18,card,23.02,Espresso,Night,Fri,Jun,5,6,2024-06-21,18:12:16.064000,2024-06-21 18:12:16.064,2024,2,25,21,173,0,Coffee - Black,Standard,Evening
19,card,37.72,Latte,Night,Fri,Jun,5,6,2024-06-21,19:30:26.651000,2024-06-21 19:30:26.651,2024,2,25,21,173,0,Coffee - Milk,Premium,Evening
19,card,37.72,Cappuccino,Night,Fri,Jun,5,6,2024-06-21,19:47:06.201000,2024-06-21 19:47:06.201,2024,2,25,21,173,0,Coffee - Milk,Premium,Evening
19,card,37.72,Cappuccino,Night,Fri,Jun,5,6,2024-06-21,19:48:06.713000,2024-06-21 19:48:06.713,2024,2,25,21,173,0,Coffee - Milk,Premium,Evening
19,card,37.72,Cappuccino,Night,Fri,Jun,5,6,2024-06-21,19:49:54.505000,2024-06-21 19:49:54.505,2024,2,25,21,173,0,Coffee - Milk,Premium,Evening
19,card,37.72,Cappuccino,Night,Fri,Jun,5,6,2024-06-21,19:51:00.211000,2024-06-21 19:51:00.211,2024,2,25,21,173,0,Coffee - Milk,Premium,Evening
19,card,27.92,Americano,Night,Fri,Jun,5,6,2024-06-21,19:52:18.775000,2024-06-21 19:52:18.775,2024,2,25,21,173,0,Coffee - Black,Standard,Evening
19,card,32.82,Americano with Milk,Night,Fri,Jun,5,6,2024-06-21,19:55:37.142000,2024-06-21 19:55:37.142,2024,2,25,21,173,0,Coffee - Milk,Mid-Range,Evening
8,card,27.92,Cortado,Morning,Sat,Jun,6,6,2024-06-22,08:39:50.273000,2024-06-22 08:39:50.273,2024,2,25,22,174,1,Coffee - Milk,Standard,Early Morning
9,card,32.82,Americano with Milk,Morning,Sat,Jun,6,6,2024-06-22,09:37:48.779000,2024-06-22 09:37:48.779,2024,2,25,22,174,1,Coffee - Milk,Mid-Range,Mid Morning
12,card,32.82,Americano with Milk,Afternoon,Sat,Jun,6,6,2024-06-22,12:53:15.541000,2024-06-22 12:53:15.541,2024,2,25,22,174,1,Coffee - Milk,Mid-Range,Lunch Time
15,card,37.72,Latte,Afternoon,Sat,Jun,6,6,2024-06-22,15:37:20.137000,2024-06-22 15:37:20.137,2024,2,25,22,174,1,Coffee - Milk,Premium,Afternoon
22,card,37.72,Cappuccino,Night,Sat,Jun,6,6,2024-06-22,22:10:22.998000,2024-06-22 22:10:22.998,2024,2,25,22,174,1,Coffee - Milk,Premium,Evening
18,card,32.82,Americano with Milk,Night,Sun,Jun,7,6,2024-06-23,18:12:01.406000,2024-06-23 18:12:01.406,2024,2,25,23,175,1,Coffee - Milk,Mid-Range,Evening
18,card,32.82,Americano with Milk,Night,Sun,Jun,7,6,2024-06-23,18:13:50.638000,2024-06-23 18:13:50.638,2024,2,25,23,175,1,Coffee - Milk,Mid-Range,Evening
21,card,37.72,Cappuccino,Night,Sun,Jun,7,6,2024-06-23,21:06:46.956000,2024-06-23 21:06:46.956,2024,2,25,23,175,1,Coffee - Milk,Premium,Evening
21,card,37.72,Latte,Night,Sun,Jun,7,6,2024-06-23,21:29:07.823000,2024-06-23 21:29:07.823,2024,2,25,23,175,1,Coffee - Milk,Premium,Evening
21,card,37.72,Cappuccino,Night,Sun,Jun,7,6,2024-06-23,21:30:36.375000,2024-06-23 21:30:36.375,2024,2,25,23,175,1,Coffee - Milk,Premium,Evening
11,card,32.82,Americano with Milk,Morning,Mon,Jun,1,6,2024-06-24,11:44:39.939000,2024-06-24 11:44:39.939,2024,2,26,24,176,0,Coffee - Milk,Mid-Range,Mid Morning
11,card,37.72,Cappuccino,Morning,Mon,Jun,1,6,2024-06-24,11:49:36.044000,2024-06-24 11:49:36.044,2024,2,26,24,176,0,Coffee - Milk,Premium,Mid Morning
11,card,37.72,Cappuccino,Morning,Mon,Jun,1,6,2024-06-24,11:50:44.080000,2024-06-24 11:50:44.080,2024,2,26,24,176,0,Coffee - Milk,Premium,Mid Morning
15,card,37.72,Latte,Afternoon,Mon,Jun,1,6,2024-06-24,15:02:28.995000,2024-06-24 15:02:28.995,2024,2,26,24,176,0,Coffee - Milk,Premium,Afternoon
16,card,37.72,Cappuccino,Afternoon,Mon,Jun,1,6,2024-06-24,16:46:00.573000,2024-06-24 16:46:00.573,2024,2,26,24,176,0,Coffee - Milk,Premium,Afternoon
16,card,37.72,Cappuccino,Afternoon,Mon,Jun,1,6,2024-06-24,16:47:00.409000,2024-06-24 16:47:00.409,2024,2,26,24,176,0,Coffee - Milk,Premium,Afternoon
8,card,37.72,Latte,Morning,Tue,Jun,2,6,2024-06-25,08:19:24.244000,2024-06-25 08:19:24.244,2024,2,26,25,177,0,Coffee - Milk,Premium,Early Morning
10,card,32.82,Americano with Milk,Morning,Tue,Jun,2,6,2024-06-25,10:28:26.408000,2024-06-25 10:28:26.408,2024,2,26,25,177,0,Coffee - Milk,Mid-Range,Mid Morning
10,card,32.82,Americano with Milk,Morning,Tue,Jun,2,6,2024-06-25,10:29:42.410000,2024-06-25 10:29:42.410,2024,2,26,25,177,0,Coffee - Milk,Mid-Range,Mid Morning
11,card,37.72,Cappuccino,Morning,Tue,Jun,2,6,2024-06-25,11:34:52.296000,2024-06-25 11:34:52.296,2024,2,26,25,177,0,Coffee - Milk,Premium,Mid Morning
9,card,37.72,Latte,Morning,Wed,Jun,3,6,2024-06-26,09:33:01.706000,2024-06-26 09:33:01.706,2024,2,26,26,178,0,Coffee - Milk,Premium,Mid Morning
16,card,23.02,Espresso,Afternoon,Wed,Jun,3,6,2024-06-26,16:32:29.453000,2024-06-26 16:32:29.453,2024,2,26,26,178,0,Coffee - Black,Standard,Afternoon
16,card,27.92,Americano,Afternoon,Wed,Jun,3,6,2024-06-26,16:34:01.607000,2024-06-26 16:34:01.607,2024,2,26,26,178,0,Coffee - Black,Standard,Afternoon
21,card,37.72,Latte,Night,Wed,Jun,3,6,2024-06-26,21:21:53.296000,2024-06-26 21:21:53.296,2024,2,26,26,178,0,Coffee - Milk,Premium,Evening
21,card,37.72,Cappuccino,Night,Wed,Jun,3,6,2024-06-26,21:27:00.807000,2024-06-26 21:27:00.807,2024,2,26,26,178,0,Coffee - Milk,Premium,Evening
21,card,32.82,Americano with Milk,Night,Wed,Jun,3,6,2024-06-26,21:28:14.566000,2024-06-26 21:28:14.566,2024,2,26,26,178,0,Coffee - Milk,Mid-Range,Evening
9,card,32.82,Americano with Milk,Morning,Thu,Jun,4,6,2024-06-27,09:15:43.173000,2024-06-27 09:15:43.173,2024,2,26,27,179,0,Coffee - Milk,Mid-Range,Mid Morning
16,card,27.92,Cortado,Afternoon,Thu,Jun,4,6,2024-06-27,16:11:48,2024-06-27 16:11:48.000,2024,2,26,27,179,0,Coffee - Milk,Standard,Afternoon
21,card,32.82,Americano with Milk,Night,Thu,Jun,4,6,2024-06-27,21:44:03.372000,2024-06-27 21:44:03.372,2024,2,26,27,179,0,Coffee - Milk,Mid-Range,Evening
21,card,37.72,Cappuccino,Night,Thu,Jun,4,6,2024-06-27,21:50:31.617000,2024-06-27 21:50:31.617,2024,2,26,27,179,0,Coffee - Milk,Premium,Evening
8,card,27.92,Cortado,Morning,Fri,Jun,5,6,2024-06-28,08:08:35.044000,2024-06-28 08:08:35.044,2024,2,26,28,180,0,Coffee - Milk,Standard,Early Morning
17,card,23.02,Espresso,Night,Fri,Jun,5,6,2024-06-28,17:51:53.993000,2024-06-28 17:51:53.993,2024,2,26,28,180,0,Coffee - Black,Standard,Afternoon
21,card,32.82,Americano with Milk,Night,Fri,Jun,5,6,2024-06-28,21:50:55.375000,2024-06-28 21:50:55.375,2024,2,26,28,180,0,Coffee - Milk,Mid-Range,Evening
21,card,37.72,Latte,Night,Fri,Jun,5,6,2024-06-28,21:52:01.867000,2024-06-28 21:52:01.867,2024,2,26,28,180,0,Coffee - Milk,Premium,Evening
22,card,37.72,Cappuccino,Night,Fri,Jun,5,6,2024-06-28,22:28:19.976000,2024-06-28 22:28:19.976,2024,2,26,28,180,0,Coffee - Milk,Premium,Evening
9,card,32.82,Americano with Milk,Morning,Sat,Jun,6,6,2024-06-29,09:47:10.304000,2024-06-29 09:47:10.304,2024,2,26,29,181,1,Coffee - Milk,Mid-Range,Mid Morning
11,card,32.82,Americano with Milk,Morning,Sat,Jun,6,6,2024-06-29,11:40:19.582000,2024-06-29 11:40:19.582,2024,2,26,29,181,1,Coffee - Milk,Mid-Range,Mid Morning
11,card,32.82,Americano with Milk,Morning,Sat,Jun,6,6,2024-06-29,11:41:26.609000,2024-06-29 11:41:26.609,2024,2,26,29,181,1,Coffee - Milk,Mid-Range,Mid Morning
12,card,37.72,Cappuccino,Afternoon,Sat,Jun,6,6,2024-06-29,12:30:24.358000,2024-06-29 12:30:24.358,2024,2,26,29,181,1,Coffee - Milk,Premium,Lunch Time
12,card,37.72,Cappuccino,Afternoon,Sat,Jun,6,6,2024-06-29,12:31:42.582000,2024-06-29 12:31:42.582,2024,2,26,29,181,1,Coffee - Milk,Premium,Lunch Time
17,card,37.72,Cappuccino,Night,Sat,Jun,6,6,2024-06-29,17:23:43.583000,2024-06-29 17:23:43.583,2024,2,26,29,181,1,Coffee - Milk,Premium,Afternoon
17,card,37.72,Hot Chocolate,Night,Sat,Jun,6,6,2024-06-29,17:24:52.377000,2024-06-29 17:24:52.377,2024,2,26,29,181,1,Non-Coffee,Premium,Afternoon
21,card,37.72,Latte,Night,Sat,Jun,6,6,2024-06-29,21:27:22.449000,2024-06-29 21:27:22.449,2024,2,26,29,181,1,Coffee - Milk,Premium,Evening
10,card,37.72,Latte,Morning,Sun,Jun,7,6,2024-06-30,10:28:09.842000,2024-06-30 10:28:09.842,2024,2,26,30,182,1,Coffee - Milk,Premium,Mid Morning
13,card,23.02,Espresso,Afternoon,Sun,Jun,7,6,2024-06-30,13:05:50.620000,2024-06-30 13:05:50.620,2024,2,26,30,182,1,Coffee - Black,Standard,Lunch Time
16,card,37.72,Hot Chocolate,Afternoon,Sun,Jun,7,6,2024-06-30,16:54:41.679000,2024-06-30 16:54:41.679,2024,2,26,30,182,1,Non-Coffee,Premium,Afternoon
21,card,32.82,Americano with Milk,Night,Sun,Jun,7,6,2024-06-30,21:04:09.746000,2024-06-30 21:04:09.746,2024,2,26,30,182,1,Coffee - Milk,Mid-Range,Evening
18,card,23.02,Espresso,Night,Mon,Jul,1,7,2024-07-01,18:07:26.760000,2024-07-01 18:07:26.760,2024,3,27,1,183,0,Coffee - Black,Standard,Evening
18,card,37.72,Cappuccino,Night,Mon,Jul,1,7,2024-07-01,18:56:51.844000,2024-07-01 18:56:51.844,2024,3,27,1,183,0,Coffee - Milk,Premium,Evening
18,card,37.72,Cappuccino,Night,Mon,Jul,1,7,2024-07-01,18:57:54.267000,2024-07-01 18:57:54.267,2024,3,27,1,183,0,Coffee - Milk,Premium,Evening
10,card,32.82,Americano with Milk,Morning,Tue,Jul,2,7,2024-07-02,10:42:54.057000,2024-07-02 10:42:54.057,2024,3,27,2,184,0,Coffee - Milk,Mid-Range,Mid Morning
10,card,27.92,Americano,Morning,Tue,Jul,2,7,2024-07-02,10:45:00.617000,2024-07-02 10:45:00.617,2024,3,27,2,184,0,Coffee - Black,Standard,Mid Morning
12,card,37.72,Latte,Afternoon,Tue,Jul,2,7,2024-07-02,12:48:05.181000,2024-07-02 12:48:05.181,2024,3,27,2,184,0,Coffee - Milk,Premium,Lunch Time
14,card,27.92,Americano,Afternoon,Tue,Jul,2,7,2024-07-02,14:03:13.231000,2024-07-02 14:03:13.231,2024,3,27,2,184,0,Coffee - Black,Standard,Lunch Time
16,card,32.82,Americano with Milk,Afternoon,Tue,Jul,2,7,2024-07-02,16:31:24.337000,2024-07-02 16:31:24.337,2024,3,27,2,184,0,Coffee - Milk,Mid-Range,Afternoon
22,card,32.82,Americano with Milk,Night,Tue,Jul,2,7,2024-07-02,22:02:23.576000,2024-07-02 22:02:23.576,2024,3,27,2,184,0,Coffee - Milk,Mid-Range,Evening
13,card,32.82,Americano with Milk,Afternoon,Wed,Jul,3,7,2024-07-03,13:51:14.935000,2024-07-03 13:51:14.935,2024,3,27,3,185,0,Coffee - Milk,Mid-Range,Lunch Time
16,card,37.72,Cappuccino,Afternoon,Wed,Jul,3,7,2024-07-03,16:01:16.554000,2024-07-03 16:01:16.554,2024,3,27,3,185,0,Coffee - Milk,Premium,Afternoon
16,card,37.72,Cappuccino,Afternoon,Wed,Jul,3,7,2024-07-03,16:50:25.223000,2024-07-03 16:50:25.223,2024,3,27,3,185,0,Coffee - Milk,Premium,Afternoon
16,card,32.82,Americano with Milk,Afternoon,Wed,Jul,3,7,2024-07-03,16:53:15.618000,2024-07-03 16:53:15.618,2024,3,27,3,185,0,Coffee - Milk,Mid-Range,Afternoon
16,card,32.82,Americano with Milk,Afternoon,Wed,Jul,3,7,2024-07-03,16:54:22.907000,2024-07-03 16:54:22.907,2024,3,27,3,185,0,Coffee - Milk,Mid-Range,Afternoon
16,card,37.72,Latte,Afternoon,Wed,Jul,3,7,2024-07-03,16:55:31.423000,2024-07-03 16:55:31.423,2024,3,27,3,185,0,Coffee - Milk,Premium,Afternoon
16,card,23.02,Espresso,Afternoon,Wed,Jul,3,7,2024-07-03,16:59:25.580000,2024-07-03 16:59:25.580,2024,3,27,3,185,0,Coffee - Black,Standard,Afternoon
17,card,37.72,Cappuccino,Night,Wed,Jul,3,7,2024-07-03,17:59:01.827000,2024-07-03 17:59:01.827,2024,3,27,3,185,0,Coffee - Milk,Premium,Afternoon
19,card,37.72,Latte,Night,Wed,Jul,3,7,2024-07-03,19:06:09.136000,2024-07-03 19:06:09.136,2024,3,27,3,185,0,Coffee - Milk,Premium,Evening
10,card,32.82,Americano with Milk,Morning,Thu,Jul,4,7,2024-07-04,10:26:23.725000,2024-07-04 10:26:23.725,2024,3,27,4,186,0,Coffee - Milk,Mid-Range,Mid Morning
10,card,27.92,Americano,Morning,Thu,Jul,4,7,2024-07-04,10:27:30.261000,2024-07-04 10:27:30.261,2024,3,27,4,186,0,Coffee - Black,Standard,Mid Morning
12,card,37.72,Cocoa,Afternoon,Fri,Jul,5,7,2024-07-05,12:20:28.670000,2024-07-05 12:20:28.670,2024,3,27,5,187,0,Non-Coffee,Premium,Lunch Time
13,card,32.82,Americano with Milk,Afternoon,Fri,Jul,5,7,2024-07-05,13:43:43.134000,2024-07-05 13:43:43.134,2024,3,27,5,187,0,Coffee - Milk,Mid-Range,Lunch Time
13,card,32.82,Americano with Milk,Afternoon,Fri,Jul,5,7,2024-07-05,13:44:43.829000,2024-07-05 13:44:43.829,2024,3,27,5,187,0,Coffee - Milk,Mid-Range,Lunch Time
18,card,23.02,Espresso,Night,Fri,Jul,5,7,2024-07-05,18:55:56.308000,2024-07-05 18:55:56.308,2024,3,27,5,187,0,Coffee - Black,Standard,Evening
19,card,27.92,Americano,Night,Fri,Jul,5,7,2024-07-05,19:55:07.812000,2024-07-05 19:55:07.812,2024,3,27,5,187,0,Coffee - Black,Standard,Evening
22,card,23.02,Espresso,Night,Fri,Jul,5,7,2024-07-05,22:11:56.471000,2024-07-05 22:11:56.471,2024,3,27,5,187,0,Coffee - Black,Standard,Evening
22,card,27.92,Americano,Night,Fri,Jul,5,7,2024-07-05,22:18:03.324000,2024-07-05 22:18:03.324,2024,3,27,5,187,0,Coffee - Black,Standard,Evening
22,card,27.92,Americano,Night,Fri,Jul,5,7,2024-07-05,22:18:56.945000,2024-07-05 22:18:56.945,2024,3,27,5,187,0,Coffee - Black,Standard,Evening
22,card,37.72,Cappuccino,Night,Fri,Jul,5,7,2024-07-05,22:20:01.149000,2024-07-05 22:20:01.149,2024,3,27,5,187,0,Coffee - Milk,Premium,Evening
22,card,32.82,Americano with Milk,Night,Fri,Jul,5,7,2024-07-05,22:21:09.457000,2024-07-05 22:21:09.457,2024,3,27,5,187,0,Coffee - Milk,Mid-Range,Evening
10,card,37.72,Latte,Morning,Sat,Jul,6,7,2024-07-06,10:28:06.826000,2024-07-06 10:28:06.826,2024,3,27,6,188,1,Coffee - Milk,Premium,Mid Morning
17,card,32.82,Latte,Night,Sat,Jul,6,7,2024-07-06,17:15:46.042000,2024-07-06 17:15:46.042,2024,3,27,6,188,1,Coffee - Milk,Mid-Range,Afternoon
17,card,32.82,Latte,Night,Sat,Jul,6,7,2024-07-06,17:17:01.046000,2024-07-06 17:17:01.046,2024,3,27,6,188,1,Coffee - Milk,Mid-Range,Afternoon
19,card,32.82,Latte,Night,Sat,Jul,6,7,2024-07-06,19:09:46.107000,2024-07-06 19:09:46.107,2024,3,27,6,188,1,Coffee - Milk,Mid-Range,Evening
19,card,27.92,Americano with Milk,Night,Sat,Jul,6,7,2024-07-06,19:10:39.580000,2024-07-06 19:10:39.580,2024,3,27,6,188,1,Coffee - Milk,Standard,Evening
9,card,32.82,Cappuccino,Morning,Sun,Jul,7,7,2024-07-07,09:04:20.169000,2024-07-07 09:04:20.169,2024,3,27,7,189,1,Coffee - Milk,Mid-Range,Mid Morning
9,card,27.92,Americano with Milk,Morning,Sun,Jul,7,7,2024-07-07,09:14:29.225000,2024-07-07 09:14:29.225,2024,3,27,7,189,1,Coffee - Milk,Standard,Mid Morning
9,card,27.92,Americano with Milk,Morning,Sun,Jul,7,7,2024-07-07,09:15:36.815000,2024-07-07 09:15:36.815,2024,3,27,7,189,1,Coffee - Milk,Standard,Mid Morning
9,card,32.82,Cappuccino,Morning,Sun,Jul,7,7,2024-07-07,09:28:48.876000,2024-07-07 09:28:48.876,2024,3,27,7,189,1,Coffee - Milk,Mid-Range,Mid Morning
9,card,32.82,Cappuccino,Morning,Sun,Jul,7,7,2024-07-07,09:29:56.189000,2024-07-07 09:29:56.189,2024,3,27,7,189,1,Coffee - Milk,Mid-Range,Mid Morning
14,card,32.82,Hot Chocolate,Afternoon,Sun,Jul,7,7,2024-07-07,14:56:30.193000,2024-07-07 14:56:30.193,2024,3,27,7,189,1,Non-Coffee,Mid-Range,Lunch Time
14,card,32.82,Cocoa,Afternoon,Sun,Jul,7,7,2024-07-07,14:57:47.411000,2024-07-07 14:57:47.411,2024,3,27,7,189,1,Non-Coffee,Mid-Range,Lunch Time
17,card,32.82,Latte,Night,Sun,Jul,7,7,2024-07-07,17:07:50.284000,2024-07-07 17:07:50.284,2024,3,27,7,189,1,Coffee - Milk,Mid-Range,Afternoon
19,card,32.82,Cappuccino,Night,Sun,Jul,7,7,2024-07-07,19:33:27.187000,2024-07-07 19:33:27.187,2024,3,27,7,189,1,Coffee - Milk,Mid-Range,Evening
20,card,32.82,Hot Chocolate,Night,Sun,Jul,7,7,2024-07-07,20:01:31.653000,2024-07-07 20:01:31.653,2024,3,27,7,189,1,Non-Coffee,Mid-Range,Evening
22,card,27.92,Americano with Milk,Night,Sun,Jul,7,7,2024-07-07,22:33:36.255000,2024-07-07 22:33:36.255,2024,3,27,7,189,1,Coffee - Milk,Standard,Evening
7,card,32.82,Latte,Morning,Mon,Jul,1,7,2024-07-08,07:33:07.724000,2024-07-08 07:33:07.724,2024,3,28,8,190,0,Coffee - Milk,Mid-Range,Early Morning
12,card,23.02,Americano,Afternoon,Mon,Jul,1,7,2024-07-08,12:02:50.421000,2024-07-08 12:02:50.421,2024,3,28,8,190,0,Coffee - Black,Standard,Lunch Time
14,card,23.02,Americano,Afternoon,Mon,Jul,1,7,2024-07-08,14:40:24.350000,2024-07-08 14:40:24.350,2024,3,28,8,190,0,Coffee - Black,Standard,Lunch Time
19,card,27.92,Americano with Milk,Night,Mon,Jul,1,7,2024-07-08,19:30:34.976000,2024-07-08 19:30:34.976,2024,3,28,8,190,0,Coffee - Milk,Standard,Evening
22,card,32.82,Latte,Night,Mon,Jul,1,7,2024-07-08,22:14:46.180000,2024-07-08 22:14:46.180,2024,3,28,8,190,0,Coffee - Milk,Mid-Range,Evening
10,card,27.92,Americano with Milk,Morning,Tue,Jul,2,7,2024-07-09,10:26:52.138000,2024-07-09 10:26:52.138,2024,3,28,9,191,0,Coffee - Milk,Standard,Mid Morning
10,card,27.92,Americano with Milk,Morning,Tue,Jul,2,7,2024-07-09,10:40:28.767000,2024-07-09 10:40:28.767,2024,3,28,9,191,0,Coffee - Milk,Standard,Mid Morning
11,card,27.92,Americano with Milk,Morning,Tue,Jul,2,7,2024-07-09,11:21:36.103000,2024-07-09 11:21:36.103,2024,3,28,9,191,0,Coffee - Milk,Standard,Mid Morning
11,card,32.82,Cappuccino,Morning,Tue,Jul,2,7,2024-07-09,11:22:49.904000,2024-07-09 11:22:49.904,2024,3,28,9,191,0,Coffee - Milk,Mid-Range,Mid Morning
16,card,27.92,Americano with Milk,Afternoon,Tue,Jul,2,7,2024-07-09,16:42:59.535000,2024-07-09 16:42:59.535,2024,3,28,9,191,0,Coffee - Milk,Standard,Afternoon
11,card,23.02,Americano,Morning,Wed,Jul,3,7,2024-07-10,11:10:41.690000,2024-07-10 11:10:41.690,2024,3,28,10,192,0,Coffee - Black,Standard,Mid Morning
12,card,27.92,Americano with Milk,Afternoon,Wed,Jul,3,7,2024-07-10,12:28:53.659000,2024-07-10 12:28:53.659,2024,3,28,10,192,0,Coffee - Milk,Standard,Lunch Time
22,card,32.82,Latte,Night,Wed,Jul,3,7,2024-07-10,22:13:10.049000,2024-07-10 22:13:10.049,2024,3,28,10,192,0,Coffee - Milk,Mid-Range,Evening
11,card,32.82,Hot Chocolate,Morning,Thu,Jul,4,7,2024-07-11,11:27:27.562000,2024-07-11 11:27:27.562,2024,3,28,11,193,0,Non-Coffee,Mid-Range,Mid Morning
16,card,27.92,Americano with Milk,Afternoon,Thu,Jul,4,7,2024-07-11,16:48:18.709000,2024-07-11 16:48:18.709,2024,3,28,11,193,0,Coffee - Milk,Standard,Afternoon
22,card,32.82,Latte,Night,Thu,Jul,4,7,2024-07-11,22:22:13.648000,2024-07-11 22:22:13.648,2024,3,28,11,193,0,Coffee - Milk,Mid-Range,Evening
22,card,23.02,Americano,Night,Thu,Jul,4,7,2024-07-11,22:30:58.541000,2024-07-11 22:30:58.541,2024,3,28,11,193,0,Coffee - Black,Standard,Evening
8,card,23.02,Cortado,Morning,Fri,Jul,5,7,2024-07-12,08:03:17.492000,2024-07-12 08:03:17.492,2024,3,28,12,194,0,Coffee - Milk,Standard,Early Morning
11,card,32.82,Hot Chocolate,Morning,Fri,Jul,5,7,2024-07-12,11:48:33.381000,2024-07-12 11:48:33.381,2024,3,28,12,194,0,Non-Coffee,Mid-Range,Mid Morning
22,card,32.82,Hot Chocolate,Night,Fri,Jul,5,7,2024-07-12,22:33:25.589000,2024-07-12 22:33:25.589,2024,3,28,12,194,0,Non-Coffee,Mid-Range,Evening
22,card,32.82,Hot Chocolate,Night,Fri,Jul,5,7,2024-07-12,22:34:14.307000,2024-07-12 22:34:14.307,2024,3,28,12,194,0,Non-Coffee,Mid-Range,Evening
22,card,32.82,Hot Chocolate,Night,Fri,Jul,5,7,2024-07-12,22:35:29.518000,2024-07-12 22:35:29.518,2024,3,28,12,194,0,Non-Coffee,Mid-Range,Evening
10,card,32.82,Latte,Morning,Sat,Jul,6,7,2024-07-13,10:38:10.273000,2024-07-13 10:38:10.273,2024,3,28,13,195,1,Coffee - Milk,Mid-Range,Mid Morning
11,card,32.82,Latte,Morning,Sat,Jul,6,7,2024-07-13,11:41:38.089000,2024-07-13 11:41:38.089,2024,3,28,13,195,1,Coffee - Milk,Mid-Range,Mid Morning
10,card,23.02,Americano,Morning,Sun,Jul,7,7,2024-07-14,10:54:24.307000,2024-07-14 10:54:24.307,2024,3,28,14,196,1,Coffee - Black,Standard,Mid Morning
10,card,27.92,Americano with Milk,Morning,Sun,Jul,7,7,2024-07-14,10:55:30.525000,2024-07-14 10:55:30.525,2024,3,28,14,196,1,Coffee - Milk,Standard,Mid Morning
10,card,32.82,Cappuccino,Morning,Sun,Jul,7,7,2024-07-14,10:56:30.251000,2024-07-14 10:56:30.251,2024,3,28,14,196,1,Coffee - Milk,Mid-Range,Mid Morning
10,card,32.82,Latte,Morning,Sun,Jul,7,7,2024-07-14,10:57:54.062000,2024-07-14 10:57:54.062,2024,3,28,14,196,1,Coffee - Milk,Mid-Range,Mid Morning
11,card,23.02,Americano,Morning,Sun,Jul,7,7,2024-07-14,11:02:11.798000,2024-07-14 11:02:11.798,2024,3,28,14,196,1,Coffee - Black,Standard,Mid Morning
22,card,32.82,Latte,Night,Sun,Jul,7,7,2024-07-14,22:31:29.976000,2024-07-14 22:31:29.976,2024,3,28,14,196,1,Coffee - Milk,Mid-Range,Evening
7,card,32.82,Cappuccino,Morning,Mon,Jul,1,7,2024-07-15,07:33:05.557000,2024-07-15 07:33:05.557,2024,3,29,15,197,0,Coffee - Milk,Mid-Range,Early Morning
12,card,27.92,Americano with Milk,Afternoon,Tue,Jul,2,7,2024-07-16,12:23:37.467000,2024-07-16 12:23:37.467,2024,3,29,16,198,0,Coffee - Milk,Standard,Lunch Time
19,card,32.82,Hot Chocolate,Night,Tue,Jul,2,7,2024-07-16,19:29:25.485000,2024-07-16 19:29:25.485,2024,3,29,16,198,0,Non-Coffee,Mid-Range,Evening
13,card,27.92,Americano with Milk,Afternoon,Wed,Jul,3,7,2024-07-17,13:04:59.744000,2024-07-17 13:04:59.744,2024,3,29,17,199,0,Coffee - Milk,Standard,Lunch Time
11,card,27.92,Americano with Milk,Morning,Thu,Jul,4,7,2024-07-18,11:10:13.393000,2024-07-18 11:10:13.393,2024,3,29,18,200,0,Coffee - Milk,Standard,Mid Morning
11,card,18.12,Espresso,Morning,Thu,Jul,4,7,2024-07-18,11:11:23.434000,2024-07-18 11:11:23.434,2024,3,29,18,200,0,Coffee - Black,Standard,Mid Morning
11,card,23.02,Americano,Morning,Thu,Jul,4,7,2024-07-18,11:32:59.624000,2024-07-18 11:32:59.624,2024,3,29,18,200,0,Coffee - Black,Standard,Mid Morning
11,card,23.02,Americano,Morning,Thu,Jul,4,7,2024-07-18,11:34:48.437000,2024-07-18 11:34:48.437,2024,3,29,18,200,0,Coffee - Black,Standard,Mid Morning
11,card,23.02,Cortado,Morning,Thu,Jul,4,7,2024-07-18,11:35:51.505000,2024-07-18 11:35:51.505,2024,3,29,18,200,0,Coffee - Milk,Standard,Mid Morning
13,card,32.82,Latte,Afternoon,Thu,Jul,4,7,2024-07-18,13:23:33.812000,2024-07-18 13:23:33.812,2024,3,29,18,200,0,Coffee - Milk,Mid-Range,Lunch Time
18,card,32.82,Cappuccino,Night,Thu,Jul,4,7,2024-07-18,18:18:23.378000,2024-07-18 18:18:23.378,2024,3,29,18,200,0,Coffee - Milk,Mid-Range,Evening
19,card,32.82,Latte,Night,Thu,Jul,4,7,2024-07-18,19:30:50.562000,2024-07-18 19:30:50.562,2024,3,29,18,200,0,Coffee - Milk,Mid-Range,Evening
21,card,32.82,Hot Chocolate,Night,Thu,Jul,4,7,2024-07-18,21:19:41.814000,2024-07-18 21:19:41.814,2024,3,29,18,200,0,Non-Coffee,Mid-Range,Evening
21,card,32.82,Latte,Night,Thu,Jul,4,7,2024-07-18,21:21:59.855000,2024-07-18 21:21:59.855,2024,3,29,18,200,0,Coffee - Milk,Mid-Range,Evening
21,card,32.82,Latte,Night,Thu,Jul,4,7,2024-07-18,21:46:18.674000,2024-07-18 21:46:18.674,2024,3,29,18,200,0,Coffee - Milk,Mid-Range,Evening
11,card,23.02,Americano,Morning,Fri,Jul,5,7,2024-07-19,11:03:02.341000,2024-07-19 11:03:02.341,2024,3,29,19,201,0,Coffee - Black,Standard,Mid Morning
11,card,27.92,Americano with Milk,Morning,Fri,Jul,5,7,2024-07-19,11:16:20.509000,2024-07-19 11:16:20.509,2024,3,29,19,201,0,Coffee - Milk,Standard,Mid Morning
12,card,32.82,Latte,Afternoon,Fri,Jul,5,7,2024-07-19,12:58:37.561000,2024-07-19 12:58:37.561,2024,3,29,19,201,0,Coffee - Milk,Mid-Range,Lunch Time
12,card,27.92,Americano with Milk,Afternoon,Fri,Jul,5,7,2024-07-19,12:59:55.383000,2024-07-19 12:59:55.383,2024,3,29,19,201,0,Coffee - Milk,Standard,Lunch Time
14,card,32.82,Latte,Afternoon,Fri,Jul,5,7,2024-07-19,14:09:20.716000,2024-07-19 14:09:20.716,2024,3,29,19,201,0,Coffee - Milk,Mid-Range,Lunch Time
14,card,32.82,Cocoa,Afternoon,Fri,Jul,5,7,2024-07-19,14:11:22.105000,2024-07-19 14:11:22.105,2024,3,29,19,201,0,Non-Coffee,Mid-Range,Lunch Time
16,card,32.82,Latte,Afternoon,Fri,Jul,5,7,2024-07-19,16:36:19.272000,2024-07-19 16:36:19.272,2024,3,29,19,201,0,Coffee - Milk,Mid-Range,Afternoon
16,card,32.82,Latte,Afternoon,Fri,Jul,5,7,2024-07-19,16:37:35.808000,2024-07-19 16:37:35.808,2024,3,29,19,201,0,Coffee - Milk,Mid-Range,Afternoon
8,card,23.02,Americano,Morning,Sat,Jul,6,7,2024-07-20,08:05:44.469000,2024-07-20 08:05:44.469,2024,3,29,20,202,1,Coffee - Black,Standard,Early Morning
8,card,32.82,Latte,Morning,Sat,Jul,6,7,2024-07-20,08:06:48.685000,2024-07-20 08:06:48.685,2024,3,29,20,202,1,Coffee - Milk,Mid-Range,Early Morning
8,card,23.02,Americano,Morning,Sat,Jul,6,7,2024-07-20,08:07:51.433000,2024-07-20 08:07:51.433,2024,3,29,20,202,1,Coffee - Black,Standard,Early Morning
9,card,32.82,Latte,Morning,Sat,Jul,6,7,2024-07-20,09:00:53.605000,2024-07-20 09:00:53.605,2024,3,29,20,202,1,Coffee - Milk,Mid-Range,Mid Morning
9,card,32.82,Latte,Morning,Sat,Jul,6,7,2024-07-20,09:02:27.848000,2024-07-20 09:02:27.848,2024,3,29,20,202,1,Coffee - Milk,Mid-Range,Mid Morning
10,card,23.02,Americano,Morning,Sat,Jul,6,7,2024-07-20,10:39:21.044000,2024-07-20 10:39:21.044,2024,3,29,20,202,1,Coffee - Black,Standard,Mid Morning
15,card,32.82,Latte,Afternoon,Sat,Jul,6,7,2024-07-20,15:15:09.221000,2024-07-20 15:15:09.221,2024,3,29,20,202,1,Coffee - Milk,Mid-Range,Afternoon
10,card,32.82,Cocoa,Morning,Sun,Jul,7,7,2024-07-21,10:30:55.818000,2024-07-21 10:30:55.818,2024,3,29,21,203,1,Non-Coffee,Mid-Range,Mid Morning
11,card,32.82,Cappuccino,Morning,Sun,Jul,7,7,2024-07-21,11:39:28.776000,2024-07-21 11:39:28.776,2024,3,29,21,203,1,Coffee - Milk,Mid-Range,Mid Morning
13,card,23.02,Cortado,Afternoon,Sun,Jul,7,7,2024-07-21,13:34:30.849000,2024-07-21 13:34:30.849,2024,3,29,21,203,1,Coffee - Milk,Standard,Lunch Time
13,card,32.82,Latte,Afternoon,Sun,Jul,7,7,2024-07-21,13:42:31.444000,2024-07-21 13:42:31.444,2024,3,29,21,203,1,Coffee - Milk,Mid-Range,Lunch Time
8,card,23.02,Americano,Morning,Mon,Jul,1,7,2024-07-22,08:13:23.147000,2024-07-22 08:13:23.147,2024,3,30,22,204,0,Coffee - Black,Standard,Early Morning
8,card,23.02,Americano,Morning,Mon,Jul,1,7,2024-07-22,08:40:49.554000,2024-07-22 08:40:49.554,2024,3,30,22,204,0,Coffee - Black,Standard,Early Morning
10,card,27.92,Americano with Milk,Morning,Mon,Jul,1,7,2024-07-22,10:15:37.266000,2024-07-22 10:15:37.266,2024,3,30,22,204,0,Coffee - Milk,Standard,Mid Morning
16,card,32.82,Latte,Afternoon,Mon,Jul,1,7,2024-07-22,16:44:37.593000,2024-07-22 16:44:37.593,2024,3,30,22,204,0,Coffee - Milk,Mid-Range,Afternoon
8,card,32.82,Latte,Morning,Tue,Jul,2,7,2024-07-23,08:12:56.229000,2024-07-23 08:12:56.229,2024,3,30,23,205,0,Coffee - Milk,Mid-Range,Early Morning
8,card,23.02,Americano,Morning,Tue,Jul,2,7,2024-07-23,08:40:18.981000,2024-07-23 08:40:18.981,2024,3,30,23,205,0,Coffee - Black,Standard,Early Morning
8,card,27.92,Americano with Milk,Morning,Tue,Jul,2,7,2024-07-23,08:44:53.816000,2024-07-23 08:44:53.816,2024,3,30,23,205,0,Coffee - Milk,Standard,Early Morning
8,card,32.82,Cocoa,Morning,Tue,Jul,2,7,2024-07-23,08:49:25.107000,2024-07-23 08:49:25.107,2024,3,30,23,205,0,Non-Coffee,Mid-Range,Early Morning
8,card,32.82,Latte,Morning,Tue,Jul,2,7,2024-07-23,08:51:10.365000,2024-07-23 08:51:10.365,2024,3,30,23,205,0,Coffee - Milk,Mid-Range,Early Morning
9,card,23.02,Americano,Morning,Tue,Jul,2,7,2024-07-23,09:01:45.707000,2024-07-23 09:01:45.707,2024,3,30,23,205,0,Coffee - Black,Standard,Mid Morning
10,card,27.92,Americano with Milk,Morning,Tue,Jul,2,7,2024-07-23,10:03:36.492000,2024-07-23 10:03:36.492,2024,3,30,23,205,0,Coffee - Milk,Standard,Mid Morning
15,card,27.92,Americano with Milk,Afternoon,Tue,Jul,2,7,2024-07-23,15:20:04.971000,2024-07-23 15:20:04.971,2024,3,30,23,205,0,Coffee - Milk,Standard,Afternoon
15,card,32.82,Latte,Afternoon,Tue,Jul,2,7,2024-07-23,15:21:01.280000,2024-07-23 15:21:01.280,2024,3,30,23,205,0,Coffee - Milk,Mid-Range,Afternoon
21,card,32.82,Latte,Night,Tue,Jul,2,7,2024-07-23,21:01:40.612000,2024-07-23 21:01:40.612,2024,3,30,23,205,0,Coffee - Milk,Mid-Range,Evening
21,card,23.02,Americano,Night,Tue,Jul,2,7,2024-07-23,21:23:13.501000,2024-07-23 21:23:13.501,2024,3,30,23,205,0,Coffee - Black,Standard,Evening
21,card,23.02,Americano,Night,Tue,Jul,2,7,2024-07-23,21:24:22.609000,2024-07-23 21:24:22.609,2024,3,30,23,205,0,Coffee - Black,Standard,Evening
9,card,27.92,Americano with Milk,Morning,Wed,Jul,3,7,2024-07-24,09:16:09.814000,2024-07-24 09:16:09.814,2024,3,30,24,206,0,Coffee - Milk,Standard,Mid Morning
9,card,27.92,Americano with Milk,Morning,Wed,Jul,3,7,2024-07-24,09:38:55.007000,2024-07-24 09:38:55.007,2024,3,30,24,206,0,Coffee - Milk,Standard,Mid Morning
9,card,18.12,Espresso,Morning,Wed,Jul,3,7,2024-07-24,09:54:37.456000,2024-07-24 09:54:37.456,2024,3,30,24,206,0,Coffee - Black,Standard,Mid Morning
11,card,32.82,Cappuccino,Morning,Wed,Jul,3,7,2024-07-24,11:43:53.121000,2024-07-24 11:43:53.121,2024,3,30,24,206,0,Coffee - Milk,Mid-Range,Mid Morning
13,card,32.82,Latte,Afternoon,Wed,Jul,3,7,2024-07-24,13:55:13.821000,2024-07-24 13:55:13.821,2024,3,30,24,206,0,Coffee - Milk,Mid-Range,Lunch Time
14,card,18.12,Espresso,Afternoon,Wed,Jul,3,7,2024-07-24,14:45:49.766000,2024-07-24 14:45:49.766,2024,3,30,24,206,0,Coffee - Black,Standard,Lunch Time
15,card,32.82,Latte,Afternoon,Wed,Jul,3,7,2024-07-24,15:18:30.522000,2024-07-24 15:18:30.522,2024,3,30,24,206,0,Coffee - Milk,Mid-Range,Afternoon
19,card,32.82,Cappuccino,Night,Wed,Jul,3,7,2024-07-24,19:15:05.678000,2024-07-24 19:15:05.678,2024,3,30,24,206,0,Coffee - Milk,Mid-Range,Evening
19,card,32.82,Cappuccino,Night,Wed,Jul,3,7,2024-07-24,19:16:59.779000,2024-07-24 19:16:59.779,2024,3,30,24,206,0,Coffee - Milk,Mid-Range,Evening
21,card,27.92,Americano with Milk,Night,Wed,Jul,3,7,2024-07-24,21:17:36.797000,2024-07-24 21:17:36.797,2024,3,30,24,206,0,Coffee - Milk,Standard,Evening
21,card,23.02,Americano,Night,Wed,Jul,3,7,2024-07-24,21:18:41.294000,2024-07-24 21:18:41.294,2024,3,30,24,206,0,Coffee - Black,Standard,Evening
21,card,23.02,Americano,Night,Wed,Jul,3,7,2024-07-24,21:25:17.493000,2024-07-24 21:25:17.493,2024,3,30,24,206,0,Coffee - Black,Standard,Evening
7,card,23.02,Americano,Morning,Thu,Jul,4,7,2024-07-25,07:54:47.935000,2024-07-25 07:54:47.935,2024,3,30,25,207,0,Coffee - Black,Standard,Early Morning
8,card,32.82,Latte,Morning,Thu,Jul,4,7,2024-07-25,08:49:18.428000,2024-07-25 08:49:18.428,2024,3,30,25,207,0,Coffee - Milk,Mid-Range,Early Morning
10,card,27.92,Americano with Milk,Morning,Thu,Jul,4,7,2024-07-25,10:29:44.629000,2024-07-25 10:29:44.629,2024,3,30,25,207,0,Coffee - Milk,Standard,Mid Morning
11,card,23.02,Americano,Morning,Thu,Jul,4,7,2024-07-25,11:26:04.701000,2024-07-25 11:26:04.701,2024,3,30,25,207,0,Coffee - Black,Standard,Mid Morning
15,card,32.82,Cappuccino,Afternoon,Thu,Jul,4,7,2024-07-25,15:25:06.512000,2024-07-25 15:25:06.512,2024,3,30,25,207,0,Coffee - Milk,Mid-Range,Afternoon
19,card,32.82,Cappuccino,Night,Thu,Jul,4,7,2024-07-25,19:21:00.764000,2024-07-25 19:21:00.764,2024,3,30,25,207,0,Coffee - Milk,Mid-Range,Evening
21,card,23.02,Cortado,Night,Thu,Jul,4,7,2024-07-25,21:06:01.272000,2024-07-25 21:06:01.272,2024,3,30,25,207,0,Coffee - Milk,Standard,Evening
21,card,18.12,Espresso,Night,Thu,Jul,4,7,2024-07-25,21:06:50.002000,2024-07-25 21:06:50.002,2024,3,30,25,207,0,Coffee - Black,Standard,Evening
22,card,23.02,Cortado,Night,Thu,Jul,4,7,2024-07-25,22:38:51.330000,2024-07-25 22:38:51.330,2024,3,30,25,207,0,Coffee - Milk,Standard,Evening
22,card,32.82,Cocoa,Night,Thu,Jul,4,7,2024-07-25,22:39:46.790000,2024-07-25 22:39:46.790,2024,3,30,25,207,0,Non-Coffee,Mid-Range,Evening
8,card,32.82,Latte,Morning,Fri,Jul,5,7,2024-07-26,08:33:01.273000,2024-07-26 08:33:01.273,2024,3,30,26,208,0,Coffee - Milk,Mid-Range,Early Morning
9,card,27.92,Americano with Milk,Morning,Fri,Jul,5,7,2024-07-26,09:19:37.376000,2024-07-26 09:19:37.376,2024,3,30,26,208,0,Coffee - Milk,Standard,Mid Morning
9,card,18.12,Espresso,Morning,Fri,Jul,5,7,2024-07-26,09:20:34.344000,2024-07-26 09:20:34.344,2024,3,30,26,208,0,Coffee - Black,Standard,Mid Morning
9,card,23.02,Cortado,Morning,Fri,Jul,5,7,2024-07-26,09:33:11.511000,2024-07-26 09:33:11.511,2024,3,30,26,208,0,Coffee - Milk,Standard,Mid Morning
9,card,23.02,Cortado,Morning,Fri,Jul,5,7,2024-07-26,09:34:16.633000,2024-07-26 09:34:16.633,2024,3,30,26,208,0,Coffee - Milk,Standard,Mid Morning
9,card,32.82,Latte,Morning,Fri,Jul,5,7,2024-07-26,09:59:07.867000,2024-07-26 09:59:07.867,2024,3,30,26,208,0,Coffee - Milk,Mid-Range,Mid Morning
10,card,32.82,Latte,Morning,Fri,Jul,5,7,2024-07-26,10:00:02.719000,2024-07-26 10:00:02.719,2024,3,30,26,208,0,Coffee - Milk,Mid-Range,Mid Morning
11,card,27.92,Americano with Milk,Morning,Fri,Jul,5,7,2024-07-26,11:47:13.855000,2024-07-26 11:47:13.855,2024,3,30,26,208,0,Coffee - Milk,Standard,Mid Morning
12,card,27.92,Americano with Milk,Afternoon,Fri,Jul,5,7,2024-07-26,12:07:01.670000,2024-07-26 12:07:01.670,2024,3,30,26,208,0,Coffee - Milk,Standard,Lunch Time
12,card,32.82,Cappuccino,Afternoon,Fri,Jul,5,7,2024-07-26,12:28:08.044000,2024-07-26 12:28:08.044,2024,3,30,26,208,0,Coffee - Milk,Mid-Range,Lunch Time
12,card,32.82,Cappuccino,Afternoon,Fri,Jul,5,7,2024-07-26,12:29:17.708000,2024-07-26 12:29:17.708,2024,3,30,26,208,0,Coffee - Milk,Mid-Range,Lunch Time
13,card,32.82,Latte,Afternoon,Fri,Jul,5,7,2024-07-26,13:09:56.138000,2024-07-26 13:09:56.138,2024,3,30,26,208,0,Coffee - Milk,Mid-Range,Lunch Time
17,card,23.02,Americano,Night,Fri,Jul,5,7,2024-07-26,17:23:29.347000,2024-07-26 17:23:29.347,2024,3,30,26,208,0,Coffee - Black,Standard,Afternoon
17,card,32.82,Cappuccino,Night,Fri,Jul,5,7,2024-07-26,17:58:29.217000,2024-07-26 17:58:29.217,2024,3,30,26,208,0,Coffee - Milk,Mid-Range,Afternoon
21,card,32.82,Latte,Night,Fri,Jul,5,7,2024-07-26,21:15:09.612000,2024-07-26 21:15:09.612,2024,3,30,26,208,0,Coffee - Milk,Mid-Range,Evening
22,card,27.92,Americano with Milk,Night,Fri,Jul,5,7,2024-07-26,22:49:52.318000,2024-07-26 22:49:52.318,2024,3,30,26,208,0,Coffee - Milk,Standard,Evening
9,card,32.82,Cappuccino,Morning,Sat,Jul,6,7,2024-07-27,09:09:16.457000,2024-07-27 09:09:16.457,2024,3,30,27,209,1,Coffee - Milk,Mid-Range,Mid Morning
11,card,27.92,Americano with Milk,Morning,Sat,Jul,6,7,2024-07-27,11:55:31.381000,2024-07-27 11:55:31.381,2024,3,30,27,209,1,Coffee - Milk,Standard,Mid Morning
12,card,27.92,Americano with Milk,Afternoon,Sat,Jul,6,7,2024-07-27,12:25:10.115000,2024-07-27 12:25:10.115,2024,3,30,27,209,1,Coffee - Milk,Standard,Lunch Time
12,card,18.12,Espresso,Afternoon,Sat,Jul,6,7,2024-07-27,12:26:13.159000,2024-07-27 12:26:13.159,2024,3,30,27,209,1,Coffee - Black,Standard,Lunch Time
12,card,27.92,Americano with Milk,Afternoon,Sat,Jul,6,7,2024-07-27,12:33:23.070000,2024-07-27 12:33:23.070,2024,3,30,27,209,1,Coffee - Milk,Standard,Lunch Time
14,card,18.12,Espresso,Afternoon,Sat,Jul,6,7,2024-07-27,14:28:41.904000,2024-07-27 14:28:41.904,2024,3,30,27,209,1,Coffee - Black,Standard,Lunch Time
14,card,32.82,Latte,Afternoon,Sat,Jul,6,7,2024-07-27,14:51:53.196000,2024-07-27 14:51:53.196,2024,3,30,27,209,1,Coffee - Milk,Mid-Range,Lunch Time
17,card,32.82,Cappuccino,Night,Sat,Jul,6,7,2024-07-27,17:02:33.358000,2024-07-27 17:02:33.358,2024,3,30,27,209,1,Coffee - Milk,Mid-Range,Afternoon
17,card,32.82,Cappuccino,Night,Sat,Jul,6,7,2024-07-27,17:03:39.112000,2024-07-27 17:03:39.112,2024,3,30,27,209,1,Coffee - Milk,Mid-Range,Afternoon
17,card,27.92,Americano with Milk,Night,Sat,Jul,6,7,2024-07-27,17:09:00.424000,2024-07-27 17:09:00.424,2024,3,30,27,209,1,Coffee - Milk,Standard,Afternoon
17,card,27.92,Americano with Milk,Night,Sat,Jul,6,7,2024-07-27,17:10:08.074000,2024-07-27 17:10:08.074,2024,3,30,27,209,1,Coffee - Milk,Standard,Afternoon
20,card,32.82,Latte,Night,Sat,Jul,6,7,2024-07-27,20:55:20.175000,2024-07-27 20:55:20.175,2024,3,30,27,209,1,Coffee - Milk,Mid-Range,Evening
22,card,32.82,Cappuccino,Night,Sat,Jul,6,7,2024-07-27,22:56:23.915000,2024-07-27 22:56:23.915,2024,3,30,27,209,1,Coffee - Milk,Mid-Range,Evening
11,card,18.12,Espresso,Morning,Sun,Jul,7,7,2024-07-28,11:07:25.920000,2024-07-28 11:07:25.920,2024,3,30,28,210,1,Coffee - Black,Standard,Mid Morning
14,card,27.92,Americano with Milk,Afternoon,Sun,Jul,7,7,2024-07-28,14:17:54.205000,2024-07-28 14:17:54.205,2024,3,30,28,210,1,Coffee - Milk,Standard,Lunch Time
14,card,32.82,Latte,Afternoon,Sun,Jul,7,7,2024-07-28,14:18:52.196000,2024-07-28 14:18:52.196,2024,3,30,28,210,1,Coffee - Milk,Mid-Range,Lunch Time
8,card,32.82,Latte,Morning,Mon,Jul,1,7,2024-07-29,08:12:06.406000,2024-07-29 08:12:06.406,2024,3,31,29,211,0,Coffee - Milk,Mid-Range,Early Morning
9,card,23.02,Americano,Morning,Mon,Jul,1,7,2024-07-29,09:04:47.972000,2024-07-29 09:04:47.972,2024,3,31,29,211,0,Coffee - Black,Standard,Mid Morning
9,card,27.92,Americano with Milk,Morning,Mon,Jul,1,7,2024-07-29,09:15:46.155000,2024-07-29 09:15:46.155,2024,3,31,29,211,0,Coffee - Milk,Standard,Mid Morning
9,card,23.02,Americano,Morning,Mon,Jul,1,7,2024-07-29,09:19:44.082000,2024-07-29 09:19:44.082,2024,3,31,29,211,0,Coffee - Black,Standard,Mid Morning
9,card,27.92,Americano with Milk,Morning,Mon,Jul,1,7,2024-07-29,09:51:24.747000,2024-07-29 09:51:24.747,2024,3,31,29,211,0,Coffee - Milk,Standard,Mid Morning
9,card,32.82,Cappuccino,Morning,Mon,Jul,1,7,2024-07-29,09:58:29.639000,2024-07-29 09:58:29.639,2024,3,31,29,211,0,Coffee - Milk,Mid-Range,Mid Morning
10,card,32.82,Hot Chocolate,Morning,Mon,Jul,1,7,2024-07-29,10:43:43.961000,2024-07-29 10:43:43.961,2024,3,31,29,211,0,Non-Coffee,Mid-Range,Mid Morning
10,card,32.82,Hot Chocolate,Morning,Mon,Jul,1,7,2024-07-29,10:44:55.846000,2024-07-29 10:44:55.846,2024,3,31,29,211,0,Non-Coffee,Mid-Range,Mid Morning
19,card,32.82,Cappuccino,Night,Mon,Jul,1,7,2024-07-29,19:06:31.131000,2024-07-29 19:06:31.131,2024,3,31,29,211,0,Coffee - Milk,Mid-Range,Evening
19,card,23.02,Americano,Night,Mon,Jul,1,7,2024-07-29,19:30:16.319000,2024-07-29 19:30:16.319,2024,3,31,29,211,0,Coffee - Black,Standard,Evening
21,card,32.82,Cocoa,Night,Mon,Jul,1,7,2024-07-29,21:57:34.419000,2024-07-29 21:57:34.419,2024,3,31,29,211,0,Non-Coffee,Mid-Range,Evening
7,card,27.92,Americano with Milk,Morning,Tue,Jul,2,7,2024-07-30,07:41:10.945000,2024-07-30 07:41:10.945,2024,3,31,30,212,0,Coffee - Milk,Standard,Early Morning
8,card,23.02,Cortado,Morning,Tue,Jul,2,7,2024-07-30,08:05:07.216000,2024-07-30 08:05:07.216,2024,3,31,30,212,0,Coffee - Milk,Standard,Early Morning
8,card,32.82,Cappuccino,Morning,Tue,Jul,2,7,2024-07-30,08:20:51.115000,2024-07-30 08:20:51.115,2024,3,31,30,212,0,Coffee - Milk,Mid-Range,Early Morning
9,card,27.92,Americano with Milk,Morning,Tue,Jul,2,7,2024-07-30,09:13:43.217000,2024-07-30 09:13:43.217,2024,3,31,30,212,0,Coffee - Milk,Standard,Mid Morning
10,card,23.02,Cortado,Morning,Tue,Jul,2,7,2024-07-30,10:17:11.147000,2024-07-30 10:17:11.147,2024,3,31,30,212,0,Coffee - Milk,Standard,Mid Morning
10,card,27.92,Americano with Milk,Morning,Tue,Jul,2,7,2024-07-30,10:19:34.213000,2024-07-30 10:19:34.213,2024,3,31,30,212,0,Coffee - Milk,Standard,Mid Morning
10,card,32.82,Latte,Morning,Tue,Jul,2,7,2024-07-30,10:23:20.120000,2024-07-30 10:23:20.120,2024,3,31,30,212,0,Coffee - Milk,Mid-Range,Mid Morning
11,card,23.02,Americano,Morning,Tue,Jul,2,7,2024-07-30,11:12:07.359000,2024-07-30 11:12:07.359,2024,3,31,30,212,0,Coffee - Black,Standard,Mid Morning
11,card,18.12,Espresso,Morning,Tue,Jul,2,7,2024-07-30,11:13:16.218000,2024-07-30 11:13:16.218,2024,3,31,30,212,0,Coffee - Black,Standard,Mid Morning
11,card,27.92,Americano with Milk,Morning,Tue,Jul,2,7,2024-07-30,11:14:41.678000,2024-07-30 11:14:41.678,2024,3,31,30,212,0,Coffee - Milk,Standard,Mid Morning
11,card,27.92,Americano with Milk,Morning,Tue,Jul,2,7,2024-07-30,11:16:01.630000,2024-07-30 11:16:01.630,2024,3,31,30,212,0,Coffee - Milk,Standard,Mid Morning
11,card,27.92,Americano with Milk,Morning,Tue,Jul,2,7,2024-07-30,11:30:34.737000,2024-07-30 11:30:34.737,2024,3,31,30,212,0,Coffee - Milk,Standard,Mid Morning
11,card,27.92,Americano with Milk,Morning,Tue,Jul,2,7,2024-07-30,11:31:40.809000,2024-07-30 11:31:40.809,2024,3,31,30,212,0,Coffee - Milk,Standard,Mid Morning
12,card,32.82,Latte,Afternoon,Tue,Jul,2,7,2024-07-30,12:08:07.508000,2024-07-30 12:08:07.508,2024,3,31,30,212,0,Coffee - Milk,Mid-Range,Lunch Time
15,card,27.92,Americano with Milk,Afternoon,Tue,Jul,2,7,2024-07-30,15:16:09.628000,2024-07-30 15:16:09.628,2024,3,31,30,212,0,Coffee - Milk,Standard,Afternoon
16,card,23.02,Cortado,Afternoon,Tue,Jul,2,7,2024-07-30,16:08:52.876000,2024-07-30 16:08:52.876,2024,3,31,30,212,0,Coffee - Milk,Standard,Afternoon
16,card,27.92,Americano with Milk,Afternoon,Tue,Jul,2,7,2024-07-30,16:09:43.627000,2024-07-30 16:09:43.627,2024,3,31,30,212,0,Coffee - Milk,Standard,Afternoon
20,card,18.12,Espresso,Night,Tue,Jul,2,7,2024-07-30,20:24:19.874000,2024-07-30 20:24:19.874,2024,3,31,30,212,0,Coffee - Black,Standard,Evening
20,card,27.92,Americano with Milk,Night,Tue,Jul,2,7,2024-07-30,20:53:51.866000,2024-07-30 20:53:51.866,2024,3,31,30,212,0,Coffee - Milk,Standard,Evening
20,card,27.92,Americano with Milk,Night,Tue,Jul,2,7,2024-07-30,20:54:46.316000,2024-07-30 20:54:46.316,2024,3,31,30,212,0,Coffee - Milk,Standard,Evening
20,card,27.92,Americano with Milk,Night,Tue,Jul,2,7,2024-07-30,20:57:02.324000,2024-07-30 20:57:02.324,2024,3,31,30,212,0,Coffee - Milk,Standard,Evening
21,card,32.82,Latte,Night,Tue,Jul,2,7,2024-07-30,21:33:19.198000,2024-07-30 21:33:19.198,2024,3,31,30,212,0,Coffee - Milk,Mid-Range,Evening
22,card,23.02,Americano,Night,Tue,Jul,2,7,2024-07-30,22:15:21.484000,2024-07-30 22:15:21.484,2024,3,31,30,212,0,Coffee - Black,Standard,Evening
22,card,32.82,Cappuccino,Night,Tue,Jul,2,7,2024-07-30,22:16:19.260000,2024-07-30 22:16:19.260,2024,3,31,30,212,0,Coffee - Milk,Mid-Range,Evening
7,card,27.92,Americano with Milk,Morning,Wed,Jul,3,7,2024-07-31,07:59:52.098000,2024-07-31 07:59:52.098,2024,3,31,31,213,0,Coffee - Milk,Standard,Early Morning
8,card,27.92,Americano with Milk,Morning,Wed,Jul,3,7,2024-07-31,08:37:41.943000,2024-07-31 08:37:41.943,2024,3,31,31,213,0,Coffee - Milk,Standard,Early Morning
8,card,27.92,Americano with Milk,Morning,Wed,Jul,3,7,2024-07-31,08:38:38.236000,2024-07-31 08:38:38.236,2024,3,31,31,213,0,Coffee - Milk,Standard,Early Morning
9,card,23.02,Americano,Morning,Wed,Jul,3,7,2024-07-31,09:54:45.315000,2024-07-31 09:54:45.315,2024,3,31,31,213,0,Coffee - Black,Standard,Mid Morning
9,card,23.02,Americano,Morning,Wed,Jul,3,7,2024-07-31,09:55:45.142000,2024-07-31 09:55:45.142,2024,3,31,31,213,0,Coffee - Black,Standard,Mid Morning
9,card,27.92,Americano with Milk,Morning,Wed,Jul,3,7,2024-07-31,09:58:15.863000,2024-07-31 09:58:15.863,2024,3,31,31,213,0,Coffee - Milk,Standard,Mid Morning
13,card,32.82,Cocoa,Afternoon,Wed,Jul,3,7,2024-07-31,13:11:42.609000,2024-07-31 13:11:42.609,2024,3,31,31,213,0,Non-Coffee,Mid-Range,Lunch Time
13,card,32.82,Latte,Afternoon,Wed,Jul,3,7,2024-07-31,13:14:00.286000,2024-07-31 13:14:00.286,2024,3,31,31,213,0,Coffee - Milk,Mid-Range,Lunch Time
13,card,27.92,Americano with Milk,Afternoon,Wed,Jul,3,7,2024-07-31,13:24:49.437000,2024-07-31 13:24:49.437,2024,3,31,31,213,0,Coffee - Milk,Standard,Lunch Time
17,card,23.02,Cortado,Night,Wed,Jul,3,7,2024-07-31,17:48:06.787000,2024-07-31 17:48:06.787,2024,3,31,31,213,0,Coffee - Milk,Standard,Afternoon
18,card,32.82,Latte,Night,Wed,Jul,3,7,2024-07-31,18:04:14.972000,2024-07-31 18:04:14.972,2024,3,31,31,213,0,Coffee - Milk,Mid-Range,Evening
19,card,23.02,Cortado,Night,Wed,Jul,3,7,2024-07-31,19:22:38.883000,2024-07-31 19:22:38.883,2024,3,31,31,213,0,Coffee - Milk,Standard,Evening
19,card,32.82,Latte,Night,Wed,Jul,3,7,2024-07-31,19:28:45.141000,2024-07-31 19:28:45.141,2024,3,31,31,213,0,Coffee - Milk,Mid-Range,Evening
20,card,32.82,Cocoa,Night,Wed,Jul,3,7,2024-07-31,20:46:42.418000,2024-07-31 20:46:42.418,2024,3,31,31,213,0,Non-Coffee,Mid-Range,Evening
20,card,23.02,Cortado,Night,Wed,Jul,3,7,2024-07-31,20:50:07.411000,2024-07-31 20:50:07.411,2024,3,31,31,213,0,Coffee - Milk,Standard,Evening
20,card,32.82,Latte,Night,Wed,Jul,3,7,2024-07-31,20:51:10.383000,2024-07-31 20:51:10.383,2024,3,31,31,213,0,Coffee - Milk,Mid-Range,Evening
20,card,32.82,Cappuccino,Night,Wed,Jul,3,7,2024-07-31,20:52:14.802000,2024-07-31 20:52:14.802,2024,3,31,31,213,0,Coffee - Milk,Mid-Range,Evening
20,card,23.02,Cortado,Night,Wed,Jul,3,7,2024-07-31,20:53:35.077000,2024-07-31 20:53:35.077,2024,3,31,31,213,0,Coffee - Milk,Standard,Evening
20,card,27.92,Americano with Milk,Night,Wed,Jul,3,7,2024-07-31,20:59:25.013000,2024-07-31 20:59:25.013,2024,3,31,31,213,0,Coffee - Milk,Standard,Evening
21,card,32.82,Latte,Night,Wed,Jul,3,7,2024-07-31,21:26:26,2024-07-31 21:26:26.000,2024,3,31,31,213,0,Coffee - Milk,Mid-Range,Evening
21,card,32.82,Latte,Night,Wed,Jul,3,7,2024-07-31,21:54:11.824000,2024-07-31 21:54:11.824,2024,3,31,31,213,0,Coffee - Milk,Mid-Range,Evening
21,card,32.82,Latte,Night,Wed,Jul,3,7,2024-07-31,21:55:16.570000,2024-07-31 21:55:16.570,2024,3,31,31,213,0,Coffee - Milk,Mid-Range,Evening
7,card,27.92,Americano with Milk,Morning,Thu,Aug,4,8,2024-08-01,07:31:00.085000,2024-08-01 07:31:00.085,2024,3,31,1,214,0,Coffee - Milk,Standard,Early Morning
9,card,27.92,Americano with Milk,Morning,Thu,Aug,4,8,2024-08-01,09:25:20.060000,2024-08-01 09:25:20.060,2024,3,31,1,214,0,Coffee - Milk,Standard,Mid Morning
11,card,27.92,Americano with Milk,Morning,Thu,Aug,4,8,2024-08-01,11:04:14.067000,2024-08-01 11:04:14.067,2024,3,31,1,214,0,Coffee - Milk,Standard,Mid Morning
11,card,27.92,Americano with Milk,Morning,Thu,Aug,4,8,2024-08-01,11:22:46.369000,2024-08-01 11:22:46.369,2024,3,31,1,214,0,Coffee - Milk,Standard,Mid Morning
13,card,23.02,Cortado,Afternoon,Thu,Aug,4,8,2024-08-01,13:22:46.601000,2024-08-01 13:22:46.601,2024,3,31,1,214,0,Coffee - Milk,Standard,Lunch Time
13,card,32.82,Cappuccino,Afternoon,Thu,Aug,4,8,2024-08-01,13:23:37.314000,2024-08-01 13:23:37.314,2024,3,31,1,214,0,Coffee - Milk,Mid-Range,Lunch Time
13,card,32.82,Cappuccino,Afternoon,Thu,Aug,4,8,2024-08-01,13:49:07.265000,2024-08-01 13:49:07.265,2024,3,31,1,214,0,Coffee - Milk,Mid-Range,Lunch Time
15,card,27.92,Americano with Milk,Afternoon,Thu,Aug,4,8,2024-08-01,15:43:43.820000,2024-08-01 15:43:43.820,2024,3,31,1,214,0,Coffee - Milk,Standard,Afternoon
16,card,27.92,Americano with Milk,Afternoon,Thu,Aug,4,8,2024-08-01,16:24:00.663000,2024-08-01 16:24:00.663,2024,3,31,1,214,0,Coffee - Milk,Standard,Afternoon
16,card,23.02,Americano,Afternoon,Thu,Aug,4,8,2024-08-01,16:26:07.331000,2024-08-01 16:26:07.331,2024,3,31,1,214,0,Coffee - Black,Standard,Afternoon
17,card,23.02,Americano,Night,Thu,Aug,4,8,2024-08-01,17:23:35.238000,2024-08-01 17:23:35.238,2024,3,31,1,214,0,Coffee - Black,Standard,Afternoon
20,card,32.82,Cappuccino,Night,Thu,Aug,4,8,2024-08-01,20:41:28.118000,2024-08-01 20:41:28.118,2024,3,31,1,214,0,Coffee - Milk,Mid-Range,Evening
9,card,27.92,Americano with Milk,Morning,Fri,Aug,5,8,2024-08-02,09:01:54.165000,2024-08-02 09:01:54.165,2024,3,31,2,215,0,Coffee - Milk,Standard,Mid Morning
9,card,27.92,Americano with Milk,Morning,Fri,Aug,5,8,2024-08-02,09:35:02.899000,2024-08-02 09:35:02.899,2024,3,31,2,215,0,Coffee - Milk,Standard,Mid Morning
11,card,23.02,Cortado,Morning,Fri,Aug,5,8,2024-08-02,11:09:19.465000,2024-08-02 11:09:19.465,2024,3,31,2,215,0,Coffee - Milk,Standard,Mid Morning
18,card,27.92,Americano with Milk,Night,Fri,Aug,5,8,2024-08-02,18:08:35.282000,2024-08-02 18:08:35.282,2024,3,31,2,215,0,Coffee - Milk,Standard,Evening
21,card,32.82,Latte,Night,Fri,Aug,5,8,2024-08-02,21:23:04.359000,2024-08-02 21:23:04.359,2024,3,31,2,215,0,Coffee - Milk,Mid-Range,Evening
8,card,27.92,Americano with Milk,Morning,Sat,Aug,6,8,2024-08-03,08:53:46.651000,2024-08-03 08:53:46.651,2024,3,31,3,216,1,Coffee - Milk,Standard,Early Morning
9,card,27.92,Americano with Milk,Morning,Sat,Aug,6,8,2024-08-03,09:37:19.213000,2024-08-03 09:37:19.213,2024,3,31,3,216,1,Coffee - Milk,Standard,Mid Morning
9,card,27.92,Americano with Milk,Morning,Sat,Aug,6,8,2024-08-03,09:38:41.010000,2024-08-03 09:38:41.010,2024,3,31,3,216,1,Coffee - Milk,Standard,Mid Morning
10,card,27.92,Americano with Milk,Morning,Sat,Aug,6,8,2024-08-03,10:12:25.650000,2024-08-03 10:12:25.650,2024,3,31,3,216,1,Coffee - Milk,Standard,Mid Morning
11,card,23.02,Cortado,Morning,Sat,Aug,6,8,2024-08-03,11:20:26.571000,2024-08-03 11:20:26.571,2024,3,31,3,216,1,Coffee - Milk,Standard,Mid Morning
11,card,23.02,Cortado,Morning,Sat,Aug,6,8,2024-08-03,11:21:22,2024-08-03 11:21:22.000,2024,3,31,3,216,1,Coffee - Milk,Standard,Mid Morning
11,card,18.12,Espresso,Morning,Sat,Aug,6,8,2024-08-03,11:56:36.628000,2024-08-03 11:56:36.628,2024,3,31,3,216,1,Coffee - Black,Standard,Mid Morning
11,card,27.92,Americano with Milk,Morning,Sat,Aug,6,8,2024-08-03,11:57:31.273000,2024-08-03 11:57:31.273,2024,3,31,3,216,1,Coffee - Milk,Standard,Mid Morning
12,card,27.92,Americano with Milk,Afternoon,Sat,Aug,6,8,2024-08-03,12:03:35.777000,2024-08-03 12:03:35.777,2024,3,31,3,216,1,Coffee - Milk,Standard,Lunch Time
16,card,27.92,Americano with Milk,Afternoon,Sat,Aug,6,8,2024-08-03,16:53:59.927000,2024-08-03 16:53:59.927,2024,3,31,3,216,1,Coffee - Milk,Standard,Afternoon
18,card,32.82,Cappuccino,Night,Sat,Aug,6,8,2024-08-03,18:38:42.026000,2024-08-03 18:38:42.026,2024,3,31,3,216,1,Coffee - Milk,Mid-Range,Evening
21,card,32.82,Latte,Night,Sat,Aug,6,8,2024-08-03,21:30:48.958000,2024-08-03 21:30:48.958,2024,3,31,3,216,1,Coffee - Milk,Mid-Range,Evening
21,card,32.82,Latte,Night,Sat,Aug,6,8,2024-08-03,21:33:06.265000,2024-08-03 21:33:06.265,2024,3,31,3,216,1,Coffee - Milk,Mid-Range,Evening
8,card,32.82,Cappuccino,Morning,Sun,Aug,7,8,2024-08-04,08:18:37.314000,2024-08-04 08:18:37.314,2024,3,31,4,217,1,Coffee - Milk,Mid-Range,Early Morning
10,card,27.92,Americano with Milk,Morning,Sun,Aug,7,8,2024-08-04,10:37:51.103000,2024-08-04 10:37:51.103,2024,3,31,4,217,1,Coffee - Milk,Standard,Mid Morning
11,card,32.82,Cappuccino,Morning,Sun,Aug,7,8,2024-08-04,11:50:54.603000,2024-08-04 11:50:54.603,2024,3,31,4,217,1,Coffee - Milk,Mid-Range,Mid Morning
11,card,27.92,Americano with Milk,Morning,Sun,Aug,7,8,2024-08-04,11:52:33.017000,2024-08-04 11:52:33.017,2024,3,31,4,217,1,Coffee - Milk,Standard,Mid Morning
15,card,32.82,Cappuccino,Afternoon,Sun,Aug,7,8,2024-08-04,15:33:52.137000,2024-08-04 15:33:52.137,2024,3,31,4,217,1,Coffee - Milk,Mid-Range,Afternoon
15,card,32.82,Cappuccino,Afternoon,Sun,Aug,7,8,2024-08-04,15:35:05.906000,2024-08-04 15:35:05.906,2024,3,31,4,217,1,Coffee - Milk,Mid-Range,Afternoon
8,card,23.02,Cortado,Morning,Mon,Aug,1,8,2024-08-05,08:50:05.753000,2024-08-05 08:50:05.753,2024,3,32,5,218,0,Coffee - Milk,Standard,Early Morning
9,card,27.92,Americano with Milk,Morning,Mon,Aug,1,8,2024-08-05,09:19:19.176000,2024-08-05 09:19:19.176,2024,3,32,5,218,0,Coffee - Milk,Standard,Mid Morning
11,card,23.02,Cortado,Morning,Mon,Aug,1,8,2024-08-05,11:20:47.444000,2024-08-05 11:20:47.444,2024,3,32,5,218,0,Coffee - Milk,Standard,Mid Morning
13,card,32.82,Cappuccino,Afternoon,Mon,Aug,1,8,2024-08-05,13:45:22.454000,2024-08-05 13:45:22.454,2024,3,32,5,218,0,Coffee - Milk,Mid-Range,Lunch Time
16,card,32.82,Latte,Afternoon,Mon,Aug,1,8,2024-08-05,16:05:57.738000,2024-08-05 16:05:57.738,2024,3,32,5,218,0,Coffee - Milk,Mid-Range,Afternoon
16,card,32.82,Latte,Afternoon,Mon,Aug,1,8,2024-08-05,16:07:18.837000,2024-08-05 16:07:18.837,2024,3,32,5,218,0,Coffee - Milk,Mid-Range,Afternoon
17,card,32.82,Latte,Night,Mon,Aug,1,8,2024-08-05,17:44:24.506000,2024-08-05 17:44:24.506,2024,3,32,5,218,0,Coffee - Milk,Mid-Range,Afternoon
17,card,27.92,Americano with Milk,Night,Mon,Aug,1,8,2024-08-05,17:45:32.117000,2024-08-05 17:45:32.117,2024,3,32,5,218,0,Coffee - Milk,Standard,Afternoon
19,card,32.82,Latte,Night,Mon,Aug,1,8,2024-08-05,19:20:02.677000,2024-08-05 19:20:02.677,2024,3,32,5,218,0,Coffee - Milk,Mid-Range,Evening
19,card,32.82,Latte,Night,Mon,Aug,1,8,2024-08-05,19:34:51.484000,2024-08-05 19:34:51.484,2024,3,32,5,218,0,Coffee - Milk,Mid-Range,Evening
20,card,32.82,Cocoa,Night,Mon,Aug,1,8,2024-08-05,20:49:30.945000,2024-08-05 20:49:30.945,2024,3,32,5,218,0,Non-Coffee,Mid-Range,Evening
20,card,32.82,Cocoa,Night,Mon,Aug,1,8,2024-08-05,20:50:21.919000,2024-08-05 20:50:21.919,2024,3,32,5,218,0,Non-Coffee,Mid-Range,Evening
22,card,27.92,Americano with Milk,Night,Mon,Aug,1,8,2024-08-05,22:43:48.193000,2024-08-05 22:43:48.193,2024,3,32,5,218,0,Coffee - Milk,Standard,Evening
10,card,23.02,Cortado,Morning,Tue,Aug,2,8,2024-08-06,10:21:03.320000,2024-08-06 10:21:03.320,2024,3,32,6,219,0,Coffee - Milk,Standard,Mid Morning
10,card,32.82,Hot Chocolate,Morning,Tue,Aug,2,8,2024-08-06,10:32:32.335000,2024-08-06 10:32:32.335,2024,3,32,6,219,0,Non-Coffee,Mid-Range,Mid Morning
17,card,32.82,Cappuccino,Night,Tue,Aug,2,8,2024-08-06,17:40:49.201000,2024-08-06 17:40:49.201,2024,3,32,6,219,0,Coffee - Milk,Mid-Range,Afternoon
17,card,32.82,Latte,Night,Tue,Aug,2,8,2024-08-06,17:42:52.700000,2024-08-06 17:42:52.700,2024,3,32,6,219,0,Coffee - Milk,Mid-Range,Afternoon
17,card,32.82,Cocoa,Night,Tue,Aug,2,8,2024-08-06,17:44:05.067000,2024-08-06 17:44:05.067,2024,3,32,6,219,0,Non-Coffee,Mid-Range,Afternoon
19,card,32.82,Latte,Night,Tue,Aug,2,8,2024-08-06,19:04:04.544000,2024-08-06 19:04:04.544,2024,3,32,6,219,0,Coffee - Milk,Mid-Range,Evening
19,card,27.92,Americano with Milk,Night,Tue,Aug,2,8,2024-08-06,19:05:23.110000,2024-08-06 19:05:23.110,2024,3,32,6,219,0,Coffee - Milk,Standard,Evening
20,card,32.82,Latte,Night,Tue,Aug,2,8,2024-08-06,20:04:27.133000,2024-08-06 20:04:27.133,2024,3,32,6,219,0,Coffee - Milk,Mid-Range,Evening
8,card,27.92,Americano with Milk,Morning,Wed,Aug,3,8,2024-08-07,08:55:48.455000,2024-08-07 08:55:48.455,2024,3,32,7,220,0,Coffee - Milk,Standard,Early Morning
12,card,23.02,Americano,Afternoon,Wed,Aug,3,8,2024-08-07,12:12:26.800000,2024-08-07 12:12:26.800,2024,3,32,7,220,0,Coffee - Black,Standard,Lunch Time
12,card,23.02,Americano,Afternoon,Wed,Aug,3,8,2024-08-07,12:13:40.664000,2024-08-07 12:13:40.664,2024,3,32,7,220,0,Coffee - Black,Standard,Lunch Time
13,card,18.12,Espresso,Afternoon,Wed,Aug,3,8,2024-08-07,13:11:16.155000,2024-08-07 13:11:16.155,2024,3,32,7,220,0,Coffee - Black,Standard,Lunch Time
16,card,23.02,Americano,Afternoon,Wed,Aug,3,8,2024-08-07,16:19:01.657000,2024-08-07 16:19:01.657,2024,3,32,7,220,0,Coffee - Black,Standard,Afternoon
19,card,32.82,Latte,Night,Wed,Aug,3,8,2024-08-07,19:36:22.739000,2024-08-07 19:36:22.739,2024,3,32,7,220,0,Coffee - Milk,Mid-Range,Evening
20,card,32.82,Cocoa,Night,Wed,Aug,3,8,2024-08-07,20:40:09.281000,2024-08-07 20:40:09.281,2024,3,32,7,220,0,Non-Coffee,Mid-Range,Evening
21,card,32.82,Cappuccino,Night,Wed,Aug,3,8,2024-08-07,21:18:11.990000,2024-08-07 21:18:11.990,2024,3,32,7,220,0,Coffee - Milk,Mid-Range,Evening
22,card,32.82,Latte,Night,Wed,Aug,3,8,2024-08-07,22:28:56.686000,2024-08-07 22:28:56.686,2024,3,32,7,220,0,Coffee - Milk,Mid-Range,Evening
22,card,32.82,Latte,Night,Wed,Aug,3,8,2024-08-07,22:32:15.971000,2024-08-07 22:32:15.971,2024,3,32,7,220,0,Coffee - Milk,Mid-Range,Evening
8,card,18.12,Espresso,Morning,Thu,Aug,4,8,2024-08-08,08:46:36.204000,2024-08-08 08:46:36.204,2024,3,32,8,221,0,Coffee - Black,Standard,Early Morning
8,card,23.02,Cortado,Morning,Thu,Aug,4,8,2024-08-08,08:47:28.686000,2024-08-08 08:47:28.686,2024,3,32,8,221,0,Coffee - Milk,Standard,Early Morning
12,card,27.92,Americano with Milk,Afternoon,Thu,Aug,4,8,2024-08-08,12:27:05.373000,2024-08-08 12:27:05.373,2024,3,32,8,221,0,Coffee - Milk,Standard,Lunch Time
12,card,23.02,Cortado,Afternoon,Thu,Aug,4,8,2024-08-08,12:43:19.558000,2024-08-08 12:43:19.558,2024,3,32,8,221,0,Coffee - Milk,Standard,Lunch Time
12,card,23.02,Cortado,Afternoon,Thu,Aug,4,8,2024-08-08,12:44:14.953000,2024-08-08 12:44:14.953,2024,3,32,8,221,0,Coffee - Milk,Standard,Lunch Time
16,card,32.82,Cappuccino,Afternoon,Thu,Aug,4,8,2024-08-08,16:57:53.266000,2024-08-08 16:57:53.266,2024,3,32,8,221,0,Coffee - Milk,Mid-Range,Afternoon
17,card,32.82,Cappuccino,Night,Thu,Aug,4,8,2024-08-08,17:17:51.749000,2024-08-08 17:17:51.749,2024,3,32,8,221,0,Coffee - Milk,Mid-Range,Afternoon
21,card,27.92,Americano with Milk,Night,Thu,Aug,4,8,2024-08-08,21:25:59.265000,2024-08-08 21:25:59.265,2024,3,32,8,221,0,Coffee - Milk,Standard,Evening
7,card,32.82,Latte,Morning,Fri,Aug,5,8,2024-08-09,07:35:22.340000,2024-08-09 07:35:22.340,2024,3,32,9,222,0,Coffee - Milk,Mid-Range,Early Morning
9,card,23.02,Americano,Morning,Fri,Aug,5,8,2024-08-09,09:53:34.553000,2024-08-09 09:53:34.553,2024,3,32,9,222,0,Coffee - Black,Standard,Mid Morning
10,card,23.02,Cortado,Morning,Fri,Aug,5,8,2024-08-09,10:13:07.537000,2024-08-09 10:13:07.537,2024,3,32,9,222,0,Coffee - Milk,Standard,Mid Morning
10,card,27.92,Americano with Milk,Morning,Fri,Aug,5,8,2024-08-09,10:26:47.174000,2024-08-09 10:26:47.174,2024,3,32,9,222,0,Coffee - Milk,Standard,Mid Morning
11,card,32.82,Latte,Morning,Fri,Aug,5,8,2024-08-09,11:28:08.722000,2024-08-09 11:28:08.722,2024,3,32,9,222,0,Coffee - Milk,Mid-Range,Mid Morning
11,card,23.02,Americano,Morning,Fri,Aug,5,8,2024-08-09,11:29:48.682000,2024-08-09 11:29:48.682,2024,3,32,9,222,0,Coffee - Black,Standard,Mid Morning
18,card,23.02,Americano,Night,Fri,Aug,5,8,2024-08-09,18:56:27.712000,2024-08-09 18:56:27.712,2024,3,32,9,222,0,Coffee - Black,Standard,Evening
19,card,32.82,Hot Chocolate,Night,Fri,Aug,5,8,2024-08-09,19:03:06.611000,2024-08-09 19:03:06.611,2024,3,32,9,222,0,Non-Coffee,Mid-Range,Evening
8,card,32.82,Cappuccino,Morning,Sat,Aug,6,8,2024-08-10,08:36:44.628000,2024-08-10 08:36:44.628,2024,3,32,10,223,1,Coffee - Milk,Mid-Range,Early Morning
8,card,27.92,Americano with Milk,Morning,Sat,Aug,6,8,2024-08-10,08:37:57.069000,2024-08-10 08:37:57.069,2024,3,32,10,223,1,Coffee - Milk,Standard,Early Morning
8,card,23.02,Cortado,Morning,Sat,Aug,6,8,2024-08-10,08:45:09.019000,2024-08-10 08:45:09.019,2024,3,32,10,223,1,Coffee - Milk,Standard,Early Morning
11,card,23.02,Cortado,Morning,Sat,Aug,6,8,2024-08-10,11:52:33.836000,2024-08-10 11:52:33.836,2024,3,32,10,223,1,Coffee - Milk,Standard,Mid Morning
11,card,23.02,Americano,Morning,Sat,Aug,6,8,2024-08-10,11:54:23.534000,2024-08-10 11:54:23.534,2024,3,32,10,223,1,Coffee - Black,Standard,Mid Morning
12,card,32.82,Latte,Afternoon,Sat,Aug,6,8,2024-08-10,12:15:10.927000,2024-08-10 12:15:10.927,2024,3,32,10,223,1,Coffee - Milk,Mid-Range,Lunch Time
12,card,27.92,Americano with Milk,Afternoon,Sat,Aug,6,8,2024-08-10,12:33:12.454000,2024-08-10 12:33:12.454,2024,3,32,10,223,1,Coffee - Milk,Standard,Lunch Time
16,card,32.82,Latte,Afternoon,Sat,Aug,6,8,2024-08-10,16:06:12.085000,2024-08-10 16:06:12.085,2024,3,32,10,223,1,Coffee - Milk,Mid-Range,Afternoon
21,card,32.82,Cocoa,Night,Sat,Aug,6,8,2024-08-10,21:16:48.562000,2024-08-10 21:16:48.562,2024,3,32,10,223,1,Non-Coffee,Mid-Range,Evening
21,card,32.82,Cocoa,Night,Sat,Aug,6,8,2024-08-10,21:17:41.087000,2024-08-10 21:17:41.087,2024,3,32,10,223,1,Non-Coffee,Mid-Range,Evening
21,card,32.82,Cocoa,Night,Sat,Aug,6,8,2024-08-10,21:37:41.517000,2024-08-10 21:37:41.517,2024,3,32,10,223,1,Non-Coffee,Mid-Range,Evening
9,card,32.82,Latte,Morning,Sun,Aug,7,8,2024-08-11,09:52:36.590000,2024-08-11 09:52:36.590,2024,3,32,11,224,1,Coffee - Milk,Mid-Range,Mid Morning
9,card,32.82,Latte,Morning,Sun,Aug,7,8,2024-08-11,09:53:43.564000,2024-08-11 09:53:43.564,2024,3,32,11,224,1,Coffee - Milk,Mid-Range,Mid Morning
10,card,27.92,Americano with Milk,Morning,Sun,Aug,7,8,2024-08-11,10:17:23.636000,2024-08-11 10:17:23.636,2024,3,32,11,224,1,Coffee - Milk,Standard,Mid Morning
11,card,32.82,Cappuccino,Morning,Sun,Aug,7,8,2024-08-11,11:56:41.144000,2024-08-11 11:56:41.144,2024,3,32,11,224,1,Coffee - Milk,Mid-Range,Mid Morning
11,card,27.92,Americano with Milk,Morning,Sun,Aug,7,8,2024-08-11,11:57:41.269000,2024-08-11 11:57:41.269,2024,3,32,11,224,1,Coffee - Milk,Standard,Mid Morning
12,card,23.02,Cortado,Afternoon,Sun,Aug,7,8,2024-08-11,12:20:19.570000,2024-08-11 12:20:19.570,2024,3,32,11,224,1,Coffee - Milk,Standard,Lunch Time
15,card,32.82,Latte,Afternoon,Sun,Aug,7,8,2024-08-11,15:53:51.552000,2024-08-11 15:53:51.552,2024,3,32,11,224,1,Coffee - Milk,Mid-Range,Afternoon
15,card,27.92,Americano with Milk,Afternoon,Sun,Aug,7,8,2024-08-11,15:55:14.853000,2024-08-11 15:55:14.853,2024,3,32,11,224,1,Coffee - Milk,Standard,Afternoon
15,card,32.82,Cocoa,Afternoon,Sun,Aug,7,8,2024-08-11,15:56:27.697000,2024-08-11 15:56:27.697,2024,3,32,11,224,1,Non-Coffee,Mid-Range,Afternoon
16,card,32.82,Cappuccino,Afternoon,Sun,Aug,7,8,2024-08-11,16:27:35.126000,2024-08-11 16:27:35.126,2024,3,32,11,224,1,Coffee - Milk,Mid-Range,Afternoon
16,card,18.12,Espresso,Afternoon,Sun,Aug,7,8,2024-08-11,16:28:38.296000,2024-08-11 16:28:38.296,2024,3,32,11,224,1,Coffee - Black,Standard,Afternoon
21,card,23.02,Cortado,Night,Sun,Aug,7,8,2024-08-11,21:30:32.549000,2024-08-11 21:30:32.549,2024,3,32,11,224,1,Coffee - Milk,Standard,Evening
21,card,32.82,Latte,Night,Sun,Aug,7,8,2024-08-11,21:41:09.070000,2024-08-11 21:41:09.070,2024,3,32,11,224,1,Coffee - Milk,Mid-Range,Evening
21,card,32.82,Latte,Night,Sun,Aug,7,8,2024-08-11,21:43:10.108000,2024-08-11 21:43:10.108,2024,3,32,11,224,1,Coffee - Milk,Mid-Range,Evening
22,card,32.82,Cappuccino,Night,Sun,Aug,7,8,2024-08-11,22:39:29.913000,2024-08-11 22:39:29.913,2024,3,32,11,224,1,Coffee - Milk,Mid-Range,Evening
8,card,32.82,Hot Chocolate,Morning,Mon,Aug,1,8,2024-08-12,08:26:19.458000,2024-08-12 08:26:19.458,2024,3,33,12,225,0,Non-Coffee,Mid-Range,Early Morning
11,card,27.92,Americano with Milk,Morning,Mon,Aug,1,8,2024-08-12,11:15:04.771000,2024-08-12 11:15:04.771,2024,3,33,12,225,0,Coffee - Milk,Standard,Mid Morning
11,card,23.02,Americano,Morning,Mon,Aug,1,8,2024-08-12,11:19:29.513000,2024-08-12 11:19:29.513,2024,3,33,12,225,0,Coffee - Black,Standard,Mid Morning
11,card,32.82,Latte,Morning,Mon,Aug,1,8,2024-08-12,11:20:23.640000,2024-08-12 11:20:23.640,2024,3,33,12,225,0,Coffee - Milk,Mid-Range,Mid Morning
11,card,32.82,Latte,Morning,Mon,Aug,1,8,2024-08-12,11:44:28.384000,2024-08-12 11:44:28.384,2024,3,33,12,225,0,Coffee - Milk,Mid-Range,Mid Morning
14,card,18.12,Espresso,Afternoon,Mon,Aug,1,8,2024-08-12,14:04:03.399000,2024-08-12 14:04:03.399,2024,3,33,12,225,0,Coffee - Black,Standard,Lunch Time
14,card,27.92,Americano with Milk,Afternoon,Mon,Aug,1,8,2024-08-12,14:05:06.931000,2024-08-12 14:05:06.931,2024,3,33,12,225,0,Coffee - Milk,Standard,Lunch Time
15,card,27.92,Americano with Milk,Afternoon,Mon,Aug,1,8,2024-08-12,15:33:33.110000,2024-08-12 15:33:33.110,2024,3,33,12,225,0,Coffee - Milk,Standard,Afternoon
18,card,27.92,Americano with Milk,Night,Mon,Aug,1,8,2024-08-12,18:05:04.830000,2024-08-12 18:05:04.830,2024,3,33,12,225,0,Coffee - Milk,Standard,Evening
21,card,27.92,Americano with Milk,Night,Mon,Aug,1,8,2024-08-12,21:25:49.351000,2024-08-12 21:25:49.351,2024,3,33,12,225,0,Coffee - Milk,Standard,Evening
21,card,32.82,Latte,Night,Mon,Aug,1,8,2024-08-12,21:37:38.041000,2024-08-12 21:37:38.041,2024,3,33,12,225,0,Coffee - Milk,Mid-Range,Evening
22,card,32.82,Cappuccino,Night,Mon,Aug,1,8,2024-08-12,22:58:20.072000,2024-08-12 22:58:20.072,2024,3,33,12,225,0,Coffee - Milk,Mid-Range,Evening
22,card,32.82,Cappuccino,Night,Mon,Aug,1,8,2024-08-12,22:59:18.544000,2024-08-12 22:59:18.544,2024,3,33,12,225,0,Coffee - Milk,Mid-Range,Evening
8,card,27.92,Americano with Milk,Morning,Tue,Aug,2,8,2024-08-13,08:44:30.187000,2024-08-13 08:44:30.187,2024,3,33,13,226,0,Coffee - Milk,Standard,Early Morning
9,card,27.92,Americano with Milk,Morning,Tue,Aug,2,8,2024-08-13,09:14:21.598000,2024-08-13 09:14:21.598,2024,3,33,13,226,0,Coffee - Milk,Standard,Mid Morning
9,card,27.92,Americano with Milk,Morning,Tue,Aug,2,8,2024-08-13,09:45:56.370000,2024-08-13 09:45:56.370,2024,3,33,13,226,0,Coffee - Milk,Standard,Mid Morning
10,card,23.02,Cortado,Morning,Tue,Aug,2,8,2024-08-13,10:42:08.773000,2024-08-13 10:42:08.773,2024,3,33,13,226,0,Coffee - Milk,Standard,Mid Morning
11,card,32.82,Latte,Morning,Tue,Aug,2,8,2024-08-13,11:59:47.612000,2024-08-13 11:59:47.612,2024,3,33,13,226,0,Coffee - Milk,Mid-Range,Mid Morning
13,card,27.92,Americano with Milk,Afternoon,Tue,Aug,2,8,2024-08-13,13:01:41.487000,2024-08-13 13:01:41.487,2024,3,33,13,226,0,Coffee - Milk,Standard,Lunch Time
14,card,32.82,Latte,Afternoon,Tue,Aug,2,8,2024-08-13,14:45:39.689000,2024-08-13 14:45:39.689,2024,3,33,13,226,0,Coffee - Milk,Mid-Range,Lunch Time
15,card,32.82,Cappuccino,Afternoon,Tue,Aug,2,8,2024-08-13,15:47:56.703000,2024-08-13 15:47:56.703,2024,3,33,13,226,0,Coffee - Milk,Mid-Range,Afternoon
15,card,27.92,Americano with Milk,Afternoon,Tue,Aug,2,8,2024-08-13,15:55:29.579000,2024-08-13 15:55:29.579,2024,3,33,13,226,0,Coffee - Milk,Standard,Afternoon
20,card,32.82,Latte,Night,Tue,Aug,2,8,2024-08-13,20:29:34.531000,2024-08-13 20:29:34.531,2024,3,33,13,226,0,Coffee - Milk,Mid-Range,Evening
20,card,32.82,Cocoa,Night,Tue,Aug,2,8,2024-08-13,20:30:37.150000,2024-08-13 20:30:37.150,2024,3,33,13,226,0,Non-Coffee,Mid-Range,Evening
20,card,32.82,Cappuccino,Night,Tue,Aug,2,8,2024-08-13,20:44:22.991000,2024-08-13 20:44:22.991,2024,3,33,13,226,0,Coffee - Milk,Mid-Range,Evening
21,card,23.02,Cortado,Night,Tue,Aug,2,8,2024-08-13,21:00:44.688000,2024-08-13 21:00:44.688,2024,3,33,13,226,0,Coffee - Milk,Standard,Evening
7,card,32.82,Latte,Morning,Wed,Aug,3,8,2024-08-14,07:35:48.103000,2024-08-14 07:35:48.103,2024,3,33,14,227,0,Coffee - Milk,Mid-Range,Early Morning
7,card,32.82,Cappuccino,Morning,Wed,Aug,3,8,2024-08-14,07:36:55.599000,2024-08-14 07:36:55.599,2024,3,33,14,227,0,Coffee - Milk,Mid-Range,Early Morning
10,card,23.02,Cortado,Morning,Wed,Aug,3,8,2024-08-14,10:09:29.125000,2024-08-14 10:09:29.125,2024,3,33,14,227,0,Coffee - Milk,Standard,Mid Morning
11,card,18.12,Espresso,Morning,Wed,Aug,3,8,2024-08-14,11:39:07.882000,2024-08-14 11:39:07.882,2024,3,33,14,227,0,Coffee - Black,Standard,Mid Morning
12,card,23.02,Americano,Afternoon,Wed,Aug,3,8,2024-08-14,12:49:16.951000,2024-08-14 12:49:16.951,2024,3,33,14,227,0,Coffee - Black,Standard,Lunch Time
12,card,23.02,Americano,Afternoon,Wed,Aug,3,8,2024-08-14,12:51:04.870000,2024-08-14 12:51:04.870,2024,3,33,14,227,0,Coffee - Black,Standard,Lunch Time
15,card,32.82,Latte,Afternoon,Wed,Aug,3,8,2024-08-14,15:21:27.260000,2024-08-14 15:21:27.260,2024,3,33,14,227,0,Coffee - Milk,Mid-Range,Afternoon
17,card,23.02,Americano,Night,Wed,Aug,3,8,2024-08-14,17:24:22.788000,2024-08-14 17:24:22.788,2024,3,33,14,227,0,Coffee - Black,Standard,Afternoon
18,card,23.02,Cortado,Night,Wed,Aug,3,8,2024-08-14,18:10:03.723000,2024-08-14 18:10:03.723,2024,3,33,14,227,0,Coffee - Milk,Standard,Evening
18,card,27.92,Americano with Milk,Night,Wed,Aug,3,8,2024-08-14,18:59:18.279000,2024-08-14 18:59:18.279,2024,3,33,14,227,0,Coffee - Milk,Standard,Evening
19,card,32.82,Latte,Night,Wed,Aug,3,8,2024-08-14,19:34:51.731000,2024-08-14 19:34:51.731,2024,3,33,14,227,0,Coffee - Milk,Mid-Range,Evening
19,card,23.02,Cortado,Night,Wed,Aug,3,8,2024-08-14,19:35:48.545000,2024-08-14 19:35:48.545,2024,3,33,14,227,0,Coffee - Milk,Standard,Evening
21,card,32.82,Latte,Night,Wed,Aug,3,8,2024-08-14,21:41:33.021000,2024-08-14 21:41:33.021,2024,3,33,14,227,0,Coffee - Milk,Mid-Range,Evening
9,card,23.02,Cortado,Morning,Thu,Aug,4,8,2024-08-15,09:36:11.153000,2024-08-15 09:36:11.153,2024,3,33,15,228,0,Coffee - Milk,Standard,Mid Morning
9,card,32.82,Cappuccino,Morning,Thu,Aug,4,8,2024-08-15,09:37:02.172000,2024-08-15 09:37:02.172,2024,3,33,15,228,0,Coffee - Milk,Mid-Range,Mid Morning
9,card,32.82,Hot Chocolate,Morning,Thu,Aug,4,8,2024-08-15,09:38:04.903000,2024-08-15 09:38:04.903,2024,3,33,15,228,0,Non-Coffee,Mid-Range,Mid Morning
9,card,32.82,Latte,Morning,Thu,Aug,4,8,2024-08-15,09:38:49.735000,2024-08-15 09:38:49.735,2024,3,33,15,228,0,Coffee - Milk,Mid-Range,Mid Morning
12,card,32.82,Latte,Afternoon,Thu,Aug,4,8,2024-08-15,12:38:37.563000,2024-08-15 12:38:37.563,2024,3,33,15,228,0,Coffee - Milk,Mid-Range,Lunch Time
13,card,32.82,Latte,Afternoon,Thu,Aug,4,8,2024-08-15,13:48:13.601000,2024-08-15 13:48:13.601,2024,3,33,15,228,0,Coffee - Milk,Mid-Range,Lunch Time
14,card,23.02,Americano,Afternoon,Thu,Aug,4,8,2024-08-15,14:17:48.183000,2024-08-15 14:17:48.183,2024,3,33,15,228,0,Coffee - Black,Standard,Lunch Time
14,card,18.12,Espresso,Afternoon,Thu,Aug,4,8,2024-08-15,14:18:50.777000,2024-08-15 14:18:50.777,2024,3,33,15,228,0,Coffee - Black,Standard,Lunch Time
17,card,27.92,Americano with Milk,Night,Thu,Aug,4,8,2024-08-15,17:53:52.225000,2024-08-15 17:53:52.225,2024,3,33,15,228,0,Coffee - Milk,Standard,Afternoon
19,card,32.82,Hot Chocolate,Night,Thu,Aug,4,8,2024-08-15,19:10:58.222000,2024-08-15 19:10:58.222,2024,3,33,15,228,0,Non-Coffee,Mid-Range,Evening
19,card,27.92,Americano with Milk,Night,Thu,Aug,4,8,2024-08-15,19:11:54.036000,2024-08-15 19:11:54.036,2024,3,33,15,228,0,Coffee - Milk,Standard,Evening
19,card,27.92,Americano with Milk,Night,Thu,Aug,4,8,2024-08-15,19:41:30.244000,2024-08-15 19:41:30.244,2024,3,33,15,228,0,Coffee - Milk,Standard,Evening
19,card,23.02,Americano,Night,Thu,Aug,4,8,2024-08-15,19:42:37.987000,2024-08-15 19:42:37.987,2024,3,33,15,228,0,Coffee - Black,Standard,Evening
20,card,32.82,Cappuccino,Night,Thu,Aug,4,8,2024-08-15,20:40:41.516000,2024-08-15 20:40:41.516,2024,3,33,15,228,0,Coffee - Milk,Mid-Range,Evening
21,card,18.12,Espresso,Night,Thu,Aug,4,8,2024-08-15,21:35:20.080000,2024-08-15 21:35:20.080,2024,3,33,15,228,0,Coffee - Black,Standard,Evening
21,card,27.92,Americano with Milk,Night,Thu,Aug,4,8,2024-08-15,21:36:11.033000,2024-08-15 21:36:11.033,2024,3,33,15,228,0,Coffee - Milk,Standard,Evening
12,card,32.82,Latte,Afternoon,Fri,Aug,5,8,2024-08-16,12:29:16.732000,2024-08-16 12:29:16.732,2024,3,33,16,229,0,Coffee - Milk,Mid-Range,Lunch Time
12,card,23.02,Americano,Afternoon,Fri,Aug,5,8,2024-08-16,12:54:17.452000,2024-08-16 12:54:17.452,2024,3,33,16,229,0,Coffee - Black,Standard,Lunch Time
13,card,27.92,Americano with Milk,Afternoon,Fri,Aug,5,8,2024-08-16,13:36:12.798000,2024-08-16 13:36:12.798,2024,3,33,16,229,0,Coffee - Milk,Standard,Lunch Time
15,card,18.12,Espresso,Afternoon,Fri,Aug,5,8,2024-08-16,15:18:51.737000,2024-08-16 15:18:51.737,2024,3,33,16,229,0,Coffee - Black,Standard,Afternoon
15,card,18.12,Espresso,Afternoon,Fri,Aug,5,8,2024-08-16,15:19:39.274000,2024-08-16 15:19:39.274,2024,3,33,16,229,0,Coffee - Black,Standard,Afternoon
9,card,27.92,Americano with Milk,Morning,Sat,Aug,6,8,2024-08-17,09:16:53.491000,2024-08-17 09:16:53.491,2024,3,33,17,230,1,Coffee - Milk,Standard,Mid Morning
9,card,32.82,Cappuccino,Morning,Sat,Aug,6,8,2024-08-17,09:18:08.983000,2024-08-17 09:18:08.983,2024,3,33,17,230,1,Coffee - Milk,Mid-Range,Mid Morning
10,card,27.92,Americano with Milk,Morning,Sat,Aug,6,8,2024-08-17,10:53:41.327000,2024-08-17 10:53:41.327,2024,3,33,17,230,1,Coffee - Milk,Standard,Mid Morning
11,card,23.02,Cortado,Morning,Sat,Aug,6,8,2024-08-17,11:58:41.649000,2024-08-17 11:58:41.649,2024,3,33,17,230,1,Coffee - Milk,Standard,Mid Morning
11,card,23.02,Cortado,Morning,Sat,Aug,6,8,2024-08-17,11:59:28.298000,2024-08-17 11:59:28.298,2024,3,33,17,230,1,Coffee - Milk,Standard,Mid Morning
13,card,27.92,Americano with Milk,Afternoon,Sat,Aug,6,8,2024-08-17,13:18:40.184000,2024-08-17 13:18:40.184,2024,3,33,17,230,1,Coffee - Milk,Standard,Lunch Time
16,card,23.02,Cortado,Afternoon,Sat,Aug,6,8,2024-08-17,16:31:54.837000,2024-08-17 16:31:54.837,2024,3,33,17,230,1,Coffee - Milk,Standard,Afternoon
16,card,32.82,Latte,Afternoon,Sat,Aug,6,8,2024-08-17,16:33:48.977000,2024-08-17 16:33:48.977,2024,3,33,17,230,1,Coffee - Milk,Mid-Range,Afternoon
18,card,32.82,Cappuccino,Night,Sat,Aug,6,8,2024-08-17,18:48:58.852000,2024-08-17 18:48:58.852,2024,3,33,17,230,1,Coffee - Milk,Mid-Range,Evening
21,card,27.92,Americano with Milk,Night,Sat,Aug,6,8,2024-08-17,21:18:56.806000,2024-08-17 21:18:56.806,2024,3,33,17,230,1,Coffee - Milk,Standard,Evening
22,card,32.82,Latte,Night,Sat,Aug,6,8,2024-08-17,22:42:39.351000,2024-08-17 22:42:39.351,2024,3,33,17,230,1,Coffee - Milk,Mid-Range,Evening
8,card,32.82,Cappuccino,Morning,Sun,Aug,7,8,2024-08-18,08:09:42.601000,2024-08-18 08:09:42.601,2024,3,33,18,231,1,Coffee - Milk,Mid-Range,Early Morning
8,card,32.82,Cappuccino,Morning,Sun,Aug,7,8,2024-08-18,08:32:05.597000,2024-08-18 08:32:05.597,2024,3,33,18,231,1,Coffee - Milk,Mid-Range,Early Morning
8,card,23.02,Cortado,Morning,Sun,Aug,7,8,2024-08-18,08:41:06.249000,2024-08-18 08:41:06.249,2024,3,33,18,231,1,Coffee - Milk,Standard,Early Morning
8,card,27.92,Americano with Milk,Morning,Sun,Aug,7,8,2024-08-18,08:56:01.292000,2024-08-18 08:56:01.292,2024,3,33,18,231,1,Coffee - Milk,Standard,Early Morning
12,card,32.82,Cappuccino,Afternoon,Sun,Aug,7,8,2024-08-18,12:31:40.892000,2024-08-18 12:31:40.892,2024,3,33,18,231,1,Coffee - Milk,Mid-Range,Lunch Time
14,card,27.92,Americano with Milk,Afternoon,Sun,Aug,7,8,2024-08-18,14:30:21.605000,2024-08-18 14:30:21.605,2024,3,33,18,231,1,Coffee - Milk,Standard,Lunch Time
18,card,27.92,Americano with Milk,Night,Sun,Aug,7,8,2024-08-18,18:24:10.776000,2024-08-18 18:24:10.776,2024,3,33,18,231,1,Coffee - Milk,Standard,Evening
18,card,27.92,Americano with Milk,Night,Sun,Aug,7,8,2024-08-18,18:26:03.786000,2024-08-18 18:26:03.786,2024,3,33,18,231,1,Coffee - Milk,Standard,Evening
18,card,23.02,Americano,Night,Sun,Aug,7,8,2024-08-18,18:27:17.553000,2024-08-18 18:27:17.553,2024,3,33,18,231,1,Coffee - Black,Standard,Evening
18,card,23.02,Americano,Night,Sun,Aug,7,8,2024-08-18,18:28:13.069000,2024-08-18 18:28:13.069,2024,3,33,18,231,1,Coffee - Black,Standard,Evening
15,card,27.92,Americano with Milk,Afternoon,Mon,Aug,1,8,2024-08-19,15:09:48.982000,2024-08-19 15:09:48.982,2024,3,34,19,232,0,Coffee - Milk,Standard,Afternoon
15,card,27.92,Americano with Milk,Afternoon,Mon,Aug,1,8,2024-08-19,15:10:51.212000,2024-08-19 15:10:51.212,2024,3,34,19,232,0,Coffee - Milk,Standard,Afternoon
21,card,32.82,Latte,Night,Mon,Aug,1,8,2024-08-19,21:21:12.081000,2024-08-19 21:21:12.081,2024,3,34,19,232,0,Coffee - Milk,Mid-Range,Evening
21,card,32.82,Cocoa,Night,Mon,Aug,1,8,2024-08-19,21:31:57.036000,2024-08-19 21:31:57.036,2024,3,34,19,232,0,Non-Coffee,Mid-Range,Evening
8,card,23.02,Cortado,Morning,Tue,Aug,2,8,2024-08-20,08:27:16.408000,2024-08-20 08:27:16.408,2024,3,34,20,233,0,Coffee - Milk,Standard,Early Morning
8,card,32.82,Latte,Morning,Tue,Aug,2,8,2024-08-20,08:29:14.916000,2024-08-20 08:29:14.916,2024,3,34,20,233,0,Coffee - Milk,Mid-Range,Early Morning
8,card,18.12,Espresso,Morning,Tue,Aug,2,8,2024-08-20,08:49:47.474000,2024-08-20 08:49:47.474,2024,3,34,20,233,0,Coffee - Black,Standard,Early Morning
8,card,23.02,Cortado,Morning,Tue,Aug,2,8,2024-08-20,08:50:36.343000,2024-08-20 08:50:36.343,2024,3,34,20,233,0,Coffee - Milk,Standard,Early Morning
9,card,27.92,Americano with Milk,Morning,Tue,Aug,2,8,2024-08-20,09:14:54.885000,2024-08-20 09:14:54.885,2024,3,34,20,233,0,Coffee - Milk,Standard,Mid Morning
11,card,23.02,Americano,Morning,Tue,Aug,2,8,2024-08-20,11:09:55.575000,2024-08-20 11:09:55.575,2024,3,34,20,233,0,Coffee - Black,Standard,Mid Morning
11,card,23.02,Americano,Morning,Tue,Aug,2,8,2024-08-20,11:11:39.083000,2024-08-20 11:11:39.083,2024,3,34,20,233,0,Coffee - Black,Standard,Mid Morning
11,card,23.02,Americano,Morning,Tue,Aug,2,8,2024-08-20,11:12:31.181000,2024-08-20 11:12:31.181,2024,3,34,20,233,0,Coffee - Black,Standard,Mid Morning
11,card,32.82,Latte,Morning,Tue,Aug,2,8,2024-08-20,11:42:20,2024-08-20 11:42:20.000,2024,3,34,20,233,0,Coffee - Milk,Mid-Range,Mid Morning
20,card,32.82,Latte,Night,Tue,Aug,2,8,2024-08-20,20:42:40.873000,2024-08-20 20:42:40.873,2024,3,34,20,233,0,Coffee - Milk,Mid-Range,Evening
20,card,32.82,Latte,Night,Tue,Aug,2,8,2024-08-20,20:44:14.852000,2024-08-20 20:44:14.852,2024,3,34,20,233,0,Coffee - Milk,Mid-Range,Evening
20,card,32.82,Latte,Night,Tue,Aug,2,8,2024-08-20,20:45:12.346000,2024-08-20 20:45:12.346,2024,3,34,20,233,0,Coffee - Milk,Mid-Range,Evening
20,card,32.82,Latte,Night,Tue,Aug,2,8,2024-08-20,20:46:03.989000,2024-08-20 20:46:03.989,2024,3,34,20,233,0,Coffee - Milk,Mid-Range,Evening
7,card,27.92,Americano with Milk,Morning,Wed,Aug,3,8,2024-08-21,07:59:13.098000,2024-08-21 07:59:13.098,2024,3,34,21,234,0,Coffee - Milk,Standard,Early Morning
8,card,23.02,Cortado,Morning,Wed,Aug,3,8,2024-08-21,08:40:27.393000,2024-08-21 08:40:27.393,2024,3,34,21,234,0,Coffee - Milk,Standard,Early Morning
10,card,23.02,Americano,Morning,Wed,Aug,3,8,2024-08-21,10:13:32.404000,2024-08-21 10:13:32.404,2024,3,34,21,234,0,Coffee - Black,Standard,Mid Morning
10,card,27.92,Americano with Milk,Morning,Wed,Aug,3,8,2024-08-21,10:38:44.527000,2024-08-21 10:38:44.527,2024,3,34,21,234,0,Coffee - Milk,Standard,Mid Morning
11,card,23.02,Cortado,Morning,Wed,Aug,3,8,2024-08-21,11:51:41.439000,2024-08-21 11:51:41.439,2024,3,34,21,234,0,Coffee - Milk,Standard,Mid Morning
13,card,32.82,Latte,Afternoon,Wed,Aug,3,8,2024-08-21,13:17:10.750000,2024-08-21 13:17:10.750,2024,3,34,21,234,0,Coffee - Milk,Mid-Range,Lunch Time
19,card,32.82,Latte,Night,Wed,Aug,3,8,2024-08-21,19:42:03.523000,2024-08-21 19:42:03.523,2024,3,34,21,234,0,Coffee - Milk,Mid-Range,Evening
9,card,23.02,Cortado,Morning,Thu,Aug,4,8,2024-08-22,09:22:26.297000,2024-08-22 09:22:26.297,2024,3,34,22,235,0,Coffee - Milk,Standard,Mid Morning
10,card,27.92,Americano with Milk,Morning,Thu,Aug,4,8,2024-08-22,10:09:23.470000,2024-08-22 10:09:23.470,2024,3,34,22,235,0,Coffee - Milk,Standard,Mid Morning
10,card,27.92,Americano with Milk,Morning,Thu,Aug,4,8,2024-08-22,10:47:59.356000,2024-08-22 10:47:59.356,2024,3,34,22,235,0,Coffee - Milk,Standard,Mid Morning
14,card,32.82,Latte,Afternoon,Thu,Aug,4,8,2024-08-22,14:16:12.066000,2024-08-22 14:16:12.066,2024,3,34,22,235,0,Coffee - Milk,Mid-Range,Lunch Time
14,card,32.82,Latte,Afternoon,Thu,Aug,4,8,2024-08-22,14:26:58.298000,2024-08-22 14:26:58.298,2024,3,34,22,235,0,Coffee - Milk,Mid-Range,Lunch Time
15,card,32.82,Cappuccino,Afternoon,Thu,Aug,4,8,2024-08-22,15:07:07.427000,2024-08-22 15:07:07.427,2024,3,34,22,235,0,Coffee - Milk,Mid-Range,Afternoon
15,card,23.02,Americano,Afternoon,Thu,Aug,4,8,2024-08-22,15:27:27.317000,2024-08-22 15:27:27.317,2024,3,34,22,235,0,Coffee - Black,Standard,Afternoon
7,card,32.82,Latte,Morning,Fri,Aug,5,8,2024-08-23,07:43:16.127000,2024-08-23 07:43:16.127,2024,3,34,23,236,0,Coffee - Milk,Mid-Range,Early Morning
8,card,23.02,Cortado,Morning,Fri,Aug,5,8,2024-08-23,08:21:48.054000,2024-08-23 08:21:48.054,2024,3,34,23,236,0,Coffee - Milk,Standard,Early Morning
8,card,32.82,Latte,Morning,Fri,Aug,5,8,2024-08-23,08:22:56.567000,2024-08-23 08:22:56.567,2024,3,34,23,236,0,Coffee - Milk,Mid-Range,Early Morning
8,card,23.02,Americano,Morning,Fri,Aug,5,8,2024-08-23,08:33:38.712000,2024-08-23 08:33:38.712,2024,3,34,23,236,0,Coffee - Black,Standard,Early Morning
8,card,23.02,Americano,Morning,Fri,Aug,5,8,2024-08-23,08:34:35.002000,2024-08-23 08:34:35.002,2024,3,34,23,236,0,Coffee - Black,Standard,Early Morning
9,card,27.92,Americano with Milk,Morning,Fri,Aug,5,8,2024-08-23,09:14:52.024000,2024-08-23 09:14:52.024,2024,3,34,23,236,0,Coffee - Milk,Standard,Mid Morning
10,card,32.82,Cocoa,Morning,Fri,Aug,5,8,2024-08-23,10:10:58.704000,2024-08-23 10:10:58.704,2024,3,34,23,236,0,Non-Coffee,Mid-Range,Mid Morning
10,card,23.02,Americano,Morning,Fri,Aug,5,8,2024-08-23,10:11:55.469000,2024-08-23 10:11:55.469,2024,3,34,23,236,0,Coffee - Black,Standard,Mid Morning
10,card,23.02,Cortado,Morning,Fri,Aug,5,8,2024-08-23,10:39:12.279000,2024-08-23 10:39:12.279,2024,3,34,23,236,0,Coffee - Milk,Standard,Mid Morning
11,card,32.82,Hot Chocolate,Morning,Fri,Aug,5,8,2024-08-23,11:12:59.387000,2024-08-23 11:12:59.387,2024,3,34,23,236,0,Non-Coffee,Mid-Range,Mid Morning
13,card,23.02,Americano,Afternoon,Fri,Aug,5,8,2024-08-23,13:24:54.748000,2024-08-23 13:24:54.748,2024,3,34,23,236,0,Coffee - Black,Standard,Lunch Time
15,card,23.02,Americano,Afternoon,Fri,Aug,5,8,2024-08-23,15:28:52.779000,2024-08-23 15:28:52.779,2024,3,34,23,236,0,Coffee - Black,Standard,Afternoon
19,card,32.82,Latte,Night,Fri,Aug,5,8,2024-08-23,19:48:02.807000,2024-08-23 19:48:02.807,2024,3,34,23,236,0,Coffee - Milk,Mid-Range,Evening
8,card,23.02,Cortado,Morning,Sat,Aug,6,8,2024-08-24,08:13:42.270000,2024-08-24 08:13:42.270,2024,3,34,24,237,1,Coffee - Milk,Standard,Early Morning
8,card,23.02,Cortado,Morning,Sat,Aug,6,8,2024-08-24,08:14:47.637000,2024-08-24 08:14:47.637,2024,3,34,24,237,1,Coffee - Milk,Standard,Early Morning
8,card,23.02,Cortado,Morning,Sat,Aug,6,8,2024-08-24,08:44:11.575000,2024-08-24 08:44:11.575,2024,3,34,24,237,1,Coffee - Milk,Standard,Early Morning
10,card,18.12,Espresso,Morning,Sat,Aug,6,8,2024-08-24,10:18:09.485000,2024-08-24 10:18:09.485,2024,3,34,24,237,1,Coffee - Black,Standard,Mid Morning
10,card,18.12,Espresso,Morning,Sat,Aug,6,8,2024-08-24,10:18:52.263000,2024-08-24 10:18:52.263,2024,3,34,24,237,1,Coffee - Black,Standard,Mid Morning
10,card,23.02,Americano,Morning,Sat,Aug,6,8,2024-08-24,10:19:49.243000,2024-08-24 10:19:49.243,2024,3,34,24,237,1,Coffee - Black,Standard,Mid Morning
8,card,23.02,Cortado,Morning,Sun,Aug,7,8,2024-08-25,08:14:37.382000,2024-08-25 08:14:37.382,2024,3,34,25,238,1,Coffee - Milk,Standard,Early Morning
8,card,23.02,Americano,Morning,Sun,Aug,7,8,2024-08-25,08:26:27.671000,2024-08-25 08:26:27.671,2024,3,34,25,238,1,Coffee - Black,Standard,Early Morning
8,card,23.02,Americano,Morning,Sun,Aug,7,8,2024-08-25,08:27:36.405000,2024-08-25 08:27:36.405,2024,3,34,25,238,1,Coffee - Black,Standard,Early Morning
9,card,32.82,Cappuccino,Morning,Sun,Aug,7,8,2024-08-25,09:24:22.265000,2024-08-25 09:24:22.265,2024,3,34,25,238,1,Coffee - Milk,Mid-Range,Mid Morning
12,card,32.82,Cappuccino,Afternoon,Sun,Aug,7,8,2024-08-25,12:41:42.703000,2024-08-25 12:41:42.703,2024,3,34,25,238,1,Coffee - Milk,Mid-Range,Lunch Time
14,card,32.82,Latte,Afternoon,Sun,Aug,7,8,2024-08-25,14:53:02.699000,2024-08-25 14:53:02.699,2024,3,34,25,238,1,Coffee - Milk,Mid-Range,Lunch Time
8,card,23.02,Cortado,Morning,Mon,Aug,1,8,2024-08-26,08:11:47.295000,2024-08-26 08:11:47.295,2024,3,35,26,239,0,Coffee - Milk,Standard,Early Morning
8,card,23.02,Americano,Morning,Mon,Aug,1,8,2024-08-26,08:16:09.611000,2024-08-26 08:16:09.611,2024,3,35,26,239,0,Coffee - Black,Standard,Early Morning
8,card,23.02,Americano,Morning,Mon,Aug,1,8,2024-08-26,08:17:23.209000,2024-08-26 08:17:23.209,2024,3,35,26,239,0,Coffee - Black,Standard,Early Morning
9,card,27.92,Americano with Milk,Morning,Mon,Aug,1,8,2024-08-26,09:21:36.706000,2024-08-26 09:21:36.706,2024,3,35,26,239,0,Coffee - Milk,Standard,Mid Morning
10,card,32.82,Latte,Morning,Mon,Aug,1,8,2024-08-26,10:37:44.464000,2024-08-26 10:37:44.464,2024,3,35,26,239,0,Coffee - Milk,Mid-Range,Mid Morning
10,card,32.82,Cappuccino,Morning,Mon,Aug,1,8,2024-08-26,10:38:49.037000,2024-08-26 10:38:49.037,2024,3,35,26,239,0,Coffee - Milk,Mid-Range,Mid Morning
12,card,23.02,Americano,Afternoon,Mon,Aug,1,8,2024-08-26,12:45:13.158000,2024-08-26 12:45:13.158,2024,3,35,26,239,0,Coffee - Black,Standard,Lunch Time
12,card,23.02,Americano,Afternoon,Mon,Aug,1,8,2024-08-26,12:46:23.644000,2024-08-26 12:46:23.644,2024,3,35,26,239,0,Coffee - Black,Standard,Lunch Time
18,card,27.92,Americano with Milk,Night,Mon,Aug,1,8,2024-08-26,18:53:27.790000,2024-08-26 18:53:27.790,2024,3,35,26,239,0,Coffee - Milk,Standard,Evening
18,card,32.82,Latte,Night,Mon,Aug,1,8,2024-08-26,18:54:31.291000,2024-08-26 18:54:31.291,2024,3,35,26,239,0,Coffee - Milk,Mid-Range,Evening
22,card,27.92,Americano with Milk,Night,Mon,Aug,1,8,2024-08-26,22:55:39.905000,2024-08-26 22:55:39.905,2024,3,35,26,239,0,Coffee - Milk,Standard,Evening
10,card,32.82,Latte,Morning,Tue,Aug,2,8,2024-08-27,10:04:04.563000,2024-08-27 10:04:04.563,2024,3,35,27,240,0,Coffee - Milk,Mid-Range,Mid Morning
12,card,27.92,Americano with Milk,Afternoon,Wed,Aug,3,8,2024-08-28,12:08:18.772000,2024-08-28 12:08:18.772,2024,3,35,28,241,0,Coffee - Milk,Standard,Lunch Time
12,card,32.82,Cappuccino,Afternoon,Wed,Aug,3,8,2024-08-28,12:10:04.139000,2024-08-28 12:10:04.139,2024,3,35,28,241,0,Coffee - Milk,Mid-Range,Lunch Time
12,card,23.02,Americano,Afternoon,Wed,Aug,3,8,2024-08-28,12:35:06.944000,2024-08-28 12:35:06.944,2024,3,35,28,241,0,Coffee - Black,Standard,Lunch Time
13,card,27.92,Americano with Milk,Afternoon,Wed,Aug,3,8,2024-08-28,13:48:35.199000,2024-08-28 13:48:35.199,2024,3,35,28,241,0,Coffee - Milk,Standard,Lunch Time
7,card,23.02,Americano,Morning,Thu,Aug,4,8,2024-08-29,07:29:30.319000,2024-08-29 07:29:30.319,2024,3,35,29,242,0,Coffee - Black,Standard,Early Morning
17,card,32.82,Latte,Night,Fri,Aug,5,8,2024-08-30,17:13:30.487000,2024-08-30 17:13:30.487,2024,3,35,30,243,0,Coffee - Milk,Mid-Range,Afternoon
17,card,27.92,Americano with Milk,Night,Fri,Aug,5,8,2024-08-30,17:14:32.791000,2024-08-30 17:14:32.791,2024,3,35,30,243,0,Coffee - Milk,Standard,Afternoon
17,card,27.92,Americano with Milk,Night,Fri,Aug,5,8,2024-08-30,17:15:35.449000,2024-08-30 17:15:35.449,2024,3,35,30,243,0,Coffee - Milk,Standard,Afternoon
9,card,23.02,Cortado,Morning,Sat,Aug,6,8,2024-08-31,09:08:32.487000,2024-08-31 09:08:32.487,2024,3,35,31,244,1,Coffee - Milk,Standard,Mid Morning
10,card,27.92,Americano with Milk,Morning,Sat,Aug,6,8,2024-08-31,10:02:08.193000,2024-08-31 10:02:08.193,2024,3,35,31,244,1,Coffee - Milk,Standard,Mid Morning
10,card,18.12,Espresso,Morning,Sat,Aug,6,8,2024-08-31,10:22:26.877000,2024-08-31 10:22:26.877,2024,3,35,31,244,1,Coffee - Black,Standard,Mid Morning
11,card,27.92,Americano with Milk,Morning,Sat,Aug,6,8,2024-08-31,11:29:54.571000,2024-08-31 11:29:54.571,2024,3,35,31,244,1,Coffee - Milk,Standard,Mid Morning
11,card,23.02,Cortado,Morning,Sat,Aug,6,8,2024-08-31,11:33:39.916000,2024-08-31 11:33:39.916,2024,3,35,31,244,1,Coffee - Milk,Standard,Mid Morning
11,card,23.02,Cortado,Morning,Sat,Aug,6,8,2024-08-31,11:34:32.934000,2024-08-31 11:34:32.934,2024,3,35,31,244,1,Coffee - Milk,Standard,Mid Morning
9,card,23.02,Cortado,Morning,Sun,Sep,7,9,2024-09-01,09:34:15.229000,2024-09-01 09:34:15.229,2024,3,35,1,245,1,Coffee - Milk,Standard,Mid Morning
12,card,32.82,Cappuccino,Afternoon,Sun,Sep,7,9,2024-09-01,12:11:24.745000,2024-09-01 12:11:24.745,2024,3,35,1,245,1,Coffee - Milk,Mid-Range,Lunch Time
12,card,27.92,Americano with Milk,Afternoon,Sun,Sep,7,9,2024-09-01,12:30:08.620000,2024-09-01 12:30:08.620,2024,3,35,1,245,1,Coffee - Milk,Standard,Lunch Time
12,card,23.02,Americano,Afternoon,Sun,Sep,7,9,2024-09-01,12:32:22.007000,2024-09-01 12:32:22.007,2024,3,35,1,245,1,Coffee - Black,Standard,Lunch Time
12,card,27.92,Americano with Milk,Afternoon,Sun,Sep,7,9,2024-09-01,12:50:17.448000,2024-09-01 12:50:17.448,2024,3,35,1,245,1,Coffee - Milk,Standard,Lunch Time
13,card,32.82,Latte,Afternoon,Sun,Sep,7,9,2024-09-01,13:57:33.948000,2024-09-01 13:57:33.948,2024,3,35,1,245,1,Coffee - Milk,Mid-Range,Lunch Time
14,card,27.92,Americano with Milk,Afternoon,Sun,Sep,7,9,2024-09-01,14:44:04.027000,2024-09-01 14:44:04.027,2024,3,35,1,245,1,Coffee - Milk,Standard,Lunch Time
17,card,32.82,Latte,Night,Sun,Sep,7,9,2024-09-01,17:20:46.327000,2024-09-01 17:20:46.327,2024,3,35,1,245,1,Coffee - Milk,Mid-Range,Afternoon
17,card,32.82,Latte,Night,Sun,Sep,7,9,2024-09-01,17:23:13.869000,2024-09-01 17:23:13.869,2024,3,35,1,245,1,Coffee - Milk,Mid-Range,Afternoon
17,card,32.82,Latte,Night,Sun,Sep,7,9,2024-09-01,17:24:49.689000,2024-09-01 17:24:49.689,2024,3,35,1,245,1,Coffee - Milk,Mid-Range,Afternoon
8,card,32.82,Latte,Morning,Mon,Sep,1,9,2024-09-02,08:24:39.805000,2024-09-02 08:24:39.805,2024,3,36,2,246,0,Coffee - Milk,Mid-Range,Early Morning
8,card,27.92,Americano with Milk,Morning,Mon,Sep,1,9,2024-09-02,08:50:17.646000,2024-09-02 08:50:17.646,2024,3,36,2,246,0,Coffee - Milk,Standard,Early Morning
8,card,32.82,Latte,Morning,Mon,Sep,1,9,2024-09-02,08:51:33.148000,2024-09-02 08:51:33.148,2024,3,36,2,246,0,Coffee - Milk,Mid-Range,Early Morning
14,card,27.92,Americano with Milk,Afternoon,Mon,Sep,1,9,2024-09-02,14:58:47.143000,2024-09-02 14:58:47.143,2024,3,36,2,246,0,Coffee - Milk,Standard,Lunch Time
20,card,32.82,Cappuccino,Night,Mon,Sep,1,9,2024-09-02,20:09:43.923000,2024-09-02 20:09:43.923,2024,3,36,2,246,0,Coffee - Milk,Mid-Range,Evening
20,card,32.82,Cocoa,Night,Mon,Sep,1,9,2024-09-02,20:11:17.936000,2024-09-02 20:11:17.936,2024,3,36,2,246,0,Non-Coffee,Mid-Range,Evening
20,card,23.02,Americano,Night,Mon,Sep,1,9,2024-09-02,20:52:31.984000,2024-09-02 20:52:31.984,2024,3,36,2,246,0,Coffee - Black,Standard,Evening
20,card,23.02,Americano,Night,Mon,Sep,1,9,2024-09-02,20:53:29.090000,2024-09-02 20:53:29.090,2024,3,36,2,246,0,Coffee - Black,Standard,Evening
8,card,32.82,Cocoa,Morning,Tue,Sep,2,9,2024-09-03,08:22:15.368000,2024-09-03 08:22:15.368,2024,3,36,3,247,0,Non-Coffee,Mid-Range,Early Morning
8,card,32.82,Cappuccino,Morning,Tue,Sep,2,9,2024-09-03,08:28:12.430000,2024-09-03 08:28:12.430,2024,3,36,3,247,0,Coffee - Milk,Mid-Range,Early Morning
8,card,32.82,Latte,Morning,Tue,Sep,2,9,2024-09-03,08:41:11.698000,2024-09-03 08:41:11.698,2024,3,36,3,247,0,Coffee - Milk,Mid-Range,Early Morning
9,card,27.92,Americano with Milk,Morning,Tue,Sep,2,9,2024-09-03,09:03:12.473000,2024-09-03 09:03:12.473,2024,3,36,3,247,0,Coffee - Milk,Standard,Mid Morning
9,card,32.82,Cappuccino,Morning,Tue,Sep,2,9,2024-09-03,09:04:11.750000,2024-09-03 09:04:11.750,2024,3,36,3,247,0,Coffee - Milk,Mid-Range,Mid Morning
9,card,32.82,Cocoa,Morning,Tue,Sep,2,9,2024-09-03,09:12:48.154000,2024-09-03 09:12:48.154,2024,3,36,3,247,0,Non-Coffee,Mid-Range,Mid Morning
9,card,32.82,Cocoa,Morning,Tue,Sep,2,9,2024-09-03,09:13:33.655000,2024-09-03 09:13:33.655,2024,3,36,3,247,0,Non-Coffee,Mid-Range,Mid Morning
9,card,27.92,Americano with Milk,Morning,Tue,Sep,2,9,2024-09-03,09:17:02.210000,2024-09-03 09:17:02.210,2024,3,36,3,247,0,Coffee - Milk,Standard,Mid Morning
9,card,27.92,Americano with Milk,Morning,Tue,Sep,2,9,2024-09-03,09:20:17.170000,2024-09-03 09:20:17.170,2024,3,36,3,247,0,Coffee - Milk,Standard,Mid Morning
9,card,32.82,Latte,Morning,Tue,Sep,2,9,2024-09-03,09:37:52.322000,2024-09-03 09:37:52.322,2024,3,36,3,247,0,Coffee - Milk,Mid-Range,Mid Morning
9,card,32.82,Cocoa,Morning,Tue,Sep,2,9,2024-09-03,09:38:56.399000,2024-09-03 09:38:56.399,2024,3,36,3,247,0,Non-Coffee,Mid-Range,Mid Morning
12,card,23.02,Cortado,Afternoon,Tue,Sep,2,9,2024-09-03,12:56:53.409000,2024-09-03 12:56:53.409,2024,3,36,3,247,0,Coffee - Milk,Standard,Lunch Time
14,card,27.92,Americano with Milk,Afternoon,Tue,Sep,2,9,2024-09-03,14:14:51.711000,2024-09-03 14:14:51.711,2024,3,36,3,247,0,Coffee - Milk,Standard,Lunch Time
14,card,27.92,Americano with Milk,Afternoon,Tue,Sep,2,9,2024-09-03,14:16:17.337000,2024-09-03 14:16:17.337,2024,3,36,3,247,0,Coffee - Milk,Standard,Lunch Time
18,card,27.92,Americano with Milk,Night,Tue,Sep,2,9,2024-09-03,18:48:34.747000,2024-09-03 18:48:34.747,2024,3,36,3,247,0,Coffee - Milk,Standard,Evening
19,card,32.82,Latte,Night,Tue,Sep,2,9,2024-09-03,19:11:12.312000,2024-09-03 19:11:12.312,2024,3,36,3,247,0,Coffee - Milk,Mid-Range,Evening
19,card,27.92,Americano with Milk,Night,Tue,Sep,2,9,2024-09-03,19:17:13.808000,2024-09-03 19:17:13.808,2024,3,36,3,247,0,Coffee - Milk,Standard,Evening
11,card,27.92,Americano with Milk,Morning,Wed,Sep,3,9,2024-09-04,11:11:21.574000,2024-09-04 11:11:21.574,2024,3,36,4,248,0,Coffee - Milk,Standard,Mid Morning
11,card,32.82,Latte,Morning,Wed,Sep,3,9,2024-09-04,11:33:36.598000,2024-09-04 11:33:36.598,2024,3,36,4,248,0,Coffee - Milk,Mid-Range,Mid Morning
11,card,23.02,Americano,Morning,Wed,Sep,3,9,2024-09-04,11:48:03.543000,2024-09-04 11:48:03.543,2024,3,36,4,248,0,Coffee - Black,Standard,Mid Morning
11,card,27.92,Americano with Milk,Morning,Wed,Sep,3,9,2024-09-04,11:55:34.487000,2024-09-04 11:55:34.487,2024,3,36,4,248,0,Coffee - Milk,Standard,Mid Morning
12,card,32.82,Latte,Afternoon,Wed,Sep,3,9,2024-09-04,12:53:31.320000,2024-09-04 12:53:31.320,2024,3,36,4,248,0,Coffee - Milk,Mid-Range,Lunch Time
13,card,32.82,Latte,Afternoon,Wed,Sep,3,9,2024-09-04,13:03:50.610000,2024-09-04 13:03:50.610,2024,3,36,4,248,0,Coffee - Milk,Mid-Range,Lunch Time
13,card,27.92,Americano with Milk,Afternoon,Wed,Sep,3,9,2024-09-04,13:05:16.100000,2024-09-04 13:05:16.100,2024,3,36,4,248,0,Coffee - Milk,Standard,Lunch Time
18,card,32.82,Cappuccino,Night,Wed,Sep,3,9,2024-09-04,18:03:46.925000,2024-09-04 18:03:46.925,2024,3,36,4,248,0,Coffee - Milk,Mid-Range,Evening
19,card,27.92,Americano with Milk,Night,Wed,Sep,3,9,2024-09-04,19:41:41.962000,2024-09-04 19:41:41.962,2024,3,36,4,248,0,Coffee - Milk,Standard,Evening
21,card,32.82,Latte,Night,Wed,Sep,3,9,2024-09-04,21:19:35.649000,2024-09-04 21:19:35.649,2024,3,36,4,248,0,Coffee - Milk,Mid-Range,Evening
9,card,27.92,Americano with Milk,Morning,Thu,Sep,4,9,2024-09-05,09:31:17.020000,2024-09-05 09:31:17.020,2024,3,36,5,249,0,Coffee - Milk,Standard,Mid Morning
10,card,27.92,Americano with Milk,Morning,Thu,Sep,4,9,2024-09-05,10:28:56.227000,2024-09-05 10:28:56.227,2024,3,36,5,249,0,Coffee - Milk,Standard,Mid Morning
11,card,23.02,Americano,Morning,Thu,Sep,4,9,2024-09-05,11:06:30.599000,2024-09-05 11:06:30.599,2024,3,36,5,249,0,Coffee - Black,Standard,Mid Morning
14,card,32.82,Latte,Afternoon,Thu,Sep,4,9,2024-09-05,14:00:27.732000,2024-09-05 14:00:27.732,2024,3,36,5,249,0,Coffee - Milk,Mid-Range,Lunch Time
15,card,32.82,Latte,Afternoon,Thu,Sep,4,9,2024-09-05,15:25:12.342000,2024-09-05 15:25:12.342,2024,3,36,5,249,0,Coffee - Milk,Mid-Range,Afternoon
16,card,23.02,Americano,Afternoon,Thu,Sep,4,9,2024-09-05,16:38:50.385000,2024-09-05 16:38:50.385,2024,3,36,5,249,0,Coffee - Black,Standard,Afternoon
16,card,27.92,Americano with Milk,Afternoon,Thu,Sep,4,9,2024-09-05,16:39:59.634000,2024-09-05 16:39:59.634,2024,3,36,5,249,0,Coffee - Milk,Standard,Afternoon
17,card,32.82,Cappuccino,Night,Thu,Sep,4,9,2024-09-05,17:04:28.905000,2024-09-05 17:04:28.905,2024,3,36,5,249,0,Coffee - Milk,Mid-Range,Afternoon
17,card,32.82,Cappuccino,Night,Thu,Sep,4,9,2024-09-05,17:05:31.684000,2024-09-05 17:05:31.684,2024,3,36,5,249,0,Coffee - Milk,Mid-Range,Afternoon
20,card,32.82,Cappuccino,Night,Thu,Sep,4,9,2024-09-05,20:30:14.964000,2024-09-05 20:30:14.964,2024,3,36,5,249,0,Coffee - Milk,Mid-Range,Evening
20,card,23.02,Americano,Night,Thu,Sep,4,9,2024-09-05,20:54:24.429000,2024-09-05 20:54:24.429,2024,3,36,5,249,0,Coffee - Black,Standard,Evening
20,card,32.82,Cappuccino,Night,Thu,Sep,4,9,2024-09-05,20:55:31.429000,2024-09-05 20:55:31.429,2024,3,36,5,249,0,Coffee - Milk,Mid-Range,Evening
21,card,27.92,Americano with Milk,Night,Thu,Sep,4,9,2024-09-05,21:26:28.836000,2024-09-05 21:26:28.836,2024,3,36,5,249,0,Coffee - Milk,Standard,Evening
21,card,27.92,Americano with Milk,Night,Thu,Sep,4,9,2024-09-05,21:27:29.969000,2024-09-05 21:27:29.969,2024,3,36,5,249,0,Coffee - Milk,Standard,Evening
8,card,32.82,Cappuccino,Morning,Fri,Sep,5,9,2024-09-06,08:25:33.870000,2024-09-06 08:25:33.870,2024,3,36,6,250,0,Coffee - Milk,Mid-Range,Early Morning
8,card,32.82,Latte,Morning,Fri,Sep,5,9,2024-09-06,08:34:46.827000,2024-09-06 08:34:46.827,2024,3,36,6,250,0,Coffee - Milk,Mid-Range,Early Morning
8,card,23.02,Americano,Morning,Fri,Sep,5,9,2024-09-06,08:54:41.950000,2024-09-06 08:54:41.950,2024,3,36,6,250,0,Coffee - Black,Standard,Early Morning
9,card,18.12,Espresso,Morning,Fri,Sep,5,9,2024-09-06,09:50:39.949000,2024-09-06 09:50:39.949,2024,3,36,6,250,0,Coffee - Black,Standard,Mid Morning
9,card,32.82,Latte,Morning,Fri,Sep,5,9,2024-09-06,09:51:52.216000,2024-09-06 09:51:52.216,2024,3,36,6,250,0,Coffee - Milk,Mid-Range,Mid Morning
10,card,32.82,Hot Chocolate,Morning,Fri,Sep,5,9,2024-09-06,10:30:06.049000,2024-09-06 10:30:06.049,2024,3,36,6,250,0,Non-Coffee,Mid-Range,Mid Morning
11,card,18.12,Espresso,Morning,Fri,Sep,5,9,2024-09-06,11:23:25.390000,2024-09-06 11:23:25.390,2024,3,36,6,250,0,Coffee - Black,Standard,Mid Morning
11,card,18.12,Espresso,Morning,Fri,Sep,5,9,2024-09-06,11:24:29.254000,2024-09-06 11:24:29.254,2024,3,36,6,250,0,Coffee - Black,Standard,Mid Morning
20,card,32.82,Latte,Night,Fri,Sep,5,9,2024-09-06,20:00:12.025000,2024-09-06 20:00:12.025,2024,3,36,6,250,0,Coffee - Milk,Mid-Range,Evening
21,card,32.82,Latte,Night,Fri,Sep,5,9,2024-09-06,21:09:31.247000,2024-09-06 21:09:31.247,2024,3,36,6,250,0,Coffee - Milk,Mid-Range,Evening
8,card,32.82,Latte,Morning,Sat,Sep,6,9,2024-09-07,08:48:57.014000,2024-09-07 08:48:57.014,2024,3,36,7,251,1,Coffee - Milk,Mid-Range,Early Morning
9,card,23.02,Cortado,Morning,Sat,Sep,6,9,2024-09-07,09:52:02.999000,2024-09-07 09:52:02.999,2024,3,36,7,251,1,Coffee - Milk,Standard,Mid Morning
9,card,23.02,Cortado,Morning,Sat,Sep,6,9,2024-09-07,09:53:03.575000,2024-09-07 09:53:03.575,2024,3,36,7,251,1,Coffee - Milk,Standard,Mid Morning
9,card,23.02,Cortado,Morning,Sat,Sep,6,9,2024-09-07,09:54:41.613000,2024-09-07 09:54:41.613,2024,3,36,7,251,1,Coffee - Milk,Standard,Mid Morning
9,card,27.92,Americano with Milk,Morning,Sat,Sep,6,9,2024-09-07,09:57:47.652000,2024-09-07 09:57:47.652,2024,3,36,7,251,1,Coffee - Milk,Standard,Mid Morning
9,card,27.92,Americano with Milk,Morning,Sat,Sep,6,9,2024-09-07,09:59:02.310000,2024-09-07 09:59:02.310,2024,3,36,7,251,1,Coffee - Milk,Standard,Mid Morning
10,card,23.02,Cortado,Morning,Sat,Sep,6,9,2024-09-07,10:00:19.683000,2024-09-07 10:00:19.683,2024,3,36,7,251,1,Coffee - Milk,Standard,Mid Morning
10,card,23.02,Americano,Morning,Sat,Sep,6,9,2024-09-07,10:22:44.518000,2024-09-07 10:22:44.518,2024,3,36,7,251,1,Coffee - Black,Standard,Mid Morning
10,card,18.12,Espresso,Morning,Sat,Sep,6,9,2024-09-07,10:37:52.335000,2024-09-07 10:37:52.335,2024,3,36,7,251,1,Coffee - Black,Standard,Mid Morning
10,card,18.12,Espresso,Morning,Sat,Sep,6,9,2024-09-07,10:40:12.607000,2024-09-07 10:40:12.607,2024,3,36,7,251,1,Coffee - Black,Standard,Mid Morning
10,card,32.82,Latte,Morning,Sat,Sep,6,9,2024-09-07,10:53:32.221000,2024-09-07 10:53:32.221,2024,3,36,7,251,1,Coffee - Milk,Mid-Range,Mid Morning
11,card,27.92,Americano with Milk,Morning,Sat,Sep,6,9,2024-09-07,11:18:56.767000,2024-09-07 11:18:56.767,2024,3,36,7,251,1,Coffee - Milk,Standard,Mid Morning
11,card,23.02,Americano,Morning,Sat,Sep,6,9,2024-09-07,11:20:00.022000,2024-09-07 11:20:00.022,2024,3,36,7,251,1,Coffee - Black,Standard,Mid Morning
11,card,18.12,Espresso,Morning,Sat,Sep,6,9,2024-09-07,11:20:57.101000,2024-09-07 11:20:57.101,2024,3,36,7,251,1,Coffee - Black,Standard,Mid Morning
15,card,32.82,Latte,Afternoon,Sat,Sep,6,9,2024-09-07,15:55:08.533000,2024-09-07 15:55:08.533,2024,3,36,7,251,1,Coffee - Milk,Mid-Range,Afternoon
16,card,23.02,Americano,Afternoon,Sat,Sep,6,9,2024-09-07,16:20:01.025000,2024-09-07 16:20:01.025,2024,3,36,7,251,1,Coffee - Black,Standard,Afternoon
16,card,18.12,Espresso,Afternoon,Sat,Sep,6,9,2024-09-07,16:20:59.312000,2024-09-07 16:20:59.312,2024,3,36,7,251,1,Coffee - Black,Standard,Afternoon
19,card,32.82,Cocoa,Night,Sat,Sep,6,9,2024-09-07,19:35:04.937000,2024-09-07 19:35:04.937,2024,3,36,7,251,1,Non-Coffee,Mid-Range,Evening
19,card,32.82,Latte,Night,Sat,Sep,6,9,2024-09-07,19:36:05.056000,2024-09-07 19:36:05.056,2024,3,36,7,251,1,Coffee - Milk,Mid-Range,Evening
19,card,32.82,Latte,Night,Sat,Sep,6,9,2024-09-07,19:37:15.515000,2024-09-07 19:37:15.515,2024,3,36,7,251,1,Coffee - Milk,Mid-Range,Evening
20,card,32.82,Latte,Night,Sat,Sep,6,9,2024-09-07,20:13:51.672000,2024-09-07 20:13:51.672,2024,3,36,7,251,1,Coffee - Milk,Mid-Range,Evening
20,card,32.82,Latte,Night,Sat,Sep,6,9,2024-09-07,20:14:59.212000,2024-09-07 20:14:59.212,2024,3,36,7,251,1,Coffee - Milk,Mid-Range,Evening
8,card,23.02,Cortado,Morning,Sun,Sep,7,9,2024-09-08,08:15:40.805000,2024-09-08 08:15:40.805,2024,3,36,8,252,1,Coffee - Milk,Standard,Early Morning
9,card,23.02,Cortado,Morning,Sun,Sep,7,9,2024-09-08,09:18:17.027000,2024-09-08 09:18:17.027,2024,3,36,8,252,1,Coffee - Milk,Standard,Mid Morning
9,card,23.02,Cortado,Morning,Sun,Sep,7,9,2024-09-08,09:19:12.416000,2024-09-08 09:19:12.416,2024,3,36,8,252,1,Coffee - Milk,Standard,Mid Morning
10,card,23.02,Cortado,Morning,Sun,Sep,7,9,2024-09-08,10:05:56.145000,2024-09-08 10:05:56.145,2024,3,36,8,252,1,Coffee - Milk,Standard,Mid Morning
12,card,23.02,Cortado,Afternoon,Sun,Sep,7,9,2024-09-08,12:43:28.027000,2024-09-08 12:43:28.027,2024,3,36,8,252,1,Coffee - Milk,Standard,Lunch Time
20,card,23.02,Americano,Night,Sun,Sep,7,9,2024-09-08,20:13:32.864000,2024-09-08 20:13:32.864,2024,3,36,8,252,1,Coffee - Black,Standard,Evening
7,card,32.82,Latte,Morning,Mon,Sep,1,9,2024-09-09,07:51:13.564000,2024-09-09 07:51:13.564,2024,3,37,9,253,0,Coffee - Milk,Mid-Range,Early Morning
7,card,32.82,Cappuccino,Morning,Mon,Sep,1,9,2024-09-09,07:53:51.556000,2024-09-09 07:53:51.556,2024,3,37,9,253,0,Coffee - Milk,Mid-Range,Early Morning
7,card,27.92,Americano with Milk,Morning,Mon,Sep,1,9,2024-09-09,07:55:21.584000,2024-09-09 07:55:21.584,2024,3,37,9,253,0,Coffee - Milk,Standard,Early Morning
7,card,32.82,Latte,Morning,Mon,Sep,1,9,2024-09-09,07:56:37.669000,2024-09-09 07:56:37.669,2024,3,37,9,253,0,Coffee - Milk,Mid-Range,Early Morning
9,card,32.82,Latte,Morning,Mon,Sep,1,9,2024-09-09,09:49:50.704000,2024-09-09 09:49:50.704,2024,3,37,9,253,0,Coffee - Milk,Mid-Range,Mid Morning
9,card,32.82,Hot Chocolate,Morning,Mon,Sep,1,9,2024-09-09,09:50:51.738000,2024-09-09 09:50:51.738,2024,3,37,9,253,0,Non-Coffee,Mid-Range,Mid Morning
9,card,32.82,Latte,Morning,Mon,Sep,1,9,2024-09-09,09:59:10.750000,2024-09-09 09:59:10.750,2024,3,37,9,253,0,Coffee - Milk,Mid-Range,Mid Morning
11,card,27.92,Americano with Milk,Morning,Mon,Sep,1,9,2024-09-09,11:11:36.122000,2024-09-09 11:11:36.122,2024,3,37,9,253,0,Coffee - Milk,Standard,Mid Morning
11,card,27.92,Americano with Milk,Morning,Mon,Sep,1,9,2024-09-09,11:12:50.640000,2024-09-09 11:12:50.640,2024,3,37,9,253,0,Coffee - Milk,Standard,Mid Morning
11,card,32.82,Latte,Morning,Mon,Sep,1,9,2024-09-09,11:29:49.243000,2024-09-09 11:29:49.243,2024,3,37,9,253,0,Coffee - Milk,Mid-Range,Mid Morning
12,card,18.12,Espresso,Afternoon,Mon,Sep,1,9,2024-09-09,12:06:59.657000,2024-09-09 12:06:59.657,2024,3,37,9,253,0,Coffee - Black,Standard,Lunch Time
15,card,32.82,Latte,Afternoon,Mon,Sep,1,9,2024-09-09,15:12:13.766000,2024-09-09 15:12:13.766,2024,3,37,9,253,0,Coffee - Milk,Mid-Range,Afternoon
15,card,23.02,Americano,Afternoon,Mon,Sep,1,9,2024-09-09,15:13:24.517000,2024-09-09 15:13:24.517,2024,3,37,9,253,0,Coffee - Black,Standard,Afternoon
17,card,32.82,Latte,Night,Mon,Sep,1,9,2024-09-09,17:24:10.388000,2024-09-09 17:24:10.388,2024,3,37,9,253,0,Coffee - Milk,Mid-Range,Afternoon
18,card,32.82,Latte,Night,Mon,Sep,1,9,2024-09-09,18:13:46.320000,2024-09-09 18:13:46.320,2024,3,37,9,253,0,Coffee - Milk,Mid-Range,Evening
20,card,32.82,Cappuccino,Night,Mon,Sep,1,9,2024-09-09,20:07:36.198000,2024-09-09 20:07:36.198,2024,3,37,9,253,0,Coffee - Milk,Mid-Range,Evening
20,card,32.82,Latte,Night,Mon,Sep,1,9,2024-09-09,20:13:43.524000,2024-09-09 20:13:43.524,2024,3,37,9,253,0,Coffee - Milk,Mid-Range,Evening
8,card,32.82,Hot Chocolate,Morning,Tue,Sep,2,9,2024-09-10,08:12:02.450000,2024-09-10 08:12:02.450,2024,3,37,10,254,0,Non-Coffee,Mid-Range,Early Morning
9,card,32.82,Cappuccino,Morning,Tue,Sep,2,9,2024-09-10,09:32:46.786000,2024-09-10 09:32:46.786,2024,3,37,10,254,0,Coffee - Milk,Mid-Range,Mid Morning
15,card,23.02,Cortado,Afternoon,Tue,Sep,2,9,2024-09-10,15:21:54.387000,2024-09-10 15:21:54.387,2024,3,37,10,254,0,Coffee - Milk,Standard,Afternoon
15,card,23.02,Cortado,Afternoon,Tue,Sep,2,9,2024-09-10,15:23:05.946000,2024-09-10 15:23:05.946,2024,3,37,10,254,0,Coffee - Milk,Standard,Afternoon
18,card,32.82,Cappuccino,Night,Tue,Sep,2,9,2024-09-10,18:43:41.760000,2024-09-10 18:43:41.760,2024,3,37,10,254,0,Coffee - Milk,Mid-Range,Evening
18,card,27.92,Americano with Milk,Night,Tue,Sep,2,9,2024-09-10,18:45:22.624000,2024-09-10 18:45:22.624,2024,3,37,10,254,0,Coffee - Milk,Standard,Evening
19,card,32.82,Latte,Night,Tue,Sep,2,9,2024-09-10,19:02:43.027000,2024-09-10 19:02:43.027,2024,3,37,10,254,0,Coffee - Milk,Mid-Range,Evening
19,card,32.82,Latte,Night,Tue,Sep,2,9,2024-09-10,19:03:53.257000,2024-09-10 19:03:53.257,2024,3,37,10,254,0,Coffee - Milk,Mid-Range,Evening
21,card,27.92,Americano with Milk,Night,Tue,Sep,2,9,2024-09-10,21:29:34.556000,2024-09-10 21:29:34.556,2024,3,37,10,254,0,Coffee - Milk,Standard,Evening
21,card,23.02,Americano,Night,Tue,Sep,2,9,2024-09-10,21:30:27.036000,2024-09-10 21:30:27.036,2024,3,37,10,254,0,Coffee - Black,Standard,Evening
8,card,32.82,Latte,Morning,Wed,Sep,3,9,2024-09-11,08:47:22.305000,2024-09-11 08:47:22.305,2024,3,37,11,255,0,Coffee - Milk,Mid-Range,Early Morning
9,card,27.92,Americano with Milk,Morning,Wed,Sep,3,9,2024-09-11,09:28:46.757000,2024-09-11 09:28:46.757,2024,3,37,11,255,0,Coffee - Milk,Standard,Mid Morning
10,card,32.82,Latte,Morning,Wed,Sep,3,9,2024-09-11,10:52:09.177000,2024-09-11 10:52:09.177,2024,3,37,11,255,0,Coffee - Milk,Mid-Range,Mid Morning
19,card,32.82,Cappuccino,Night,Wed,Sep,3,9,2024-09-11,19:53:12.537000,2024-09-11 19:53:12.537,2024,3,37,11,255,0,Coffee - Milk,Mid-Range,Evening
20,card,27.92,Americano with Milk,Night,Wed,Sep,3,9,2024-09-11,20:13:14.887000,2024-09-11 20:13:14.887,2024,3,37,11,255,0,Coffee - Milk,Standard,Evening
20,card,32.82,Latte,Night,Wed,Sep,3,9,2024-09-11,20:14:18.886000,2024-09-11 20:14:18.886,2024,3,37,11,255,0,Coffee - Milk,Mid-Range,Evening
20,card,32.82,Latte,Night,Wed,Sep,3,9,2024-09-11,20:15:19.350000,2024-09-11 20:15:19.350,2024,3,37,11,255,0,Coffee - Milk,Mid-Range,Evening
21,card,23.02,Cortado,Night,Wed,Sep,3,9,2024-09-11,21:01:34.225000,2024-09-11 21:01:34.225,2024,3,37,11,255,0,Coffee - Milk,Standard,Evening
10,card,18.12,Espresso,Morning,Thu,Sep,4,9,2024-09-12,10:57:25.619000,2024-09-12 10:57:25.619,2024,3,37,12,256,0,Coffee - Black,Standard,Mid Morning
10,card,27.92,Americano with Milk,Morning,Thu,Sep,4,9,2024-09-12,10:58:19.807000,2024-09-12 10:58:19.807,2024,3,37,12,256,0,Coffee - Milk,Standard,Mid Morning
11,card,27.92,Americano with Milk,Morning,Thu,Sep,4,9,2024-09-12,11:27:36.065000,2024-09-12 11:27:36.065,2024,3,37,12,256,0,Coffee - Milk,Standard,Mid Morning
12,card,32.82,Cappuccino,Afternoon,Thu,Sep,4,9,2024-09-12,12:08:22.158000,2024-09-12 12:08:22.158,2024,3,37,12,256,0,Coffee - Milk,Mid-Range,Lunch Time
12,card,23.02,Cortado,Afternoon,Thu,Sep,4,9,2024-09-12,12:31:06.997000,2024-09-12 12:31:06.997,2024,3,37,12,256,0,Coffee - Milk,Standard,Lunch Time
12,card,23.02,Cortado,Afternoon,Thu,Sep,4,9,2024-09-12,12:32:22.981000,2024-09-12 12:32:22.981,2024,3,37,12,256,0,Coffee - Milk,Standard,Lunch Time
12,card,23.02,Cortado,Afternoon,Thu,Sep,4,9,2024-09-12,12:37:20.423000,2024-09-12 12:37:20.423,2024,3,37,12,256,0,Coffee - Milk,Standard,Lunch Time
12,card,23.02,Cortado,Afternoon,Thu,Sep,4,9,2024-09-12,12:38:09.735000,2024-09-12 12:38:09.735,2024,3,37,12,256,0,Coffee - Milk,Standard,Lunch Time
17,card,32.82,Latte,Night,Thu,Sep,4,9,2024-09-12,17:01:25.224000,2024-09-12 17:01:25.224,2024,3,37,12,256,0,Coffee - Milk,Mid-Range,Afternoon
21,card,23.02,Americano,Night,Thu,Sep,4,9,2024-09-12,21:09:10.412000,2024-09-12 21:09:10.412,2024,3,37,12,256,0,Coffee - Black,Standard,Evening
21,card,32.82,Cappuccino,Night,Thu,Sep,4,9,2024-09-12,21:10:21.159000,2024-09-12 21:10:21.159,2024,3,37,12,256,0,Coffee - Milk,Mid-Range,Evening
21,card,23.02,Cortado,Night,Thu,Sep,4,9,2024-09-12,21:13:16.808000,2024-09-12 21:13:16.808,2024,3,37,12,256,0,Coffee - Milk,Standard,Evening
7,card,32.82,Latte,Morning,Fri,Sep,5,9,2024-09-13,07:56:53.763000,2024-09-13 07:56:53.763,2024,3,37,13,257,0,Coffee - Milk,Mid-Range,Early Morning
8,card,32.82,Latte,Morning,Fri,Sep,5,9,2024-09-13,08:41:02.985000,2024-09-13 08:41:02.985,2024,3,37,13,257,0,Coffee - Milk,Mid-Range,Early Morning
8,card,32.82,Latte,Morning,Fri,Sep,5,9,2024-09-13,08:54:15.814000,2024-09-13 08:54:15.814,2024,3,37,13,257,0,Coffee - Milk,Mid-Range,Early Morning
9,card,32.82,Latte,Morning,Fri,Sep,5,9,2024-09-13,09:51:19.387000,2024-09-13 09:51:19.387,2024,3,37,13,257,0,Coffee - Milk,Mid-Range,Mid Morning
15,card,27.92,Americano with Milk,Afternoon,Fri,Sep,5,9,2024-09-13,15:38:18.869000,2024-09-13 15:38:18.869,2024,3,37,13,257,0,Coffee - Milk,Standard,Afternoon
15,card,27.92,Americano with Milk,Afternoon,Fri,Sep,5,9,2024-09-13,15:50:53.892000,2024-09-13 15:50:53.892,2024,3,37,13,257,0,Coffee - Milk,Standard,Afternoon
16,card,32.82,Cappuccino,Afternoon,Sat,Sep,6,9,2024-09-14,16:29:19.359000,2024-09-14 16:29:19.359,2024,3,37,14,258,1,Coffee - Milk,Mid-Range,Afternoon
16,card,32.82,Cappuccino,Afternoon,Sat,Sep,6,9,2024-09-14,16:30:16.873000,2024-09-14 16:30:16.873,2024,3,37,14,258,1,Coffee - Milk,Mid-Range,Afternoon
8,card,18.12,Espresso,Morning,Sun,Sep,7,9,2024-09-15,08:42:40.941000,2024-09-15 08:42:40.941,2024,3,37,15,259,1,Coffee - Black,Standard,Early Morning
9,card,27.92,Americano with Milk,Morning,Sun,Sep,7,9,2024-09-15,09:49:38.741000,2024-09-15 09:49:38.741,2024,3,37,15,259,1,Coffee - Milk,Standard,Mid Morning
13,card,23.02,Americano,Afternoon,Sun,Sep,7,9,2024-09-15,13:49:37.387000,2024-09-15 13:49:37.387,2024,3,37,15,259,1,Coffee - Black,Standard,Lunch Time
14,card,23.02,Cortado,Afternoon,Sun,Sep,7,9,2024-09-15,14:36:19.287000,2024-09-15 14:36:19.287,2024,3,37,15,259,1,Coffee - Milk,Standard,Lunch Time
14,card,23.02,Cortado,Afternoon,Sun,Sep,7,9,2024-09-15,14:37:20.597000,2024-09-15 14:37:20.597,2024,3,37,15,259,1,Coffee - Milk,Standard,Lunch Time
14,card,32.82,Cappuccino,Afternoon,Sun,Sep,7,9,2024-09-15,14:53:18.708000,2024-09-15 14:53:18.708,2024,3,37,15,259,1,Coffee - Milk,Mid-Range,Lunch Time
13,card,32.82,Latte,Afternoon,Mon,Sep,1,9,2024-09-16,13:32:22.875000,2024-09-16 13:32:22.875,2024,3,38,16,260,0,Coffee - Milk,Mid-Range,Lunch Time
13,card,27.92,Americano with Milk,Afternoon,Mon,Sep,1,9,2024-09-16,13:33:36.767000,2024-09-16 13:33:36.767,2024,3,38,16,260,0,Coffee - Milk,Standard,Lunch Time
15,card,32.82,Latte,Afternoon,Mon,Sep,1,9,2024-09-16,15:23:19.260000,2024-09-16 15:23:19.260,2024,3,38,16,260,0,Coffee - Milk,Mid-Range,Afternoon
17,card,27.92,Americano with Milk,Night,Mon,Sep,1,9,2024-09-16,17:16:05.734000,2024-09-16 17:16:05.734,2024,3,38,16,260,0,Coffee - Milk,Standard,Afternoon
17,card,32.82,Latte,Night,Mon,Sep,1,9,2024-09-16,17:18:03.251000,2024-09-16 17:18:03.251,2024,3,38,16,260,0,Coffee - Milk,Mid-Range,Afternoon
18,card,32.82,Latte,Night,Mon,Sep,1,9,2024-09-16,18:54:45.448000,2024-09-16 18:54:45.448,2024,3,38,16,260,0,Coffee - Milk,Mid-Range,Evening
18,card,32.82,Latte,Night,Mon,Sep,1,9,2024-09-16,18:56:05.275000,2024-09-16 18:56:05.275,2024,3,38,16,260,0,Coffee - Milk,Mid-Range,Evening
21,card,27.92,Americano with Milk,Night,Mon,Sep,1,9,2024-09-16,21:10:18.693000,2024-09-16 21:10:18.693,2024,3,38,16,260,0,Coffee - Milk,Standard,Evening
21,card,32.82,Latte,Night,Mon,Sep,1,9,2024-09-16,21:11:32.500000,2024-09-16 21:11:32.500,2024,3,38,16,260,0,Coffee - Milk,Mid-Range,Evening
21,card,27.92,Americano with Milk,Night,Mon,Sep,1,9,2024-09-16,21:37:47.308000,2024-09-16 21:37:47.308,2024,3,38,16,260,0,Coffee - Milk,Standard,Evening
21,card,27.92,Americano with Milk,Night,Mon,Sep,1,9,2024-09-16,21:38:48.666000,2024-09-16 21:38:48.666,2024,3,38,16,260,0,Coffee - Milk,Standard,Evening
7,card,23.02,Cortado,Morning,Tue,Sep,2,9,2024-09-17,07:54:57.927000,2024-09-17 07:54:57.927,2024,3,38,17,261,0,Coffee - Milk,Standard,Early Morning
8,card,32.82,Latte,Morning,Tue,Sep,2,9,2024-09-17,08:09:00.896000,2024-09-17 08:09:00.896,2024,3,38,17,261,0,Coffee - Milk,Mid-Range,Early Morning
8,card,27.92,Americano with Milk,Morning,Tue,Sep,2,9,2024-09-17,08:37:37.553000,2024-09-17 08:37:37.553,2024,3,38,17,261,0,Coffee - Milk,Standard,Early Morning
8,card,23.02,Cortado,Morning,Tue,Sep,2,9,2024-09-17,08:42:31.474000,2024-09-17 08:42:31.474,2024,3,38,17,261,0,Coffee - Milk,Standard,Early Morning
9,card,32.82,Cappuccino,Morning,Tue,Sep,2,9,2024-09-17,09:10:03.755000,2024-09-17 09:10:03.755,2024,3,38,17,261,0,Coffee - Milk,Mid-Range,Mid Morning
9,card,27.92,Americano with Milk,Morning,Tue,Sep,2,9,2024-09-17,09:11:08.221000,2024-09-17 09:11:08.221,2024,3,38,17,261,0,Coffee - Milk,Standard,Mid Morning
9,card,27.92,Americano with Milk,Morning,Tue,Sep,2,9,2024-09-17,09:34:56.760000,2024-09-17 09:34:56.760,2024,3,38,17,261,0,Coffee - Milk,Standard,Mid Morning
12,card,18.12,Espresso,Afternoon,Tue,Sep,2,9,2024-09-17,12:38:33.768000,2024-09-17 12:38:33.768,2024,3,38,17,261,0,Coffee - Black,Standard,Lunch Time
12,card,27.92,Americano with Milk,Afternoon,Tue,Sep,2,9,2024-09-17,12:39:33.682000,2024-09-17 12:39:33.682,2024,3,38,17,261,0,Coffee - Milk,Standard,Lunch Time
12,card,32.82,Latte,Afternoon,Tue,Sep,2,9,2024-09-17,12:44:15.152000,2024-09-17 12:44:15.152,2024,3,38,17,261,0,Coffee - Milk,Mid-Range,Lunch Time
13,card,27.92,Americano with Milk,Afternoon,Tue,Sep,2,9,2024-09-17,13:54:23.032000,2024-09-17 13:54:23.032,2024,3,38,17,261,0,Coffee - Milk,Standard,Lunch Time
13,card,23.02,Cortado,Afternoon,Tue,Sep,2,9,2024-09-17,13:55:31.241000,2024-09-17 13:55:31.241,2024,3,38,17,261,0,Coffee - Milk,Standard,Lunch Time
16,card,32.82,Cappuccino,Afternoon,Tue,Sep,2,9,2024-09-17,16:29:37.216000,2024-09-17 16:29:37.216,2024,3,38,17,261,0,Coffee - Milk,Mid-Range,Afternoon
16,card,32.82,Latte,Afternoon,Tue,Sep,2,9,2024-09-17,16:31:00.716000,2024-09-17 16:31:00.716,2024,3,38,17,261,0,Coffee - Milk,Mid-Range,Afternoon
18,card,32.82,Hot Chocolate,Night,Tue,Sep,2,9,2024-09-17,18:54:23.783000,2024-09-17 18:54:23.783,2024,3,38,17,261,0,Non-Coffee,Mid-Range,Evening
19,card,27.92,Americano with Milk,Night,Tue,Sep,2,9,2024-09-17,19:00:45.913000,2024-09-17 19:00:45.913,2024,3,38,17,261,0,Coffee - Milk,Standard,Evening
19,card,27.92,Americano with Milk,Night,Tue,Sep,2,9,2024-09-17,19:03:53.274000,2024-09-17 19:03:53.274,2024,3,38,17,261,0,Coffee - Milk,Standard,Evening
19,card,32.82,Latte,Night,Tue,Sep,2,9,2024-09-17,19:12:47.905000,2024-09-17 19:12:47.905,2024,3,38,17,261,0,Coffee - Milk,Mid-Range,Evening
19,card,27.92,Americano with Milk,Night,Tue,Sep,2,9,2024-09-17,19:13:59.742000,2024-09-17 19:13:59.742,2024,3,38,17,261,0,Coffee - Milk,Standard,Evening
19,card,27.92,Americano with Milk,Night,Tue,Sep,2,9,2024-09-17,19:14:59.513000,2024-09-17 19:14:59.513,2024,3,38,17,261,0,Coffee - Milk,Standard,Evening
19,card,27.92,Americano with Milk,Night,Tue,Sep,2,9,2024-09-17,19:31:57.368000,2024-09-17 19:31:57.368,2024,3,38,17,261,0,Coffee - Milk,Standard,Evening
22,card,32.82,Hot Chocolate,Night,Tue,Sep,2,9,2024-09-17,22:19:35.981000,2024-09-17 22:19:35.981,2024,3,38,17,261,0,Non-Coffee,Mid-Range,Evening
22,card,32.82,Hot Chocolate,Night,Tue,Sep,2,9,2024-09-17,22:20:19.450000,2024-09-17 22:20:19.450,2024,3,38,17,261,0,Non-Coffee,Mid-Range,Evening
14,card,32.82,Latte,Afternoon,Wed,Sep,3,9,2024-09-18,14:29:48.898000,2024-09-18 14:29:48.898,2024,3,38,18,262,0,Coffee - Milk,Mid-Range,Lunch Time
17,card,32.82,Latte,Night,Wed,Sep,3,9,2024-09-18,17:34:19.665000,2024-09-18 17:34:19.665,2024,3,38,18,262,0,Coffee - Milk,Mid-Range,Afternoon
21,card,27.92,Americano with Milk,Night,Wed,Sep,3,9,2024-09-18,21:15:38.758000,2024-09-18 21:15:38.758,2024,3,38,18,262,0,Coffee - Milk,Standard,Evening
21,card,27.92,Americano with Milk,Night,Wed,Sep,3,9,2024-09-18,21:18:21.554000,2024-09-18 21:18:21.554,2024,3,38,18,262,0,Coffee - Milk,Standard,Evening
8,card,27.92,Americano with Milk,Morning,Thu,Sep,4,9,2024-09-19,08:17:18.665000,2024-09-19 08:17:18.665,2024,3,38,19,263,0,Coffee - Milk,Standard,Early Morning
8,card,23.02,Cortado,Morning,Thu,Sep,4,9,2024-09-19,08:30:29.047000,2024-09-19 08:30:29.047,2024,3,38,19,263,0,Coffee - Milk,Standard,Early Morning
10,card,32.82,Latte,Morning,Thu,Sep,4,9,2024-09-19,10:01:30.579000,2024-09-19 10:01:30.579,2024,3,38,19,263,0,Coffee - Milk,Mid-Range,Mid Morning
12,card,23.02,Americano,Afternoon,Thu,Sep,4,9,2024-09-19,12:59:33.614000,2024-09-19 12:59:33.614,2024,3,38,19,263,0,Coffee - Black,Standard,Lunch Time
13,card,27.92,Americano with Milk,Afternoon,Thu,Sep,4,9,2024-09-19,13:00:33.616000,2024-09-19 13:00:33.616,2024,3,38,19,263,0,Coffee - Milk,Standard,Lunch Time
13,card,23.02,Cortado,Afternoon,Thu,Sep,4,9,2024-09-19,13:45:42.367000,2024-09-19 13:45:42.367,2024,3,38,19,263,0,Coffee - Milk,Standard,Lunch Time
8,card,27.92,Americano with Milk,Morning,Fri,Sep,5,9,2024-09-20,08:34:56.930000,2024-09-20 08:34:56.930,2024,3,38,20,264,0,Coffee - Milk,Standard,Early Morning
9,card,27.92,Americano with Milk,Morning,Fri,Sep,5,9,2024-09-20,09:46:15.400000,2024-09-20 09:46:15.400,2024,3,38,20,264,0,Coffee - Milk,Standard,Mid Morning
13,card,27.92,Americano with Milk,Afternoon,Fri,Sep,5,9,2024-09-20,13:39:55.465000,2024-09-20 13:39:55.465,2024,3,38,20,264,0,Coffee - Milk,Standard,Lunch Time
16,card,32.82,Latte,Afternoon,Fri,Sep,5,9,2024-09-20,16:03:29.611000,2024-09-20 16:03:29.611,2024,3,38,20,264,0,Coffee - Milk,Mid-Range,Afternoon
20,card,23.02,Americano,Night,Fri,Sep,5,9,2024-09-20,20:39:23.129000,2024-09-20 20:39:23.129,2024,3,38,20,264,0,Coffee - Black,Standard,Evening
21,card,27.92,Americano with Milk,Night,Fri,Sep,5,9,2024-09-20,21:31:36.580000,2024-09-20 21:31:36.580,2024,3,38,20,264,0,Coffee - Milk,Standard,Evening
21,card,27.92,Americano with Milk,Night,Fri,Sep,5,9,2024-09-20,21:32:43.025000,2024-09-20 21:32:43.025,2024,3,38,20,264,0,Coffee - Milk,Standard,Evening
11,card,32.82,Latte,Morning,Sat,Sep,6,9,2024-09-21,11:01:14.948000,2024-09-21 11:01:14.948,2024,3,38,21,265,1,Coffee - Milk,Mid-Range,Mid Morning
11,card,32.82,Cocoa,Morning,Sat,Sep,6,9,2024-09-21,11:02:13.802000,2024-09-21 11:02:13.802,2024,3,38,21,265,1,Non-Coffee,Mid-Range,Mid Morning
11,card,23.02,Cortado,Morning,Sat,Sep,6,9,2024-09-21,11:37:47.243000,2024-09-21 11:37:47.243,2024,3,38,21,265,1,Coffee - Milk,Standard,Mid Morning
11,card,23.02,Cortado,Morning,Sat,Sep,6,9,2024-09-21,11:38:44.997000,2024-09-21 11:38:44.997,2024,3,38,21,265,1,Coffee - Milk,Standard,Mid Morning
15,card,32.82,Cappuccino,Afternoon,Sat,Sep,6,9,2024-09-21,15:10:09.368000,2024-09-21 15:10:09.368,2024,3,38,21,265,1,Coffee - Milk,Mid-Range,Afternoon
15,card,32.82,Latte,Afternoon,Sat,Sep,6,9,2024-09-21,15:36:13.609000,2024-09-21 15:36:13.609,2024,3,38,21,265,1,Coffee - Milk,Mid-Range,Afternoon
18,card,32.82,Latte,Night,Sat,Sep,6,9,2024-09-21,18:16:28.701000,2024-09-21 18:16:28.701,2024,3,38,21,265,1,Coffee - Milk,Mid-Range,Evening
18,card,32.82,Latte,Night,Sat,Sep,6,9,2024-09-21,18:17:30.686000,2024-09-21 18:17:30.686,2024,3,38,21,265,1,Coffee - Milk,Mid-Range,Evening
20,card,23.02,Americano,Night,Sat,Sep,6,9,2024-09-21,20:29:42.939000,2024-09-21 20:29:42.939,2024,3,38,21,265,1,Coffee - Black,Standard,Evening
20,card,23.02,Americano,Night,Sat,Sep,6,9,2024-09-21,20:30:38.882000,2024-09-21 20:30:38.882,2024,3,38,21,265,1,Coffee - Black,Standard,Evening
20,card,32.82,Latte,Night,Sat,Sep,6,9,2024-09-21,20:33:58.175000,2024-09-21 20:33:58.175,2024,3,38,21,265,1,Coffee - Milk,Mid-Range,Evening
20,card,32.82,Latte,Night,Sat,Sep,6,9,2024-09-21,20:35:30.169000,2024-09-21 20:35:30.169,2024,3,38,21,265,1,Coffee - Milk,Mid-Range,Evening
22,card,27.92,Americano with Milk,Night,Sat,Sep,6,9,2024-09-21,22:18:46.088000,2024-09-21 22:18:46.088,2024,3,38,21,265,1,Coffee - Milk,Standard,Evening
22,card,23.02,Americano,Night,Sat,Sep,6,9,2024-09-21,22:19:50.128000,2024-09-21 22:19:50.128,2024,3,38,21,265,1,Coffee - Black,Standard,Evening
22,card,23.02,Americano,Night,Sat,Sep,6,9,2024-09-21,22:20:48.360000,2024-09-21 22:20:48.360,2024,3,38,21,265,1,Coffee - Black,Standard,Evening
8,card,23.02,Americano,Morning,Sun,Sep,7,9,2024-09-22,08:32:54.172000,2024-09-22 08:32:54.172,2024,3,38,22,266,1,Coffee - Black,Standard,Early Morning
10,card,27.92,Americano with Milk,Morning,Sun,Sep,7,9,2024-09-22,10:12:09.764000,2024-09-22 10:12:09.764,2024,3,38,22,266,1,Coffee - Milk,Standard,Mid Morning
10,card,32.82,Latte,Morning,Sun,Sep,7,9,2024-09-22,10:13:08.586000,2024-09-22 10:13:08.586,2024,3,38,22,266,1,Coffee - Milk,Mid-Range,Mid Morning
11,card,23.02,Cortado,Morning,Sun,Sep,7,9,2024-09-22,11:06:26.307000,2024-09-22 11:06:26.307,2024,3,38,22,266,1,Coffee - Milk,Standard,Mid Morning
11,card,23.02,Cortado,Morning,Sun,Sep,7,9,2024-09-22,11:07:36.380000,2024-09-22 11:07:36.380,2024,3,38,22,266,1,Coffee - Milk,Standard,Mid Morning
11,card,27.92,Americano with Milk,Morning,Sun,Sep,7,9,2024-09-22,11:51:59.888000,2024-09-22 11:51:59.888,2024,3,38,22,266,1,Coffee - Milk,Standard,Mid Morning
11,card,23.02,Americano,Morning,Sun,Sep,7,9,2024-09-22,11:55:12.923000,2024-09-22 11:55:12.923,2024,3,38,22,266,1,Coffee - Black,Standard,Mid Morning
12,card,27.92,Americano with Milk,Afternoon,Sun,Sep,7,9,2024-09-22,12:07:20.767000,2024-09-22 12:07:20.767,2024,3,38,22,266,1,Coffee - Milk,Standard,Lunch Time
13,card,27.92,Americano with Milk,Afternoon,Sun,Sep,7,9,2024-09-22,13:28:14.663000,2024-09-22 13:28:14.663,2024,3,38,22,266,1,Coffee - Milk,Standard,Lunch Time
13,card,27.92,Americano with Milk,Afternoon,Sun,Sep,7,9,2024-09-22,13:29:35.917000,2024-09-22 13:29:35.917,2024,3,38,22,266,1,Coffee - Milk,Standard,Lunch Time
13,card,27.92,Americano with Milk,Afternoon,Sun,Sep,7,9,2024-09-22,13:33:34.561000,2024-09-22 13:33:34.561,2024,3,38,22,266,1,Coffee - Milk,Standard,Lunch Time
15,card,32.82,Latte,Afternoon,Sun,Sep,7,9,2024-09-22,15:34:10.099000,2024-09-22 15:34:10.099,2024,3,38,22,266,1,Coffee - Milk,Mid-Range,Afternoon
15,card,27.92,Americano with Milk,Afternoon,Sun,Sep,7,9,2024-09-22,15:35:24.234000,2024-09-22 15:35:24.234,2024,3,38,22,266,1,Coffee - Milk,Standard,Afternoon
16,card,32.82,Cocoa,Afternoon,Sun,Sep,7,9,2024-09-22,16:25:03.468000,2024-09-22 16:25:03.468,2024,3,38,22,266,1,Non-Coffee,Mid-Range,Afternoon
20,card,32.82,Latte,Night,Sun,Sep,7,9,2024-09-22,20:19:10.082000,2024-09-22 20:19:10.082,2024,3,38,22,266,1,Coffee - Milk,Mid-Range,Evening
20,card,32.82,Cappuccino,Night,Sun,Sep,7,9,2024-09-22,20:20:35.589000,2024-09-22 20:20:35.589,2024,3,38,22,266,1,Coffee - Milk,Mid-Range,Evening
20,card,27.92,Americano with Milk,Night,Sun,Sep,7,9,2024-09-22,20:46:26.208000,2024-09-22 20:46:26.208,2024,3,38,22,266,1,Coffee - Milk,Standard,Evening
20,card,27.92,Americano with Milk,Night,Sun,Sep,7,9,2024-09-22,20:47:35.096000,2024-09-22 20:47:35.096,2024,3,38,22,266,1,Coffee - Milk,Standard,Evening
21,card,27.92,Americano with Milk,Night,Sun,Sep,7,9,2024-09-22,21:07:04.794000,2024-09-22 21:07:04.794,2024,3,38,22,266,1,Coffee - Milk,Standard,Evening
21,card,27.92,Americano with Milk,Night,Sun,Sep,7,9,2024-09-22,21:08:14.798000,2024-09-22 21:08:14.798,2024,3,38,22,266,1,Coffee - Milk,Standard,Evening
21,card,32.82,Hot Chocolate,Night,Sun,Sep,7,9,2024-09-22,21:54:04.098000,2024-09-22 21:54:04.098,2024,3,38,22,266,1,Non-Coffee,Mid-Range,Evening
21,card,32.82,Hot Chocolate,Night,Sun,Sep,7,9,2024-09-22,21:54:54.497000,2024-09-22 21:54:54.497,2024,3,38,22,266,1,Non-Coffee,Mid-Range,Evening
22,card,23.02,Americano,Night,Sun,Sep,7,9,2024-09-22,22:37:02.384000,2024-09-22 22:37:02.384,2024,3,38,22,266,1,Coffee - Black,Standard,Evening
22,card,27.92,Americano with Milk,Night,Sun,Sep,7,9,2024-09-22,22:37:58.406000,2024-09-22 22:37:58.406,2024,3,38,22,266,1,Coffee - Milk,Standard,Evening
9,card,27.92,Americano with Milk,Morning,Mon,Sep,1,9,2024-09-23,09:03:36.954000,2024-09-23 09:03:36.954,2024,3,39,23,267,0,Coffee - Milk,Standard,Mid Morning
10,card,23.02,Cortado,Morning,Mon,Sep,1,9,2024-09-23,10:04:17.268000,2024-09-23 10:04:17.268,2024,3,39,23,267,0,Coffee - Milk,Standard,Mid Morning
12,card,23.02,Americano,Afternoon,Mon,Sep,1,9,2024-09-23,12:11:04.352000,2024-09-23 12:11:04.352,2024,3,39,23,267,0,Coffee - Black,Standard,Lunch Time
14,card,27.92,Americano with Milk,Afternoon,Mon,Sep,1,9,2024-09-23,14:08:51.946000,2024-09-23 14:08:51.946,2024,3,39,23,267,0,Coffee - Milk,Standard,Lunch Time
17,card,32.82,Cappuccino,Night,Mon,Sep,1,9,2024-09-23,17:27:47.591000,2024-09-23 17:27:47.591,2024,3,39,23,267,0,Coffee - Milk,Mid-Range,Afternoon
18,card,23.02,Americano,Night,Mon,Sep,1,9,2024-09-23,18:48:30.436000,2024-09-23 18:48:30.436,2024,3,39,23,267,0,Coffee - Black,Standard,Evening
19,card,32.82,Latte,Night,Mon,Sep,1,9,2024-09-23,19:47:21.950000,2024-09-23 19:47:21.950,2024,3,39,23,267,0,Coffee - Milk,Mid-Range,Evening
20,card,32.82,Cappuccino,Night,Mon,Sep,1,9,2024-09-23,20:09:45.867000,2024-09-23 20:09:45.867,2024,3,39,23,267,0,Coffee - Milk,Mid-Range,Evening
22,card,27.92,Americano with Milk,Night,Mon,Sep,1,9,2024-09-23,22:13:30.513000,2024-09-23 22:13:30.513,2024,3,39,23,267,0,Coffee - Milk,Standard,Evening
22,card,27.92,Americano with Milk,Night,Mon,Sep,1,9,2024-09-23,22:15:14.958000,2024-09-23 22:15:14.958,2024,3,39,23,267,0,Coffee - Milk,Standard,Evening
8,card,27.92,Americano with Milk,Morning,Tue,Sep,2,9,2024-09-24,08:33:32.613000,2024-09-24 08:33:32.613,2024,3,39,24,268,0,Coffee - Milk,Standard,Early Morning
12,card,32.82,Latte,Afternoon,Tue,Sep,2,9,2024-09-24,12:23:56.963000,2024-09-24 12:23:56.963,2024,3,39,24,268,0,Coffee - Milk,Mid-Range,Lunch Time
12,card,32.82,Latte,Afternoon,Tue,Sep,2,9,2024-09-24,12:24:54.750000,2024-09-24 12:24:54.750,2024,3,39,24,268,0,Coffee - Milk,Mid-Range,Lunch Time
12,card,32.82,Latte,Afternoon,Tue,Sep,2,9,2024-09-24,12:46:44.403000,2024-09-24 12:46:44.403,2024,3,39,24,268,0,Coffee - Milk,Mid-Range,Lunch Time
12,card,32.82,Latte,Afternoon,Tue,Sep,2,9,2024-09-24,12:47:49.424000,2024-09-24 12:47:49.424,2024,3,39,24,268,0,Coffee - Milk,Mid-Range,Lunch Time
14,card,32.82,Latte,Afternoon,Tue,Sep,2,9,2024-09-24,14:11:39.339000,2024-09-24 14:11:39.339,2024,3,39,24,268,0,Coffee - Milk,Mid-Range,Lunch Time
14,card,23.02,Cortado,Afternoon,Tue,Sep,2,9,2024-09-24,14:31:28.741000,2024-09-24 14:31:28.741,2024,3,39,24,268,0,Coffee - Milk,Standard,Lunch Time
15,card,32.82,Cappuccino,Afternoon,Tue,Sep,2,9,2024-09-24,15:37:23.698000,2024-09-24 15:37:23.698,2024,3,39,24,268,0,Coffee - Milk,Mid-Range,Afternoon
16,card,32.82,Latte,Afternoon,Tue,Sep,2,9,2024-09-24,16:38:48.296000,2024-09-24 16:38:48.296,2024,3,39,24,268,0,Coffee - Milk,Mid-Range,Afternoon
18,card,23.02,Americano,Night,Tue,Sep,2,9,2024-09-24,18:43:02.935000,2024-09-24 18:43:02.935,2024,3,39,24,268,0,Coffee - Black,Standard,Evening
18,card,23.02,Americano,Night,Tue,Sep,2,9,2024-09-24,18:43:54.082000,2024-09-24 18:43:54.082,2024,3,39,24,268,0,Coffee - Black,Standard,Evening
20,card,32.82,Hot Chocolate,Night,Tue,Sep,2,9,2024-09-24,20:15:50.396000,2024-09-24 20:15:50.396,2024,3,39,24,268,0,Non-Coffee,Mid-Range,Evening
21,card,32.82,Latte,Night,Tue,Sep,2,9,2024-09-24,21:05:14.190000,2024-09-24 21:05:14.190,2024,3,39,24,268,0,Coffee - Milk,Mid-Range,Evening
21,card,27.92,Americano with Milk,Night,Tue,Sep,2,9,2024-09-24,21:06:32.402000,2024-09-24 21:06:32.402,2024,3,39,24,268,0,Coffee - Milk,Standard,Evening
21,card,27.92,Americano with Milk,Night,Tue,Sep,2,9,2024-09-24,21:07:34.965000,2024-09-24 21:07:34.965,2024,3,39,24,268,0,Coffee - Milk,Standard,Evening
7,card,32.82,Cappuccino,Morning,Wed,Sep,3,9,2024-09-25,07:51:21.100000,2024-09-25 07:51:21.100,2024,3,39,25,269,0,Coffee - Milk,Mid-Range,Early Morning
11,card,23.02,Cortado,Morning,Wed,Sep,3,9,2024-09-25,11:35:32.533000,2024-09-25 11:35:32.533,2024,3,39,25,269,0,Coffee - Milk,Standard,Mid Morning
11,card,27.92,Americano with Milk,Morning,Wed,Sep,3,9,2024-09-25,11:51:15.212000,2024-09-25 11:51:15.212,2024,3,39,25,269,0,Coffee - Milk,Standard,Mid Morning
11,card,32.82,Latte,Morning,Wed,Sep,3,9,2024-09-25,11:52:53.371000,2024-09-25 11:52:53.371,2024,3,39,25,269,0,Coffee - Milk,Mid-Range,Mid Morning
13,card,27.92,Americano with Milk,Afternoon,Wed,Sep,3,9,2024-09-25,13:54:51.454000,2024-09-25 13:54:51.454,2024,3,39,25,269,0,Coffee - Milk,Standard,Lunch Time
13,card,27.92,Americano with Milk,Afternoon,Wed,Sep,3,9,2024-09-25,13:55:59.258000,2024-09-25 13:55:59.258,2024,3,39,25,269,0,Coffee - Milk,Standard,Lunch Time
17,card,27.92,Americano with Milk,Night,Wed,Sep,3,9,2024-09-25,17:36:37.182000,2024-09-25 17:36:37.182,2024,3,39,25,269,0,Coffee - Milk,Standard,Afternoon
17,card,27.92,Americano with Milk,Night,Wed,Sep,3,9,2024-09-25,17:37:31.840000,2024-09-25 17:37:31.840,2024,3,39,25,269,0,Coffee - Milk,Standard,Afternoon
21,card,23.02,Americano,Night,Wed,Sep,3,9,2024-09-25,21:34:41.289000,2024-09-25 21:34:41.289,2024,3,39,25,269,0,Coffee - Black,Standard,Evening
22,card,27.92,Americano with Milk,Night,Wed,Sep,3,9,2024-09-25,22:18:51.754000,2024-09-25 22:18:51.754,2024,3,39,25,269,0,Coffee - Milk,Standard,Evening
8,card,32.82,Latte,Morning,Thu,Sep,4,9,2024-09-26,08:43:35.049000,2024-09-26 08:43:35.049,2024,3,39,26,270,0,Coffee - Milk,Mid-Range,Early Morning
10,card,27.92,Americano with Milk,Morning,Thu,Sep,4,9,2024-09-26,10:37:06.485000,2024-09-26 10:37:06.485,2024,3,39,26,270,0,Coffee - Milk,Standard,Mid Morning
10,card,18.12,Espresso,Morning,Thu,Sep,4,9,2024-09-26,10:55:52.407000,2024-09-26 10:55:52.407,2024,3,39,26,270,0,Coffee - Black,Standard,Mid Morning
11,card,32.82,Cappuccino,Morning,Thu,Sep,4,9,2024-09-26,11:34:48.571000,2024-09-26 11:34:48.571,2024,3,39,26,270,0,Coffee - Milk,Mid-Range,Mid Morning
12,card,32.82,Latte,Afternoon,Thu,Sep,4,9,2024-09-26,12:48:01.368000,2024-09-26 12:48:01.368,2024,3,39,26,270,0,Coffee - Milk,Mid-Range,Lunch Time
18,card,32.82,Latte,Night,Thu,Sep,4,9,2024-09-26,18:21:55.733000,2024-09-26 18:21:55.733,2024,3,39,26,270,0,Coffee - Milk,Mid-Range,Evening
22,card,32.82,Latte,Night,Thu,Sep,4,9,2024-09-26,22:45:15.081000,2024-09-26 22:45:15.081,2024,3,39,26,270,0,Coffee - Milk,Mid-Range,Evening
22,card,23.02,Cortado,Night,Thu,Sep,4,9,2024-09-26,22:46:17.637000,2024-09-26 22:46:17.637,2024,3,39,26,270,0,Coffee - Milk,Standard,Evening
22,card,27.92,Americano with Milk,Night,Thu,Sep,4,9,2024-09-26,22:47:24.867000,2024-09-26 22:47:24.867,2024,3,39,26,270,0,Coffee - Milk,Standard,Evening
9,card,27.92,Americano with Milk,Morning,Fri,Sep,5,9,2024-09-27,09:29:45.646000,2024-09-27 09:29:45.646,2024,3,39,27,271,0,Coffee - Milk,Standard,Mid Morning
9,card,23.02,Cortado,Morning,Fri,Sep,5,9,2024-09-27,09:33:43.977000,2024-09-27 09:33:43.977,2024,3,39,27,271,0,Coffee - Milk,Standard,Mid Morning
9,card,32.82,Cappuccino,Morning,Fri,Sep,5,9,2024-09-27,09:41:04.732000,2024-09-27 09:41:04.732,2024,3,39,27,271,0,Coffee - Milk,Mid-Range,Mid Morning
10,card,27.92,Americano with Milk,Morning,Fri,Sep,5,9,2024-09-27,10:46:56.620000,2024-09-27 10:46:56.620,2024,3,39,27,271,0,Coffee - Milk,Standard,Mid Morning
11,card,27.92,Americano with Milk,Morning,Fri,Sep,5,9,2024-09-27,11:35:00.282000,2024-09-27 11:35:00.282,2024,3,39,27,271,0,Coffee - Milk,Standard,Mid Morning
13,card,32.82,Cappuccino,Afternoon,Fri,Sep,5,9,2024-09-27,13:20:31.055000,2024-09-27 13:20:31.055,2024,3,39,27,271,0,Coffee - Milk,Mid-Range,Lunch Time
13,card,32.82,Cappuccino,Afternoon,Fri,Sep,5,9,2024-09-27,13:25:05.272000,2024-09-27 13:25:05.272,2024,3,39,27,271,0,Coffee - Milk,Mid-Range,Lunch Time
13,card,23.02,Americano,Afternoon,Fri,Sep,5,9,2024-09-27,13:28:33.107000,2024-09-27 13:28:33.107,2024,3,39,27,271,0,Coffee - Black,Standard,Lunch Time
13,card,27.92,Americano with Milk,Afternoon,Fri,Sep,5,9,2024-09-27,13:33:52.455000,2024-09-27 13:33:52.455,2024,3,39,27,271,0,Coffee - Milk,Standard,Lunch Time
18,card,32.82,Latte,Night,Fri,Sep,5,9,2024-09-27,18:07:43.705000,2024-09-27 18:07:43.705,2024,3,39,27,271,0,Coffee - Milk,Mid-Range,Evening
18,card,32.82,Latte,Night,Fri,Sep,5,9,2024-09-27,18:08:58.239000,2024-09-27 18:08:58.239,2024,3,39,27,271,0,Coffee - Milk,Mid-Range,Evening
18,card,32.82,Cappuccino,Night,Fri,Sep,5,9,2024-09-27,18:37:45.891000,2024-09-27 18:37:45.891,2024,3,39,27,271,0,Coffee - Milk,Mid-Range,Evening
18,card,32.82,Cappuccino,Night,Fri,Sep,5,9,2024-09-27,18:40:53.757000,2024-09-27 18:40:53.757,2024,3,39,27,271,0,Coffee - Milk,Mid-Range,Evening
20,card,32.82,Cappuccino,Night,Fri,Sep,5,9,2024-09-27,20:18:13.287000,2024-09-27 20:18:13.287,2024,3,39,27,271,0,Coffee - Milk,Mid-Range,Evening
20,card,32.82,Cappuccino,Night,Fri,Sep,5,9,2024-09-27,20:19:14.319000,2024-09-27 20:19:14.319,2024,3,39,27,271,0,Coffee - Milk,Mid-Range,Evening
20,card,27.92,Americano with Milk,Night,Fri,Sep,5,9,2024-09-27,20:58:14.967000,2024-09-27 20:58:14.967,2024,3,39,27,271,0,Coffee - Milk,Standard,Evening
8,card,27.92,Americano with Milk,Morning,Sat,Sep,6,9,2024-09-28,08:06:45.469000,2024-09-28 08:06:45.469,2024,3,39,28,272,1,Coffee - Milk,Standard,Early Morning
9,card,27.92,Americano with Milk,Morning,Sat,Sep,6,9,2024-09-28,09:31:14.759000,2024-09-28 09:31:14.759,2024,3,39,28,272,1,Coffee - Milk,Standard,Mid Morning
14,card,35.76,Latte,Afternoon,Sat,Sep,6,9,2024-09-28,14:25:47.337000,2024-09-28 14:25:47.337,2024,3,39,28,272,1,Coffee - Milk,Premium,Lunch Time
16,card,35.76,Latte,Afternoon,Sat,Sep,6,9,2024-09-28,16:57:20.118000,2024-09-28 16:57:20.118,2024,3,39,28,272,1,Coffee - Milk,Premium,Afternoon
17,card,30.86,Americano with Milk,Night,Sat,Sep,6,9,2024-09-28,17:26:16.704000,2024-09-28 17:26:16.704,2024,3,39,28,272,1,Coffee - Milk,Mid-Range,Afternoon
20,card,35.76,Latte,Night,Sat,Sep,6,9,2024-09-28,20:34:31.110000,2024-09-28 20:34:31.110,2024,3,39,28,272,1,Coffee - Milk,Premium,Evening
20,card,35.76,Latte,Night,Sat,Sep,6,9,2024-09-28,20:38:36.502000,2024-09-28 20:38:36.502,2024,3,39,28,272,1,Coffee - Milk,Premium,Evening
22,card,35.76,Cappuccino,Night,Sat,Sep,6,9,2024-09-28,22:16:36.777000,2024-09-28 22:16:36.777,2024,3,39,28,272,1,Coffee - Milk,Premium,Evening
22,card,35.76,Cocoa,Night,Sat,Sep,6,9,2024-09-28,22:17:29.587000,2024-09-28 22:17:29.587,2024,3,39,28,272,1,Non-Coffee,Premium,Evening
22,card,25.96,Cortado,Night,Sat,Sep,6,9,2024-09-28,22:18:16.072000,2024-09-28 22:18:16.072,2024,3,39,28,272,1,Coffee - Milk,Standard,Evening
22,card,35.76,Hot Chocolate,Night,Sat,Sep,6,9,2024-09-28,22:19:13.029000,2024-09-28 22:19:13.029,2024,3,39,28,272,1,Non-Coffee,Premium,Evening
10,card,25.96,Americano,Morning,Sun,Sep,7,9,2024-09-29,10:48:45.050000,2024-09-29 10:48:45.050,2024,3,39,29,273,1,Coffee - Black,Standard,Mid Morning
10,card,35.76,Cappuccino,Morning,Sun,Sep,7,9,2024-09-29,10:50:05.258000,2024-09-29 10:50:05.258,2024,3,39,29,273,1,Coffee - Milk,Premium,Mid Morning
10,card,35.76,Cappuccino,Morning,Sun,Sep,7,9,2024-09-29,10:51:03.253000,2024-09-29 10:51:03.253,2024,3,39,29,273,1,Coffee - Milk,Premium,Mid Morning
10,card,35.76,Cappuccino,Morning,Sun,Sep,7,9,2024-09-29,10:52:23.021000,2024-09-29 10:52:23.021,2024,3,39,29,273,1,Coffee - Milk,Premium,Mid Morning
10,card,30.86,Americano with Milk,Morning,Sun,Sep,7,9,2024-09-29,10:53:42.331000,2024-09-29 10:53:42.331,2024,3,39,29,273,1,Coffee - Milk,Mid-Range,Mid Morning
12,card,35.76,Latte,Afternoon,Sun,Sep,7,9,2024-09-29,12:35:43.442000,2024-09-29 12:35:43.442,2024,3,39,29,273,1,Coffee - Milk,Premium,Lunch Time
12,card,25.96,Cortado,Afternoon,Sun,Sep,7,9,2024-09-29,12:50:58.444000,2024-09-29 12:50:58.444,2024,3,39,29,273,1,Coffee - Milk,Standard,Lunch Time
12,card,35.76,Latte,Afternoon,Sun,Sep,7,9,2024-09-29,12:54:15.385000,2024-09-29 12:54:15.385,2024,3,39,29,273,1,Coffee - Milk,Premium,Lunch Time
12,card,35.76,Latte,Afternoon,Sun,Sep,7,9,2024-09-29,12:55:21.637000,2024-09-29 12:55:21.637,2024,3,39,29,273,1,Coffee - Milk,Premium,Lunch Time
18,card,35.76,Cappuccino,Night,Sun,Sep,7,9,2024-09-29,18:02:27.296000,2024-09-29 18:02:27.296,2024,3,39,29,273,1,Coffee - Milk,Premium,Evening
22,card,35.76,Latte,Night,Sun,Sep,7,9,2024-09-29,22:31:02.815000,2024-09-29 22:31:02.815,2024,3,39,29,273,1,Coffee - Milk,Premium,Evening
8,card,25.96,Cortado,Morning,Mon,Sep,1,9,2024-09-30,08:08:47.516000,2024-09-30 08:08:47.516,2024,3,40,30,274,0,Coffee - Milk,Standard,Early Morning
8,card,25.96,Cortado,Morning,Mon,Sep,1,9,2024-09-30,08:58:54.669000,2024-09-30 08:58:54.669,2024,3,40,30,274,0,Coffee - Milk,Standard,Early Morning
9,card,35.76,Hot Chocolate,Morning,Mon,Sep,1,9,2024-09-30,09:00:04.917000,2024-09-30 09:00:04.917,2024,3,40,30,274,0,Non-Coffee,Premium,Mid Morning
10,card,30.86,Americano with Milk,Morning,Mon,Sep,1,9,2024-09-30,10:01:09.168000,2024-09-30 10:01:09.168,2024,3,40,30,274,0,Coffee - Milk,Mid-Range,Mid Morning
10,card,25.96,Cortado,Morning,Mon,Sep,1,9,2024-09-30,10:05:18.351000,2024-09-30 10:05:18.351,2024,3,40,30,274,0,Coffee - Milk,Standard,Mid Morning
11,card,30.86,Americano with Milk,Morning,Mon,Sep,1,9,2024-09-30,11:32:54.558000,2024-09-30 11:32:54.558,2024,3,40,30,274,0,Coffee - Milk,Mid-Range,Mid Morning
16,card,30.86,Americano with Milk,Afternoon,Mon,Sep,1,9,2024-09-30,16:45:44.460000,2024-09-30 16:45:44.460,2024,3,40,30,274,0,Coffee - Milk,Mid-Range,Afternoon
19,card,35.76,Latte,Night,Mon,Sep,1,9,2024-09-30,19:32:18.200000,2024-09-30 19:32:18.200,2024,3,40,30,274,0,Coffee - Milk,Premium,Evening
19,card,30.86,Americano with Milk,Night,Mon,Sep,1,9,2024-09-30,19:53:14.092000,2024-09-30 19:53:14.092,2024,3,40,30,274,0,Coffee - Milk,Mid-Range,Evening
19,card,25.96,Cortado,Night,Mon,Sep,1,9,2024-09-30,19:54:17.620000,2024-09-30 19:54:17.620,2024,3,40,30,274,0,Coffee - Milk,Standard,Evening
19,card,35.76,Latte,Night,Mon,Sep,1,9,2024-09-30,19:59:18.993000,2024-09-30 19:59:18.993,2024,3,40,30,274,0,Coffee - Milk,Premium,Evening
20,card,30.86,Americano with Milk,Night,Mon,Sep,1,9,2024-09-30,20:00:42.135000,2024-09-30 20:00:42.135,2024,3,40,30,274,0,Coffee - Milk,Mid-Range,Evening
20,card,30.86,Americano with Milk,Night,Mon,Sep,1,9,2024-09-30,20:01:42.191000,2024-09-30 20:01:42.191,2024,3,40,30,274,0,Coffee - Milk,Mid-Range,Evening
21,card,30.86,Americano with Milk,Night,Mon,Sep,1,9,2024-09-30,21:41:07.527000,2024-09-30 21:41:07.527,2024,3,40,30,274,0,Coffee - Milk,Mid-Range,Evening
7,card,35.76,Latte,Morning,Tue,Oct,2,10,2024-10-01,07:47:08.449000,2024-10-01 07:47:08.449,2024,4,40,1,275,0,Coffee - Milk,Premium,Early Morning
9,card,30.86,Americano with Milk,Morning,Tue,Oct,2,10,2024-10-01,09:48:30.777000,2024-10-01 09:48:30.777,2024,4,40,1,275,0,Coffee - Milk,Mid-Range,Mid Morning
10,card,30.86,Americano with Milk,Morning,Tue,Oct,2,10,2024-10-01,10:02:26.778000,2024-10-01 10:02:26.778,2024,4,40,1,275,0,Coffee - Milk,Mid-Range,Mid Morning
10,card,30.86,Americano with Milk,Morning,Tue,Oct,2,10,2024-10-01,10:03:47.115000,2024-10-01 10:03:47.115,2024,4,40,1,275,0,Coffee - Milk,Mid-Range,Mid Morning
11,card,30.86,Americano with Milk,Morning,Tue,Oct,2,10,2024-10-01,11:55:31.853000,2024-10-01 11:55:31.853,2024,4,40,1,275,0,Coffee - Milk,Mid-Range,Mid Morning
12,card,30.86,Americano with Milk,Afternoon,Tue,Oct,2,10,2024-10-01,12:12:48.446000,2024-10-01 12:12:48.446,2024,4,40,1,275,0,Coffee - Milk,Mid-Range,Lunch Time
12,card,30.86,Americano with Milk,Afternoon,Tue,Oct,2,10,2024-10-01,12:14:23.382000,2024-10-01 12:14:23.382,2024,4,40,1,275,0,Coffee - Milk,Mid-Range,Lunch Time
14,card,25.96,Americano,Afternoon,Tue,Oct,2,10,2024-10-01,14:17:34.957000,2024-10-01 14:17:34.957,2024,4,40,1,275,0,Coffee - Black,Standard,Lunch Time
14,card,30.86,Americano with Milk,Afternoon,Tue,Oct,2,10,2024-10-01,14:18:52.558000,2024-10-01 14:18:52.558,2024,4,40,1,275,0,Coffee - Milk,Mid-Range,Lunch Time
16,card,35.76,Hot Chocolate,Afternoon,Tue,Oct,2,10,2024-10-01,16:08:38.999000,2024-10-01 16:08:38.999,2024,4,40,1,275,0,Non-Coffee,Premium,Afternoon
16,card,25.96,Americano,Afternoon,Tue,Oct,2,10,2024-10-01,16:41:54.481000,2024-10-01 16:41:54.481,2024,4,40,1,275,0,Coffee - Black,Standard,Afternoon
18,card,35.76,Latte,Night,Tue,Oct,2,10,2024-10-01,18:08:26.545000,2024-10-01 18:08:26.545,2024,4,40,1,275,0,Coffee - Milk,Premium,Evening
18,card,35.76,Latte,Night,Tue,Oct,2,10,2024-10-01,18:23:11.460000,2024-10-01 18:23:11.460,2024,4,40,1,275,0,Coffee - Milk,Premium,Evening
18,card,35.76,Hot Chocolate,Night,Tue,Oct,2,10,2024-10-01,18:24:14.252000,2024-10-01 18:24:14.252,2024,4,40,1,275,0,Non-Coffee,Premium,Evening
20,card,35.76,Hot Chocolate,Night,Tue,Oct,2,10,2024-10-01,20:03:22.143000,2024-10-01 20:03:22.143,2024,4,40,1,275,0,Non-Coffee,Premium,Evening
7,card,35.76,Latte,Morning,Wed,Oct,3,10,2024-10-02,07:57:18.793000,2024-10-02 07:57:18.793,2024,4,40,2,276,0,Coffee - Milk,Premium,Early Morning
8,card,25.96,Cortado,Morning,Wed,Oct,3,10,2024-10-02,08:42:44.642000,2024-10-02 08:42:44.642,2024,4,40,2,276,0,Coffee - Milk,Standard,Early Morning
9,card,30.86,Americano with Milk,Morning,Wed,Oct,3,10,2024-10-02,09:19:17.053000,2024-10-02 09:19:17.053,2024,4,40,2,276,0,Coffee - Milk,Mid-Range,Mid Morning
10,card,35.76,Latte,Morning,Wed,Oct,3,10,2024-10-02,10:22:01.523000,2024-10-02 10:22:01.523,2024,4,40,2,276,0,Coffee - Milk,Premium,Mid Morning
10,card,30.86,Americano with Milk,Morning,Wed,Oct,3,10,2024-10-02,10:23:55.272000,2024-10-02 10:23:55.272,2024,4,40,2,276,0,Coffee - Milk,Mid-Range,Mid Morning
11,card,35.76,Cappuccino,Morning,Wed,Oct,3,10,2024-10-02,11:28:53.893000,2024-10-02 11:28:53.893,2024,4,40,2,276,0,Coffee - Milk,Premium,Mid Morning
15,card,35.76,Cappuccino,Afternoon,Wed,Oct,3,10,2024-10-02,15:13:42.142000,2024-10-02 15:13:42.142,2024,4,40,2,276,0,Coffee - Milk,Premium,Afternoon
18,card,35.76,Hot Chocolate,Night,Wed,Oct,3,10,2024-10-02,18:31:07.153000,2024-10-02 18:31:07.153,2024,4,40,2,276,0,Non-Coffee,Premium,Evening
22,card,35.76,Hot Chocolate,Night,Wed,Oct,3,10,2024-10-02,22:18:55.379000,2024-10-02 22:18:55.379,2024,4,40,2,276,0,Non-Coffee,Premium,Evening
22,card,35.76,Hot Chocolate,Night,Wed,Oct,3,10,2024-10-02,22:19:40.694000,2024-10-02 22:19:40.694,2024,4,40,2,276,0,Non-Coffee,Premium,Evening
22,card,35.76,Hot Chocolate,Night,Wed,Oct,3,10,2024-10-02,22:20:23.651000,2024-10-02 22:20:23.651,2024,4,40,2,276,0,Non-Coffee,Premium,Evening
13,card,35.76,Cocoa,Afternoon,Thu,Oct,4,10,2024-10-03,13:47:35.922000,2024-10-03 13:47:35.922,2024,4,40,3,277,0,Non-Coffee,Premium,Lunch Time
15,card,30.86,Americano with Milk,Afternoon,Thu,Oct,4,10,2024-10-03,15:12:05.160000,2024-10-03 15:12:05.160,2024,4,40,3,277,0,Coffee - Milk,Mid-Range,Afternoon
20,card,25.96,Cortado,Night,Thu,Oct,4,10,2024-10-03,20:12:57.761000,2024-10-03 20:12:57.761,2024,4,40,3,277,0,Coffee - Milk,Standard,Evening
20,card,35.76,Hot Chocolate,Night,Thu,Oct,4,10,2024-10-03,20:14:04.781000,2024-10-03 20:14:04.781,2024,4,40,3,277,0,Non-Coffee,Premium,Evening
21,card,35.76,Hot Chocolate,Night,Thu,Oct,4,10,2024-10-03,21:21:06.296000,2024-10-03 21:21:06.296,2024,4,40,3,277,0,Non-Coffee,Premium,Evening
21,card,35.76,Hot Chocolate,Night,Thu,Oct,4,10,2024-10-03,21:21:46.778000,2024-10-03 21:21:46.778,2024,4,40,3,277,0,Non-Coffee,Premium,Evening
21,card,35.76,Cappuccino,Night,Thu,Oct,4,10,2024-10-03,21:29:03.390000,2024-10-03 21:29:03.390,2024,4,40,3,277,0,Coffee - Milk,Premium,Evening
21,card,35.76,Hot Chocolate,Night,Thu,Oct,4,10,2024-10-03,21:31:00.451000,2024-10-03 21:31:00.451,2024,4,40,3,277,0,Non-Coffee,Premium,Evening
8,card,25.96,Americano,Morning,Fri,Oct,5,10,2024-10-04,08:44:00.873000,2024-10-04 08:44:00.873,2024,4,40,4,278,0,Coffee - Black,Standard,Early Morning
8,card,25.96,Americano,Morning,Fri,Oct,5,10,2024-10-04,08:45:38.952000,2024-10-04 08:45:38.952,2024,4,40,4,278,0,Coffee - Black,Standard,Early Morning
9,card,30.86,Americano with Milk,Morning,Fri,Oct,5,10,2024-10-04,09:30:22.038000,2024-10-04 09:30:22.038,2024,4,40,4,278,0,Coffee - Milk,Mid-Range,Mid Morning
9,card,25.96,Americano,Morning,Fri,Oct,5,10,2024-10-04,09:31:27.071000,2024-10-04 09:31:27.071,2024,4,40,4,278,0,Coffee - Black,Standard,Mid Morning
9,card,25.96,Cortado,Morning,Fri,Oct,5,10,2024-10-04,09:53:58.577000,2024-10-04 09:53:58.577,2024,4,40,4,278,0,Coffee - Milk,Standard,Mid Morning
9,card,25.96,Cortado,Morning,Fri,Oct,5,10,2024-10-04,09:55:04.557000,2024-10-04 09:55:04.557,2024,4,40,4,278,0,Coffee - Milk,Standard,Mid Morning
17,card,35.76,Latte,Night,Fri,Oct,5,10,2024-10-04,17:35:14.809000,2024-10-04 17:35:14.809,2024,4,40,4,278,0,Coffee - Milk,Premium,Afternoon
17,card,35.76,Hot Chocolate,Night,Fri,Oct,5,10,2024-10-04,17:42:22.181000,2024-10-04 17:42:22.181,2024,4,40,4,278,0,Non-Coffee,Premium,Afternoon
17,card,35.76,Cocoa,Night,Fri,Oct,5,10,2024-10-04,17:44:36.370000,2024-10-04 17:44:36.370,2024,4,40,4,278,0,Non-Coffee,Premium,Afternoon
9,card,25.96,Cortado,Morning,Sat,Oct,6,10,2024-10-05,09:00:46.861000,2024-10-05 09:00:46.861,2024,4,40,5,279,1,Coffee - Milk,Standard,Mid Morning
9,card,25.96,Cortado,Morning,Sat,Oct,6,10,2024-10-05,09:01:42.669000,2024-10-05 09:01:42.669,2024,4,40,5,279,1,Coffee - Milk,Standard,Mid Morning
9,card,35.76,Cocoa,Morning,Sat,Oct,6,10,2024-10-05,09:35:44.903000,2024-10-05 09:35:44.903,2024,4,40,5,279,1,Non-Coffee,Premium,Mid Morning
13,card,35.76,Cappuccino,Afternoon,Sat,Oct,6,10,2024-10-05,13:12:13.285000,2024-10-05 13:12:13.285,2024,4,40,5,279,1,Coffee - Milk,Premium,Lunch Time
20,card,25.96,Americano,Night,Sat,Oct,6,10,2024-10-05,20:08:38.058000,2024-10-05 20:08:38.058,2024,4,40,5,279,1,Coffee - Black,Standard,Evening
20,card,25.96,Americano,Night,Sat,Oct,6,10,2024-10-05,20:09:33.647000,2024-10-05 20:09:33.647,2024,4,40,5,279,1,Coffee - Black,Standard,Evening
8,card,25.96,Cortado,Morning,Sun,Oct,7,10,2024-10-06,08:22:56.721000,2024-10-06 08:22:56.721,2024,4,40,6,280,1,Coffee - Milk,Standard,Early Morning
10,card,35.76,Cappuccino,Morning,Sun,Oct,7,10,2024-10-06,10:05:43.642000,2024-10-06 10:05:43.642,2024,4,40,6,280,1,Coffee - Milk,Premium,Mid Morning
10,card,25.96,Cortado,Morning,Sun,Oct,7,10,2024-10-06,10:06:47.136000,2024-10-06 10:06:47.136,2024,4,40,6,280,1,Coffee - Milk,Standard,Mid Morning
11,card,35.76,Latte,Morning,Sun,Oct,7,10,2024-10-06,11:55:28.846000,2024-10-06 11:55:28.846,2024,4,40,6,280,1,Coffee - Milk,Premium,Mid Morning
12,card,35.76,Latte,Afternoon,Sun,Oct,7,10,2024-10-06,12:09:03.852000,2024-10-06 12:09:03.852,2024,4,40,6,280,1,Coffee - Milk,Premium,Lunch Time
12,card,35.76,Cappuccino,Afternoon,Sun,Oct,7,10,2024-10-06,12:10:17.343000,2024-10-06 12:10:17.343,2024,4,40,6,280,1,Coffee - Milk,Premium,Lunch Time
12,card,30.86,Americano with Milk,Afternoon,Sun,Oct,7,10,2024-10-06,12:11:43.360000,2024-10-06 12:11:43.360,2024,4,40,6,280,1,Coffee - Milk,Mid-Range,Lunch Time
13,card,25.96,Americano,Afternoon,Sun,Oct,7,10,2024-10-06,13:46:03.675000,2024-10-06 13:46:03.675,2024,4,40,6,280,1,Coffee - Black,Standard,Lunch Time
13,card,35.76,Cappuccino,Afternoon,Sun,Oct,7,10,2024-10-06,13:47:01.953000,2024-10-06 13:47:01.953,2024,4,40,6,280,1,Coffee - Milk,Premium,Lunch Time
13,card,30.86,Americano with Milk,Afternoon,Sun,Oct,7,10,2024-10-06,13:50:00.140000,2024-10-06 13:50:00.140,2024,4,40,6,280,1,Coffee - Milk,Mid-Range,Lunch Time
13,card,35.76,Latte,Afternoon,Sun,Oct,7,10,2024-10-06,13:51:04.250000,2024-10-06 13:51:04.250,2024,4,40,6,280,1,Coffee - Milk,Premium,Lunch Time
13,card,35.76,Cappuccino,Afternoon,Sun,Oct,7,10,2024-10-06,13:51:56.283000,2024-10-06 13:51:56.283,2024,4,40,6,280,1,Coffee - Milk,Premium,Lunch Time
16,card,35.76,Cappuccino,Afternoon,Sun,Oct,7,10,2024-10-06,16:31:33.588000,2024-10-06 16:31:33.588,2024,4,40,6,280,1,Coffee - Milk,Premium,Afternoon
16,card,21.06,Espresso,Afternoon,Sun,Oct,7,10,2024-10-06,16:35:45.625000,2024-10-06 16:35:45.625,2024,4,40,6,280,1,Coffee - Black,Standard,Afternoon
18,card,30.86,Americano with Milk,Night,Sun,Oct,7,10,2024-10-06,18:17:44.975000,2024-10-06 18:17:44.975,2024,4,40,6,280,1,Coffee - Milk,Mid-Range,Evening
18,card,35.76,Hot Chocolate,Night,Sun,Oct,7,10,2024-10-06,18:35:16.468000,2024-10-06 18:35:16.468,2024,4,40,6,280,1,Non-Coffee,Premium,Evening
21,card,35.76,Hot Chocolate,Night,Sun,Oct,7,10,2024-10-06,21:09:12.889000,2024-10-06 21:09:12.889,2024,4,40,6,280,1,Non-Coffee,Premium,Evening
21,card,35.76,Hot Chocolate,Night,Sun,Oct,7,10,2024-10-06,21:10:00.476000,2024-10-06 21:10:00.476,2024,4,40,6,280,1,Non-Coffee,Premium,Evening
21,card,35.76,Hot Chocolate,Night,Sun,Oct,7,10,2024-10-06,21:10:45.254000,2024-10-06 21:10:45.254,2024,4,40,6,280,1,Non-Coffee,Premium,Evening
21,card,35.76,Latte,Night,Sun,Oct,7,10,2024-10-06,21:16:48.876000,2024-10-06 21:16:48.876,2024,4,40,6,280,1,Coffee - Milk,Premium,Evening
8,card,35.76,Latte,Morning,Mon,Oct,1,10,2024-10-07,08:33:36.423000,2024-10-07 08:33:36.423,2024,4,41,7,281,0,Coffee - Milk,Premium,Early Morning
8,card,35.76,Latte,Morning,Mon,Oct,1,10,2024-10-07,08:49:36.477000,2024-10-07 08:49:36.477,2024,4,41,7,281,0,Coffee - Milk,Premium,Early Morning
8,card,30.86,Americano with Milk,Morning,Mon,Oct,1,10,2024-10-07,08:50:41.668000,2024-10-07 08:50:41.668,2024,4,41,7,281,0,Coffee - Milk,Mid-Range,Early Morning
9,card,35.76,Cocoa,Morning,Mon,Oct,1,10,2024-10-07,09:05:28.091000,2024-10-07 09:05:28.091,2024,4,41,7,281,0,Non-Coffee,Premium,Mid Morning
9,card,35.76,Latte,Morning,Mon,Oct,1,10,2024-10-07,09:09:58.323000,2024-10-07 09:09:58.323,2024,4,41,7,281,0,Coffee - Milk,Premium,Mid Morning
12,card,30.86,Americano with Milk,Afternoon,Mon,Oct,1,10,2024-10-07,12:17:56.717000,2024-10-07 12:17:56.717,2024,4,41,7,281,0,Coffee - Milk,Mid-Range,Lunch Time
14,card,25.96,Americano,Afternoon,Mon,Oct,1,10,2024-10-07,14:31:45.258000,2024-10-07 14:31:45.258,2024,4,41,7,281,0,Coffee - Black,Standard,Lunch Time
14,card,25.96,Americano,Afternoon,Mon,Oct,1,10,2024-10-07,14:32:38.765000,2024-10-07 14:32:38.765,2024,4,41,7,281,0,Coffee - Black,Standard,Lunch Time
17,card,35.76,Latte,Night,Mon,Oct,1,10,2024-10-07,17:48:55.006000,2024-10-07 17:48:55.006,2024,4,41,7,281,0,Coffee - Milk,Premium,Afternoon
21,card,35.76,Hot Chocolate,Night,Mon,Oct,1,10,2024-10-07,21:14:42.130000,2024-10-07 21:14:42.130,2024,4,41,7,281,0,Non-Coffee,Premium,Evening
21,card,35.76,Hot Chocolate,Night,Mon,Oct,1,10,2024-10-07,21:15:20.122000,2024-10-07 21:15:20.122,2024,4,41,7,281,0,Non-Coffee,Premium,Evening
21,card,35.76,Latte,Night,Mon,Oct,1,10,2024-10-07,21:40:48.515000,2024-10-07 21:40:48.515,2024,4,41,7,281,0,Coffee - Milk,Premium,Evening
8,card,35.76,Latte,Morning,Tue,Oct,2,10,2024-10-08,08:11:50.884000,2024-10-08 08:11:50.884,2024,4,41,8,282,0,Coffee - Milk,Premium,Early Morning
9,card,30.86,Americano with Milk,Morning,Tue,Oct,2,10,2024-10-08,09:05:14.027000,2024-10-08 09:05:14.027,2024,4,41,8,282,0,Coffee - Milk,Mid-Range,Mid Morning
10,card,25.96,Americano,Morning,Tue,Oct,2,10,2024-10-08,10:22:31.374000,2024-10-08 10:22:31.374,2024,4,41,8,282,0,Coffee - Black,Standard,Mid Morning
10,card,35.76,Latte,Morning,Tue,Oct,2,10,2024-10-08,10:27:08.817000,2024-10-08 10:27:08.817,2024,4,41,8,282,0,Coffee - Milk,Premium,Mid Morning
11,card,35.76,Latte,Morning,Tue,Oct,2,10,2024-10-08,11:30:10.253000,2024-10-08 11:30:10.253,2024,4,41,8,282,0,Coffee - Milk,Premium,Mid Morning
12,card,25.96,Americano,Afternoon,Tue,Oct,2,10,2024-10-08,12:48:04.520000,2024-10-08 12:48:04.520,2024,4,41,8,282,0,Coffee - Black,Standard,Lunch Time
12,card,25.96,Americano,Afternoon,Tue,Oct,2,10,2024-10-08,12:49:04.581000,2024-10-08 12:49:04.581,2024,4,41,8,282,0,Coffee - Black,Standard,Lunch Time
13,card,35.76,Latte,Afternoon,Tue,Oct,2,10,2024-10-08,13:04:00.905000,2024-10-08 13:04:00.905,2024,4,41,8,282,0,Coffee - Milk,Premium,Lunch Time
13,card,35.76,Latte,Afternoon,Tue,Oct,2,10,2024-10-08,13:04:59.444000,2024-10-08 13:04:59.444,2024,4,41,8,282,0,Coffee - Milk,Premium,Lunch Time
14,card,35.76,Latte,Afternoon,Tue,Oct,2,10,2024-10-08,14:42:52.425000,2024-10-08 14:42:52.425,2024,4,41,8,282,0,Coffee - Milk,Premium,Lunch Time
15,card,35.76,Latte,Afternoon,Tue,Oct,2,10,2024-10-08,15:13:41.150000,2024-10-08 15:13:41.150,2024,4,41,8,282,0,Coffee - Milk,Premium,Afternoon
15,card,25.96,Americano,Afternoon,Tue,Oct,2,10,2024-10-08,15:19:52.103000,2024-10-08 15:19:52.103,2024,4,41,8,282,0,Coffee - Black,Standard,Afternoon
15,card,30.86,Americano with Milk,Afternoon,Tue,Oct,2,10,2024-10-08,15:50:43.122000,2024-10-08 15:50:43.122,2024,4,41,8,282,0,Coffee - Milk,Mid-Range,Afternoon
20,card,35.76,Hot Chocolate,Night,Tue,Oct,2,10,2024-10-08,20:40:40.459000,2024-10-08 20:40:40.459,2024,4,41,8,282,0,Non-Coffee,Premium,Evening
20,card,35.76,Cappuccino,Night,Tue,Oct,2,10,2024-10-08,20:41:33.464000,2024-10-08 20:41:33.464,2024,4,41,8,282,0,Coffee - Milk,Premium,Evening
20,card,35.76,Latte,Night,Tue,Oct,2,10,2024-10-08,20:51:08.722000,2024-10-08 20:51:08.722,2024,4,41,8,282,0,Coffee - Milk,Premium,Evening
21,card,30.86,Americano with Milk,Night,Tue,Oct,2,10,2024-10-08,21:24:32.037000,2024-10-08 21:24:32.037,2024,4,41,8,282,0,Coffee - Milk,Mid-Range,Evening
21,card,30.86,Americano with Milk,Night,Tue,Oct,2,10,2024-10-08,21:25:32,2024-10-08 21:25:32.000,2024,4,41,8,282,0,Coffee - Milk,Mid-Range,Evening
7,card,35.76,Latte,Morning,Wed,Oct,3,10,2024-10-09,07:54:42.599000,2024-10-09 07:54:42.599,2024,4,41,9,283,0,Coffee - Milk,Premium,Early Morning
8,card,30.86,Americano with Milk,Morning,Wed,Oct,3,10,2024-10-09,08:25:57.509000,2024-10-09 08:25:57.509,2024,4,41,9,283,0,Coffee - Milk,Mid-Range,Early Morning
9,card,30.86,Americano with Milk,Morning,Wed,Oct,3,10,2024-10-09,09:43:21.029000,2024-10-09 09:43:21.029,2024,4,41,9,283,0,Coffee - Milk,Mid-Range,Mid Morning
9,card,35.76,Latte,Morning,Wed,Oct,3,10,2024-10-09,09:59:39.971000,2024-10-09 09:59:39.971,2024,4,41,9,283,0,Coffee - Milk,Premium,Mid Morning
10,card,21.06,Espresso,Morning,Wed,Oct,3,10,2024-10-09,10:37:56.926000,2024-10-09 10:37:56.926,2024,4,41,9,283,0,Coffee - Black,Standard,Mid Morning
11,card,25.96,Americano,Morning,Wed,Oct,3,10,2024-10-09,11:18:02.138000,2024-10-09 11:18:02.138,2024,4,41,9,283,0,Coffee - Black,Standard,Mid Morning
13,card,35.76,Latte,Afternoon,Wed,Oct,3,10,2024-10-09,13:03:08.514000,2024-10-09 13:03:08.514,2024,4,41,9,283,0,Coffee - Milk,Premium,Lunch Time
13,card,30.86,Americano with Milk,Afternoon,Wed,Oct,3,10,2024-10-09,13:52:34.736000,2024-10-09 13:52:34.736,2024,4,41,9,283,0,Coffee - Milk,Mid-Range,Lunch Time
17,card,35.76,Cappuccino,Night,Wed,Oct,3,10,2024-10-09,17:26:44.371000,2024-10-09 17:26:44.371,2024,4,41,9,283,0,Coffee - Milk,Premium,Afternoon
17,card,25.96,Americano,Night,Wed,Oct,3,10,2024-10-09,17:27:48.880000,2024-10-09 17:27:48.880,2024,4,41,9,283,0,Coffee - Black,Standard,Afternoon
17,card,21.06,Espresso,Night,Wed,Oct,3,10,2024-10-09,17:49:59.552000,2024-10-09 17:49:59.552,2024,4,41,9,283,0,Coffee - Black,Standard,Afternoon
20,card,35.76,Cappuccino,Night,Wed,Oct,3,10,2024-10-09,20:49:12.500000,2024-10-09 20:49:12.500,2024,4,41,9,283,0,Coffee - Milk,Premium,Evening
8,card,25.96,Americano,Morning,Thu,Oct,4,10,2024-10-10,08:48:06.900000,2024-10-10 08:48:06.900,2024,4,41,10,284,0,Coffee - Black,Standard,Early Morning
9,card,30.86,Americano with Milk,Morning,Thu,Oct,4,10,2024-10-10,09:23:20.118000,2024-10-10 09:23:20.118,2024,4,41,10,284,0,Coffee - Milk,Mid-Range,Mid Morning
9,card,35.76,Hot Chocolate,Morning,Thu,Oct,4,10,2024-10-10,09:51:44.211000,2024-10-10 09:51:44.211,2024,4,41,10,284,0,Non-Coffee,Premium,Mid Morning
10,card,35.76,Latte,Morning,Thu,Oct,4,10,2024-10-10,10:05:09.494000,2024-10-10 10:05:09.494,2024,4,41,10,284,0,Coffee - Milk,Premium,Mid Morning
10,card,25.96,Cortado,Morning,Thu,Oct,4,10,2024-10-10,10:42:43.045000,2024-10-10 10:42:43.045,2024,4,41,10,284,0,Coffee - Milk,Standard,Mid Morning
10,card,25.96,Cortado,Morning,Thu,Oct,4,10,2024-10-10,10:43:30.026000,2024-10-10 10:43:30.026,2024,4,41,10,284,0,Coffee - Milk,Standard,Mid Morning
10,card,35.76,Latte,Morning,Thu,Oct,4,10,2024-10-10,10:55:32.616000,2024-10-10 10:55:32.616,2024,4,41,10,284,0,Coffee - Milk,Premium,Mid Morning
11,card,35.76,Latte,Morning,Thu,Oct,4,10,2024-10-10,11:04:19.349000,2024-10-10 11:04:19.349,2024,4,41,10,284,0,Coffee - Milk,Premium,Mid Morning
15,card,35.76,Cappuccino,Afternoon,Thu,Oct,4,10,2024-10-10,15:05:42.898000,2024-10-10 15:05:42.898,2024,4,41,10,284,0,Coffee - Milk,Premium,Afternoon
17,card,35.76,Latte,Night,Thu,Oct,4,10,2024-10-10,17:40:44.384000,2024-10-10 17:40:44.384,2024,4,41,10,284,0,Coffee - Milk,Premium,Afternoon
18,card,25.96,Americano,Night,Thu,Oct,4,10,2024-10-10,18:18:32.711000,2024-10-10 18:18:32.711,2024,4,41,10,284,0,Coffee - Black,Standard,Evening
18,card,30.86,Americano with Milk,Night,Thu,Oct,4,10,2024-10-10,18:56:30.698000,2024-10-10 18:56:30.698,2024,4,41,10,284,0,Coffee - Milk,Mid-Range,Evening
18,card,35.76,Latte,Night,Thu,Oct,4,10,2024-10-10,18:57:35.249000,2024-10-10 18:57:35.249,2024,4,41,10,284,0,Coffee - Milk,Premium,Evening
22,card,35.76,Hot Chocolate,Night,Thu,Oct,4,10,2024-10-10,22:33:16.976000,2024-10-10 22:33:16.976,2024,4,41,10,284,0,Non-Coffee,Premium,Evening
22,card,35.76,Hot Chocolate,Night,Thu,Oct,4,10,2024-10-10,22:33:59.729000,2024-10-10 22:33:59.729,2024,4,41,10,284,0,Non-Coffee,Premium,Evening
7,card,30.86,Americano with Milk,Morning,Fri,Oct,5,10,2024-10-11,07:54:51.580000,2024-10-11 07:54:51.580,2024,4,41,11,285,0,Coffee - Milk,Mid-Range,Early Morning
8,card,35.76,Latte,Morning,Fri,Oct,5,10,2024-10-11,08:00:50.938000,2024-10-11 08:00:50.938,2024,4,41,11,285,0,Coffee - Milk,Premium,Early Morning
8,card,25.96,Cortado,Morning,Fri,Oct,5,10,2024-10-11,08:12:20.254000,2024-10-11 08:12:20.254,2024,4,41,11,285,0,Coffee - Milk,Standard,Early Morning
8,card,35.76,Latte,Morning,Fri,Oct,5,10,2024-10-11,08:28:18.876000,2024-10-11 08:28:18.876,2024,4,41,11,285,0,Coffee - Milk,Premium,Early Morning
8,card,35.76,Cocoa,Morning,Fri,Oct,5,10,2024-10-11,08:29:22.390000,2024-10-11 08:29:22.390,2024,4,41,11,285,0,Non-Coffee,Premium,Early Morning
8,card,35.76,Cocoa,Morning,Fri,Oct,5,10,2024-10-11,08:55:43.787000,2024-10-11 08:55:43.787,2024,4,41,11,285,0,Non-Coffee,Premium,Early Morning
8,card,30.86,Americano with Milk,Morning,Fri,Oct,5,10,2024-10-11,08:56:58.778000,2024-10-11 08:56:58.778,2024,4,41,11,285,0,Coffee - Milk,Mid-Range,Early Morning
8,card,35.76,Hot Chocolate,Morning,Fri,Oct,5,10,2024-10-11,08:58:09.102000,2024-10-11 08:58:09.102,2024,4,41,11,285,0,Non-Coffee,Premium,Early Morning
9,card,30.86,Americano with Milk,Morning,Fri,Oct,5,10,2024-10-11,09:31:42.338000,2024-10-11 09:31:42.338,2024,4,41,11,285,0,Coffee - Milk,Mid-Range,Mid Morning
9,card,25.96,Cortado,Morning,Fri,Oct,5,10,2024-10-11,09:38:46.927000,2024-10-11 09:38:46.927,2024,4,41,11,285,0,Coffee - Milk,Standard,Mid Morning
10,card,25.96,Americano,Morning,Fri,Oct,5,10,2024-10-11,10:00:40.375000,2024-10-11 10:00:40.375,2024,4,41,11,285,0,Coffee - Black,Standard,Mid Morning
10,card,25.96,Americano,Morning,Fri,Oct,5,10,2024-10-11,10:01:54.873000,2024-10-11 10:01:54.873,2024,4,41,11,285,0,Coffee - Black,Standard,Mid Morning
10,card,30.86,Americano with Milk,Morning,Fri,Oct,5,10,2024-10-11,10:30:35.971000,2024-10-11 10:30:35.971,2024,4,41,11,285,0,Coffee - Milk,Mid-Range,Mid Morning
13,card,35.76,Latte,Afternoon,Fri,Oct,5,10,2024-10-11,13:05:01.403000,2024-10-11 13:05:01.403,2024,4,41,11,285,0,Coffee - Milk,Premium,Lunch Time
13,card,25.96,Americano,Afternoon,Fri,Oct,5,10,2024-10-11,13:29:02.457000,2024-10-11 13:29:02.457,2024,4,41,11,285,0,Coffee - Black,Standard,Lunch Time
13,card,25.96,Americano,Afternoon,Fri,Oct,5,10,2024-10-11,13:30:09.021000,2024-10-11 13:30:09.021,2024,4,41,11,285,0,Coffee - Black,Standard,Lunch Time
14,card,35.76,Cocoa,Afternoon,Fri,Oct,5,10,2024-10-11,14:33:40.535000,2024-10-11 14:33:40.535,2024,4,41,11,285,0,Non-Coffee,Premium,Lunch Time
14,card,25.96,Americano,Afternoon,Fri,Oct,5,10,2024-10-11,14:35:29.312000,2024-10-11 14:35:29.312,2024,4,41,11,285,0,Coffee - Black,Standard,Lunch Time
14,card,35.76,Cappuccino,Afternoon,Fri,Oct,5,10,2024-10-11,14:50:08.761000,2024-10-11 14:50:08.761,2024,4,41,11,285,0,Coffee - Milk,Premium,Lunch Time
17,card,35.76,Latte,Night,Fri,Oct,5,10,2024-10-11,17:12:07.333000,2024-10-11 17:12:07.333,2024,4,41,11,285,0,Coffee - Milk,Premium,Afternoon
17,card,35.76,Hot Chocolate,Night,Fri,Oct,5,10,2024-10-11,17:13:21.597000,2024-10-11 17:13:21.597,2024,4,41,11,285,0,Non-Coffee,Premium,Afternoon
17,card,35.76,Hot Chocolate,Night,Fri,Oct,5,10,2024-10-11,17:26:11.166000,2024-10-11 17:26:11.166,2024,4,41,11,285,0,Non-Coffee,Premium,Afternoon
21,card,35.76,Latte,Night,Fri,Oct,5,10,2024-10-11,21:48:37.720000,2024-10-11 21:48:37.720,2024,4,41,11,285,0,Coffee - Milk,Premium,Evening
21,card,30.86,Americano with Milk,Night,Fri,Oct,5,10,2024-10-11,21:53:53.607000,2024-10-11 21:53:53.607,2024,4,41,11,285,0,Coffee - Milk,Mid-Range,Evening
22,card,35.76,Hot Chocolate,Night,Fri,Oct,5,10,2024-10-11,22:36:27.633000,2024-10-11 22:36:27.633,2024,4,41,11,285,0,Non-Coffee,Premium,Evening
22,card,35.76,Hot Chocolate,Night,Fri,Oct,5,10,2024-10-11,22:37:26.701000,2024-10-11 22:37:26.701,2024,4,41,11,285,0,Non-Coffee,Premium,Evening
8,card,25.96,Cortado,Morning,Sat,Oct,6,10,2024-10-12,08:28:15.518000,2024-10-12 08:28:15.518,2024,4,41,12,286,1,Coffee - Milk,Standard,Early Morning
10,card,25.96,Cortado,Morning,Sat,Oct,6,10,2024-10-12,10:31:38.899000,2024-10-12 10:31:38.899,2024,4,41,12,286,1,Coffee - Milk,Standard,Mid Morning
10,card,25.96,Cortado,Morning,Sat,Oct,6,10,2024-10-12,10:32:55.522000,2024-10-12 10:32:55.522,2024,4,41,12,286,1,Coffee - Milk,Standard,Mid Morning
11,card,35.76,Latte,Morning,Sat,Oct,6,10,2024-10-12,11:52:15.499000,2024-10-12 11:52:15.499,2024,4,41,12,286,1,Coffee - Milk,Premium,Mid Morning
11,card,30.86,Americano with Milk,Morning,Sat,Oct,6,10,2024-10-12,11:53:41.093000,2024-10-12 11:53:41.093,2024,4,41,12,286,1,Coffee - Milk,Mid-Range,Mid Morning
13,card,35.76,Cappuccino,Afternoon,Sat,Oct,6,10,2024-10-12,13:18:47.055000,2024-10-12 13:18:47.055,2024,4,41,12,286,1,Coffee - Milk,Premium,Lunch Time
20,card,35.76,Latte,Night,Sat,Oct,6,10,2024-10-12,20:10:53.912000,2024-10-12 20:10:53.912,2024,4,41,12,286,1,Coffee - Milk,Premium,Evening
9,card,25.96,Cortado,Morning,Sun,Oct,7,10,2024-10-13,09:54:55.187000,2024-10-13 09:54:55.187,2024,4,41,13,287,1,Coffee - Milk,Standard,Mid Morning
12,card,30.86,Americano with Milk,Afternoon,Sun,Oct,7,10,2024-10-13,12:20:46.595000,2024-10-13 12:20:46.595,2024,4,41,13,287,1,Coffee - Milk,Mid-Range,Lunch Time
13,card,25.96,Cortado,Afternoon,Sun,Oct,7,10,2024-10-13,13:32:29.520000,2024-10-13 13:32:29.520,2024,4,41,13,287,1,Coffee - Milk,Standard,Lunch Time
13,card,21.06,Espresso,Afternoon,Sun,Oct,7,10,2024-10-13,13:33:29.385000,2024-10-13 13:33:29.385,2024,4,41,13,287,1,Coffee - Black,Standard,Lunch Time
13,card,25.96,Cortado,Afternoon,Sun,Oct,7,10,2024-10-13,13:34:25.907000,2024-10-13 13:34:25.907,2024,4,41,13,287,1,Coffee - Milk,Standard,Lunch Time
17,card,35.76,Latte,Night,Sun,Oct,7,10,2024-10-13,17:53:20.717000,2024-10-13 17:53:20.717,2024,4,41,13,287,1,Coffee - Milk,Premium,Afternoon
17,card,35.76,Latte,Night,Sun,Oct,7,10,2024-10-13,17:54:22.430000,2024-10-13 17:54:22.430,2024,4,41,13,287,1,Coffee - Milk,Premium,Afternoon
18,card,35.76,Cappuccino,Night,Sun,Oct,7,10,2024-10-13,18:22:58.819000,2024-10-13 18:22:58.819,2024,4,41,13,287,1,Coffee - Milk,Premium,Evening
20,card,35.76,Cappuccino,Night,Sun,Oct,7,10,2024-10-13,20:43:04.928000,2024-10-13 20:43:04.928,2024,4,41,13,287,1,Coffee - Milk,Premium,Evening
8,card,30.86,Americano with Milk,Morning,Mon,Oct,1,10,2024-10-14,08:26:54.639000,2024-10-14 08:26:54.639,2024,4,42,14,288,0,Coffee - Milk,Mid-Range,Early Morning
9,card,35.76,Cocoa,Morning,Mon,Oct,1,10,2024-10-14,09:49:54.551000,2024-10-14 09:49:54.551,2024,4,42,14,288,0,Non-Coffee,Premium,Mid Morning
10,card,25.96,Cortado,Morning,Mon,Oct,1,10,2024-10-14,10:27:51.106000,2024-10-14 10:27:51.106,2024,4,42,14,288,0,Coffee - Milk,Standard,Mid Morning
10,card,35.76,Latte,Morning,Mon,Oct,1,10,2024-10-14,10:38:06.758000,2024-10-14 10:38:06.758,2024,4,42,14,288,0,Coffee - Milk,Premium,Mid Morning
10,card,35.76,Latte,Morning,Mon,Oct,1,10,2024-10-14,10:39:13.716000,2024-10-14 10:39:13.716,2024,4,42,14,288,0,Coffee - Milk,Premium,Mid Morning
11,card,35.76,Cappuccino,Morning,Mon,Oct,1,10,2024-10-14,11:23:50.576000,2024-10-14 11:23:50.576,2024,4,42,14,288,0,Coffee - Milk,Premium,Mid Morning
11,card,25.96,Americano,Morning,Mon,Oct,1,10,2024-10-14,11:25:37.299000,2024-10-14 11:25:37.299,2024,4,42,14,288,0,Coffee - Black,Standard,Mid Morning
11,card,25.96,Americano,Morning,Mon,Oct,1,10,2024-10-14,11:26:45.245000,2024-10-14 11:26:45.245,2024,4,42,14,288,0,Coffee - Black,Standard,Mid Morning
14,card,35.76,Latte,Afternoon,Mon,Oct,1,10,2024-10-14,14:36:07.136000,2024-10-14 14:36:07.136,2024,4,42,14,288,0,Coffee - Milk,Premium,Lunch Time
14,card,35.76,Latte,Afternoon,Mon,Oct,1,10,2024-10-14,14:49:51.462000,2024-10-14 14:49:51.462,2024,4,42,14,288,0,Coffee - Milk,Premium,Lunch Time
16,card,25.96,Americano,Afternoon,Mon,Oct,1,10,2024-10-14,16:37:47.466000,2024-10-14 16:37:47.466,2024,4,42,14,288,0,Coffee - Black,Standard,Afternoon
18,card,35.76,Latte,Night,Mon,Oct,1,10,2024-10-14,18:19:19.191000,2024-10-14 18:19:19.191,2024,4,42,14,288,0,Coffee - Milk,Premium,Evening
18,card,35.76,Cappuccino,Night,Mon,Oct,1,10,2024-10-14,18:20:20.584000,2024-10-14 18:20:20.584,2024,4,42,14,288,0,Coffee - Milk,Premium,Evening
22,card,35.76,Latte,Night,Mon,Oct,1,10,2024-10-14,22:08:53.730000,2024-10-14 22:08:53.730,2024,4,42,14,288,0,Coffee - Milk,Premium,Evening
22,card,35.76,Latte,Night,Mon,Oct,1,10,2024-10-14,22:10:23.672000,2024-10-14 22:10:23.672,2024,4,42,14,288,0,Coffee - Milk,Premium,Evening
22,card,35.76,Latte,Night,Mon,Oct,1,10,2024-10-14,22:21:53.865000,2024-10-14 22:21:53.865,2024,4,42,14,288,0,Coffee - Milk,Premium,Evening
8,card,25.96,Cortado,Morning,Tue,Oct,2,10,2024-10-15,08:14:28.667000,2024-10-15 08:14:28.667,2024,4,42,15,289,0,Coffee - Milk,Standard,Early Morning
8,card,21.06,Espresso,Morning,Tue,Oct,2,10,2024-10-15,08:34:17.867000,2024-10-15 08:34:17.867,2024,4,42,15,289,0,Coffee - Black,Standard,Early Morning
11,card,35.76,Hot Chocolate,Morning,Tue,Oct,2,10,2024-10-15,11:13:21.963000,2024-10-15 11:13:21.963,2024,4,42,15,289,0,Non-Coffee,Premium,Mid Morning
11,card,35.76,Latte,Morning,Tue,Oct,2,10,2024-10-15,11:15:20.622000,2024-10-15 11:15:20.622,2024,4,42,15,289,0,Coffee - Milk,Premium,Mid Morning
11,card,35.76,Hot Chocolate,Morning,Tue,Oct,2,10,2024-10-15,11:16:27.469000,2024-10-15 11:16:27.469,2024,4,42,15,289,0,Non-Coffee,Premium,Mid Morning
13,card,35.76,Latte,Afternoon,Tue,Oct,2,10,2024-10-15,13:00:43.233000,2024-10-15 13:00:43.233,2024,4,42,15,289,0,Coffee - Milk,Premium,Lunch Time
13,card,30.86,Americano with Milk,Afternoon,Tue,Oct,2,10,2024-10-15,13:15:44.836000,2024-10-15 13:15:44.836,2024,4,42,15,289,0,Coffee - Milk,Mid-Range,Lunch Time
15,card,35.76,Latte,Afternoon,Tue,Oct,2,10,2024-10-15,15:32:11.278000,2024-10-15 15:32:11.278,2024,4,42,15,289,0,Coffee - Milk,Premium,Afternoon
15,card,25.96,Americano,Afternoon,Tue,Oct,2,10,2024-10-15,15:54:16.513000,2024-10-15 15:54:16.513,2024,4,42,15,289,0,Coffee - Black,Standard,Afternoon
15,card,21.06,Espresso,Afternoon,Tue,Oct,2,10,2024-10-15,15:55:19.039000,2024-10-15 15:55:19.039,2024,4,42,15,289,0,Coffee - Black,Standard,Afternoon
17,card,35.76,Hot Chocolate,Night,Tue,Oct,2,10,2024-10-15,17:04:11.335000,2024-10-15 17:04:11.335,2024,4,42,15,289,0,Non-Coffee,Premium,Afternoon
19,card,25.96,Americano,Night,Tue,Oct,2,10,2024-10-15,19:22:21.379000,2024-10-15 19:22:21.379,2024,4,42,15,289,0,Coffee - Black,Standard,Evening
19,card,35.76,Cocoa,Night,Tue,Oct,2,10,2024-10-15,19:23:17.353000,2024-10-15 19:23:17.353,2024,4,42,15,289,0,Non-Coffee,Premium,Evening
20,card,35.76,Latte,Night,Tue,Oct,2,10,2024-10-15,20:11:14.884000,2024-10-15 20:11:14.884,2024,4,42,15,289,0,Coffee - Milk,Premium,Evening
20,card,35.76,Latte,Night,Tue,Oct,2,10,2024-10-15,20:12:28.631000,2024-10-15 20:12:28.631,2024,4,42,15,289,0,Coffee - Milk,Premium,Evening
21,card,35.76,Hot Chocolate,Night,Tue,Oct,2,10,2024-10-15,21:18:08.409000,2024-10-15 21:18:08.409,2024,4,42,15,289,0,Non-Coffee,Premium,Evening
21,card,35.76,Hot Chocolate,Night,Tue,Oct,2,10,2024-10-15,21:35:19.943000,2024-10-15 21:35:19.943,2024,4,42,15,289,0,Non-Coffee,Premium,Evening
22,card,35.76,Latte,Night,Tue,Oct,2,10,2024-10-15,22:15:19.653000,2024-10-15 22:15:19.653,2024,4,42,15,289,0,Coffee - Milk,Premium,Evening
8,card,30.86,Americano with Milk,Morning,Wed,Oct,3,10,2024-10-16,08:21:26.013000,2024-10-16 08:21:26.013,2024,4,42,16,290,0,Coffee - Milk,Mid-Range,Early Morning
8,card,35.76,Hot Chocolate,Morning,Wed,Oct,3,10,2024-10-16,08:36:23.588000,2024-10-16 08:36:23.588,2024,4,42,16,290,0,Non-Coffee,Premium,Early Morning
9,card,35.76,Latte,Morning,Wed,Oct,3,10,2024-10-16,09:25:51.175000,2024-10-16 09:25:51.175,2024,4,42,16,290,0,Coffee - Milk,Premium,Mid Morning
10,card,30.86,Americano with Milk,Morning,Wed,Oct,3,10,2024-10-16,10:15:47.944000,2024-10-16 10:15:47.944,2024,4,42,16,290,0,Coffee - Milk,Mid-Range,Mid Morning
10,card,30.86,Americano with Milk,Morning,Wed,Oct,3,10,2024-10-16,10:16:53.739000,2024-10-16 10:16:53.739,2024,4,42,16,290,0,Coffee - Milk,Mid-Range,Mid Morning
10,card,30.86,Americano with Milk,Morning,Wed,Oct,3,10,2024-10-16,10:45:24.963000,2024-10-16 10:45:24.963,2024,4,42,16,290,0,Coffee - Milk,Mid-Range,Mid Morning
11,card,25.96,Americano,Morning,Wed,Oct,3,10,2024-10-16,11:49:44.633000,2024-10-16 11:49:44.633,2024,4,42,16,290,0,Coffee - Black,Standard,Mid Morning
12,card,30.86,Americano with Milk,Afternoon,Wed,Oct,3,10,2024-10-16,12:29:44.254000,2024-10-16 12:29:44.254,2024,4,42,16,290,0,Coffee - Milk,Mid-Range,Lunch Time
13,card,25.96,Americano,Afternoon,Wed,Oct,3,10,2024-10-16,13:20:10.470000,2024-10-16 13:20:10.470,2024,4,42,16,290,0,Coffee - Black,Standard,Lunch Time
16,card,35.76,Latte,Afternoon,Wed,Oct,3,10,2024-10-16,16:45:29.537000,2024-10-16 16:45:29.537,2024,4,42,16,290,0,Coffee - Milk,Premium,Afternoon
17,card,30.86,Americano with Milk,Night,Wed,Oct,3,10,2024-10-16,17:43:20.657000,2024-10-16 17:43:20.657,2024,4,42,16,290,0,Coffee - Milk,Mid-Range,Afternoon
19,card,30.86,Americano with Milk,Night,Wed,Oct,3,10,2024-10-16,19:37:42.411000,2024-10-16 19:37:42.411,2024,4,42,16,290,0,Coffee - Milk,Mid-Range,Evening
19,card,30.86,Americano with Milk,Night,Wed,Oct,3,10,2024-10-16,19:38:36.648000,2024-10-16 19:38:36.648,2024,4,42,16,290,0,Coffee - Milk,Mid-Range,Evening
21,card,35.76,Hot Chocolate,Night,Wed,Oct,3,10,2024-10-16,21:20:28.533000,2024-10-16 21:20:28.533,2024,4,42,16,290,0,Non-Coffee,Premium,Evening
7,card,35.76,Latte,Morning,Thu,Oct,4,10,2024-10-17,07:47:00.921000,2024-10-17 07:47:00.921,2024,4,42,17,291,0,Coffee - Milk,Premium,Early Morning
7,card,35.76,Latte,Morning,Thu,Oct,4,10,2024-10-17,07:58:06.763000,2024-10-17 07:58:06.763,2024,4,42,17,291,0,Coffee - Milk,Premium,Early Morning
9,card,30.86,Americano with Milk,Morning,Thu,Oct,4,10,2024-10-17,09:24:27.162000,2024-10-17 09:24:27.162,2024,4,42,17,291,0,Coffee - Milk,Mid-Range,Mid Morning
10,card,35.76,Latte,Morning,Thu,Oct,4,10,2024-10-17,10:26:37.790000,2024-10-17 10:26:37.790,2024,4,42,17,291,0,Coffee - Milk,Premium,Mid Morning
10,card,35.76,Hot Chocolate,Morning,Thu,Oct,4,10,2024-10-17,10:44:54.232000,2024-10-17 10:44:54.232,2024,4,42,17,291,0,Non-Coffee,Premium,Mid Morning
11,card,30.86,Americano with Milk,Morning,Thu,Oct,4,10,2024-10-17,11:59:26.853000,2024-10-17 11:59:26.853,2024,4,42,17,291,0,Coffee - Milk,Mid-Range,Mid Morning
13,card,35.76,Latte,Afternoon,Thu,Oct,4,10,2024-10-17,13:57:24.895000,2024-10-17 13:57:24.895,2024,4,42,17,291,0,Coffee - Milk,Premium,Lunch Time
14,card,25.96,Americano,Afternoon,Thu,Oct,4,10,2024-10-17,14:34:42.598000,2024-10-17 14:34:42.598,2024,4,42,17,291,0,Coffee - Black,Standard,Lunch Time
16,card,35.76,Hot Chocolate,Afternoon,Thu,Oct,4,10,2024-10-17,16:37:12.586000,2024-10-17 16:37:12.586,2024,4,42,17,291,0,Non-Coffee,Premium,Afternoon
16,card,35.76,Hot Chocolate,Afternoon,Thu,Oct,4,10,2024-10-17,16:38:17.969000,2024-10-17 16:38:17.969,2024,4,42,17,291,0,Non-Coffee,Premium,Afternoon
16,card,35.76,Latte,Afternoon,Thu,Oct,4,10,2024-10-17,16:39:09.606000,2024-10-17 16:39:09.606,2024,4,42,17,291,0,Coffee - Milk,Premium,Afternoon
16,card,35.76,Hot Chocolate,Afternoon,Thu,Oct,4,10,2024-10-17,16:48:35.857000,2024-10-17 16:48:35.857,2024,4,42,17,291,0,Non-Coffee,Premium,Afternoon
16,card,35.76,Hot Chocolate,Afternoon,Thu,Oct,4,10,2024-10-17,16:49:33.156000,2024-10-17 16:49:33.156,2024,4,42,17,291,0,Non-Coffee,Premium,Afternoon
17,card,35.76,Cappuccino,Night,Thu,Oct,4,10,2024-10-17,17:08:27.751000,2024-10-17 17:08:27.751,2024,4,42,17,291,0,Coffee - Milk,Premium,Afternoon
17,card,35.76,Hot Chocolate,Night,Thu,Oct,4,10,2024-10-17,17:09:30.303000,2024-10-17 17:09:30.303,2024,4,42,17,291,0,Non-Coffee,Premium,Afternoon
19,card,35.76,Latte,Night,Thu,Oct,4,10,2024-10-17,19:43:12.167000,2024-10-17 19:43:12.167,2024,4,42,17,291,0,Coffee - Milk,Premium,Evening
20,card,30.86,Americano with Milk,Night,Thu,Oct,4,10,2024-10-17,20:11:36.404000,2024-10-17 20:11:36.404,2024,4,42,17,291,0,Coffee - Milk,Mid-Range,Evening
21,card,35.76,Latte,Night,Thu,Oct,4,10,2024-10-17,21:46:12.945000,2024-10-17 21:46:12.945,2024,4,42,17,291,0,Coffee - Milk,Premium,Evening
21,card,35.76,Latte,Night,Thu,Oct,4,10,2024-10-17,21:47:20.461000,2024-10-17 21:47:20.461,2024,4,42,17,291,0,Coffee - Milk,Premium,Evening
21,card,35.76,Latte,Night,Thu,Oct,4,10,2024-10-17,21:48:31.699000,2024-10-17 21:48:31.699,2024,4,42,17,291,0,Coffee - Milk,Premium,Evening
21,card,35.76,Hot Chocolate,Night,Thu,Oct,4,10,2024-10-17,21:49:54.619000,2024-10-17 21:49:54.619,2024,4,42,17,291,0,Non-Coffee,Premium,Evening
8,card,35.76,Cocoa,Morning,Fri,Oct,5,10,2024-10-18,08:41:59.489000,2024-10-18 08:41:59.489,2024,4,42,18,292,0,Non-Coffee,Premium,Early Morning
8,card,35.76,Cocoa,Morning,Fri,Oct,5,10,2024-10-18,08:42:59.176000,2024-10-18 08:42:59.176,2024,4,42,18,292,0,Non-Coffee,Premium,Early Morning
9,card,35.76,Cocoa,Morning,Fri,Oct,5,10,2024-10-18,09:32:41.501000,2024-10-18 09:32:41.501,2024,4,42,18,292,0,Non-Coffee,Premium,Mid Morning
9,card,35.76,Cocoa,Morning,Fri,Oct,5,10,2024-10-18,09:34:08.021000,2024-10-18 09:34:08.021,2024,4,42,18,292,0,Non-Coffee,Premium,Mid Morning
9,card,35.76,Cappuccino,Morning,Fri,Oct,5,10,2024-10-18,09:55:20.229000,2024-10-18 09:55:20.229,2024,4,42,18,292,0,Coffee - Milk,Premium,Mid Morning
11,card,35.76,Cappuccino,Morning,Fri,Oct,5,10,2024-10-18,11:54:58.816000,2024-10-18 11:54:58.816,2024,4,42,18,292,0,Coffee - Milk,Premium,Mid Morning
14,card,35.76,Latte,Afternoon,Fri,Oct,5,10,2024-10-18,14:51:04.117000,2024-10-18 14:51:04.117,2024,4,42,18,292,0,Coffee - Milk,Premium,Lunch Time
14,card,35.76,Cappuccino,Afternoon,Fri,Oct,5,10,2024-10-18,14:52:15.325000,2024-10-18 14:52:15.325,2024,4,42,18,292,0,Coffee - Milk,Premium,Lunch Time
15,card,25.96,Americano,Afternoon,Fri,Oct,5,10,2024-10-18,15:39:19.970000,2024-10-18 15:39:19.970,2024,4,42,18,292,0,Coffee - Black,Standard,Afternoon
16,card,35.76,Latte,Afternoon,Fri,Oct,5,10,2024-10-18,16:09:57.876000,2024-10-18 16:09:57.876,2024,4,42,18,292,0,Coffee - Milk,Premium,Afternoon
17,card,35.76,Hot Chocolate,Night,Fri,Oct,5,10,2024-10-18,17:45:38.978000,2024-10-18 17:45:38.978,2024,4,42,18,292,0,Non-Coffee,Premium,Afternoon
21,card,35.76,Cocoa,Night,Fri,Oct,5,10,2024-10-18,21:14:40.243000,2024-10-18 21:14:40.243,2024,4,42,18,292,0,Non-Coffee,Premium,Evening
21,card,35.76,Cocoa,Night,Fri,Oct,5,10,2024-10-18,21:15:22.513000,2024-10-18 21:15:22.513,2024,4,42,18,292,0,Non-Coffee,Premium,Evening
21,card,30.86,Americano with Milk,Night,Fri,Oct,5,10,2024-10-18,21:52:23.408000,2024-10-18 21:52:23.408,2024,4,42,18,292,0,Coffee - Milk,Mid-Range,Evening
22,card,35.76,Latte,Night,Fri,Oct,5,10,2024-10-18,22:03:26.964000,2024-10-18 22:03:26.964,2024,4,42,18,292,0,Coffee - Milk,Premium,Evening
8,card,30.86,Americano with Milk,Morning,Sat,Oct,6,10,2024-10-19,08:34:13.654000,2024-10-19 08:34:13.654,2024,4,42,19,293,1,Coffee - Milk,Mid-Range,Early Morning
13,card,35.76,Latte,Afternoon,Sat,Oct,6,10,2024-10-19,13:22:06.088000,2024-10-19 13:22:06.088,2024,4,42,19,293,1,Coffee - Milk,Premium,Lunch Time
14,card,35.76,Cappuccino,Afternoon,Sat,Oct,6,10,2024-10-19,14:10:32.609000,2024-10-19 14:10:32.609,2024,4,42,19,293,1,Coffee - Milk,Premium,Lunch Time
15,card,35.76,Hot Chocolate,Afternoon,Sat,Oct,6,10,2024-10-19,15:56:55.218000,2024-10-19 15:56:55.218,2024,4,42,19,293,1,Non-Coffee,Premium,Afternoon
15,card,35.76,Latte,Afternoon,Sat,Oct,6,10,2024-10-19,15:59:24.076000,2024-10-19 15:59:24.076,2024,4,42,19,293,1,Coffee - Milk,Premium,Afternoon
16,card,35.76,Latte,Afternoon,Sat,Oct,6,10,2024-10-19,16:02:45.831000,2024-10-19 16:02:45.831,2024,4,42,19,293,1,Coffee - Milk,Premium,Afternoon
16,card,35.76,Latte,Afternoon,Sat,Oct,6,10,2024-10-19,16:17:42.515000,2024-10-19 16:17:42.515,2024,4,42,19,293,1,Coffee - Milk,Premium,Afternoon
21,card,35.76,Cocoa,Night,Sat,Oct,6,10,2024-10-19,21:46:45.517000,2024-10-19 21:46:45.517,2024,4,42,19,293,1,Non-Coffee,Premium,Evening
22,card,35.76,Cappuccino,Night,Sat,Oct,6,10,2024-10-19,22:46:37.697000,2024-10-19 22:46:37.697,2024,4,42,19,293,1,Coffee - Milk,Premium,Evening
8,card,35.76,Latte,Morning,Sun,Oct,7,10,2024-10-20,08:40:43.966000,2024-10-20 08:40:43.966,2024,4,42,20,294,1,Coffee - Milk,Premium,Early Morning
8,card,35.76,Cocoa,Morning,Sun,Oct,7,10,2024-10-20,08:41:50.471000,2024-10-20 08:41:50.471,2024,4,42,20,294,1,Non-Coffee,Premium,Early Morning
11,card,35.76,Latte,Morning,Sun,Oct,7,10,2024-10-20,11:16:51.841000,2024-10-20 11:16:51.841,2024,4,42,20,294,1,Coffee - Milk,Premium,Mid Morning
14,card,35.76,Hot Chocolate,Afternoon,Sun,Oct,7,10,2024-10-20,14:28:46.044000,2024-10-20 14:28:46.044,2024,4,42,20,294,1,Non-Coffee,Premium,Lunch Time
14,card,25.96,Cortado,Afternoon,Sun,Oct,7,10,2024-10-20,14:29:43.545000,2024-10-20 14:29:43.545,2024,4,42,20,294,1,Coffee - Milk,Standard,Lunch Time
15,card,30.86,Americano with Milk,Afternoon,Sun,Oct,7,10,2024-10-20,15:52:45.055000,2024-10-20 15:52:45.055,2024,4,42,20,294,1,Coffee - Milk,Mid-Range,Afternoon
16,card,35.76,Latte,Afternoon,Sun,Oct,7,10,2024-10-20,16:45:09.783000,2024-10-20 16:45:09.783,2024,4,42,20,294,1,Coffee - Milk,Premium,Afternoon
16,card,35.76,Latte,Afternoon,Sun,Oct,7,10,2024-10-20,16:46:04.815000,2024-10-20 16:46:04.815,2024,4,42,20,294,1,Coffee - Milk,Premium,Afternoon
17,card,35.76,Latte,Night,Sun,Oct,7,10,2024-10-20,17:27:05.827000,2024-10-20 17:27:05.827,2024,4,42,20,294,1,Coffee - Milk,Premium,Afternoon
18,card,35.76,Cocoa,Night,Sun,Oct,7,10,2024-10-20,18:34:16.387000,2024-10-20 18:34:16.387,2024,4,42,20,294,1,Non-Coffee,Premium,Evening
18,card,35.76,Cocoa,Night,Sun,Oct,7,10,2024-10-20,18:35:08.162000,2024-10-20 18:35:08.162,2024,4,42,20,294,1,Non-Coffee,Premium,Evening
21,card,35.76,Hot Chocolate,Night,Sun,Oct,7,10,2024-10-20,21:14:18.045000,2024-10-20 21:14:18.045,2024,4,42,20,294,1,Non-Coffee,Premium,Evening
21,card,25.96,Cortado,Night,Sun,Oct,7,10,2024-10-20,21:15:17.780000,2024-10-20 21:15:17.780,2024,4,42,20,294,1,Coffee - Milk,Standard,Evening
21,card,35.76,Cocoa,Night,Sun,Oct,7,10,2024-10-20,21:17:26.865000,2024-10-20 21:17:26.865,2024,4,42,20,294,1,Non-Coffee,Premium,Evening
21,card,35.76,Latte,Night,Sun,Oct,7,10,2024-10-20,21:25:00.085000,2024-10-20 21:25:00.085,2024,4,42,20,294,1,Coffee - Milk,Premium,Evening
22,card,35.76,Cappuccino,Night,Sun,Oct,7,10,2024-10-20,22:17:29.041000,2024-10-20 22:17:29.041,2024,4,42,20,294,1,Coffee - Milk,Premium,Evening
7,card,35.76,Latte,Morning,Mon,Oct,1,10,2024-10-21,07:48:43.087000,2024-10-21 07:48:43.087,2024,4,43,21,295,0,Coffee - Milk,Premium,Early Morning
8,card,35.76,Latte,Morning,Mon,Oct,1,10,2024-10-21,08:19:56.383000,2024-10-21 08:19:56.383,2024,4,43,21,295,0,Coffee - Milk,Premium,Early Morning
9,card,30.86,Americano with Milk,Morning,Mon,Oct,1,10,2024-10-21,09:04:54.434000,2024-10-21 09:04:54.434,2024,4,43,21,295,0,Coffee - Milk,Mid-Range,Mid Morning
9,card,35.76,Latte,Morning,Mon,Oct,1,10,2024-10-21,09:34:25.547000,2024-10-21 09:34:25.547,2024,4,43,21,295,0,Coffee - Milk,Premium,Mid Morning
10,card,25.96,Americano,Morning,Mon,Oct,1,10,2024-10-21,10:25:09.344000,2024-10-21 10:25:09.344,2024,4,43,21,295,0,Coffee - Black,Standard,Mid Morning
10,card,25.96,Cortado,Morning,Mon,Oct,1,10,2024-10-21,10:41:44.725000,2024-10-21 10:41:44.725,2024,4,43,21,295,0,Coffee - Milk,Standard,Mid Morning
10,card,25.96,Cortado,Morning,Mon,Oct,1,10,2024-10-21,10:42:35.555000,2024-10-21 10:42:35.555,2024,4,43,21,295,0,Coffee - Milk,Standard,Mid Morning
11,card,21.06,Espresso,Morning,Mon,Oct,1,10,2024-10-21,11:27:41.654000,2024-10-21 11:27:41.654,2024,4,43,21,295,0,Coffee - Black,Standard,Mid Morning
12,card,35.76,Cappuccino,Afternoon,Mon,Oct,1,10,2024-10-21,12:40:24.294000,2024-10-21 12:40:24.294,2024,4,43,21,295,0,Coffee - Milk,Premium,Lunch Time
14,card,35.76,Latte,Afternoon,Mon,Oct,1,10,2024-10-21,14:42:56.049000,2024-10-21 14:42:56.049,2024,4,43,21,295,0,Coffee - Milk,Premium,Lunch Time
14,card,35.76,Latte,Afternoon,Mon,Oct,1,10,2024-10-21,14:43:58.047000,2024-10-21 14:43:58.047,2024,4,43,21,295,0,Coffee - Milk,Premium,Lunch Time
15,card,30.86,Americano with Milk,Afternoon,Mon,Oct,1,10,2024-10-21,15:27:02.441000,2024-10-21 15:27:02.441,2024,4,43,21,295,0,Coffee - Milk,Mid-Range,Afternoon
15,card,25.96,Cortado,Afternoon,Mon,Oct,1,10,2024-10-21,15:39:04.686000,2024-10-21 15:39:04.686,2024,4,43,21,295,0,Coffee - Milk,Standard,Afternoon
16,card,35.76,Cocoa,Afternoon,Mon,Oct,1,10,2024-10-21,16:42:57.468000,2024-10-21 16:42:57.468,2024,4,43,21,295,0,Non-Coffee,Premium,Afternoon
16,card,35.76,Latte,Afternoon,Mon,Oct,1,10,2024-10-21,16:55:22.549000,2024-10-21 16:55:22.549,2024,4,43,21,295,0,Coffee - Milk,Premium,Afternoon
19,card,35.76,Hot Chocolate,Night,Mon,Oct,1,10,2024-10-21,19:21:13.352000,2024-10-21 19:21:13.352,2024,4,43,21,295,0,Non-Coffee,Premium,Evening
21,card,35.76,Latte,Night,Mon,Oct,1,10,2024-10-21,21:05:36.106000,2024-10-21 21:05:36.106,2024,4,43,21,295,0,Coffee - Milk,Premium,Evening
22,card,35.76,Cocoa,Night,Mon,Oct,1,10,2024-10-21,22:30:44.450000,2024-10-21 22:30:44.450,2024,4,43,21,295,0,Non-Coffee,Premium,Evening
22,card,35.76,Hot Chocolate,Night,Mon,Oct,1,10,2024-10-21,22:31:33.966000,2024-10-21 22:31:33.966,2024,4,43,21,295,0,Non-Coffee,Premium,Evening
7,card,35.76,Latte,Morning,Tue,Oct,2,10,2024-10-22,07:32:59.530000,2024-10-22 07:32:59.530,2024,4,43,22,296,0,Coffee - Milk,Premium,Early Morning
7,card,35.76,Cappuccino,Morning,Tue,Oct,2,10,2024-10-22,07:34:00.044000,2024-10-22 07:34:00.044,2024,4,43,22,296,0,Coffee - Milk,Premium,Early Morning
8,card,30.86,Americano with Milk,Morning,Tue,Oct,2,10,2024-10-22,08:25:32.220000,2024-10-22 08:25:32.220,2024,4,43,22,296,0,Coffee - Milk,Mid-Range,Early Morning
9,card,25.96,Cortado,Morning,Tue,Oct,2,10,2024-10-22,09:17:50.407000,2024-10-22 09:17:50.407,2024,4,43,22,296,0,Coffee - Milk,Standard,Mid Morning
10,card,21.06,Espresso,Morning,Tue,Oct,2,10,2024-10-22,10:51:32.286000,2024-10-22 10:51:32.286,2024,4,43,22,296,0,Coffee - Black,Standard,Mid Morning
10,card,25.96,Cortado,Morning,Tue,Oct,2,10,2024-10-22,10:52:17.101000,2024-10-22 10:52:17.101,2024,4,43,22,296,0,Coffee - Milk,Standard,Mid Morning
18,card,25.96,Americano,Night,Tue,Oct,2,10,2024-10-22,18:07:02.574000,2024-10-22 18:07:02.574,2024,4,43,22,296,0,Coffee - Black,Standard,Evening
19,card,35.76,Hot Chocolate,Night,Tue,Oct,2,10,2024-10-22,19:46:39.213000,2024-10-22 19:46:39.213,2024,4,43,22,296,0,Non-Coffee,Premium,Evening
19,card,35.76,Latte,Night,Tue,Oct,2,10,2024-10-22,19:47:50.466000,2024-10-22 19:47:50.466,2024,4,43,22,296,0,Coffee - Milk,Premium,Evening
7,card,35.76,Latte,Morning,Wed,Oct,3,10,2024-10-23,07:58:06.767000,2024-10-23 07:58:06.767,2024,4,43,23,297,0,Coffee - Milk,Premium,Early Morning
8,card,30.86,Americano with Milk,Morning,Wed,Oct,3,10,2024-10-23,08:45:14.798000,2024-10-23 08:45:14.798,2024,4,43,23,297,0,Coffee - Milk,Mid-Range,Early Morning
10,card,25.96,Cortado,Morning,Wed,Oct,3,10,2024-10-23,10:24:57.789000,2024-10-23 10:24:57.789,2024,4,43,23,297,0,Coffee - Milk,Standard,Mid Morning
12,card,30.86,Americano with Milk,Afternoon,Wed,Oct,3,10,2024-10-23,12:31:05.425000,2024-10-23 12:31:05.425,2024,4,43,23,297,0,Coffee - Milk,Mid-Range,Lunch Time
16,card,30.86,Americano with Milk,Afternoon,Wed,Oct,3,10,2024-10-23,16:20:02.262000,2024-10-23 16:20:02.262,2024,4,43,23,297,0,Coffee - Milk,Mid-Range,Afternoon
16,card,30.86,Americano with Milk,Afternoon,Wed,Oct,3,10,2024-10-23,16:21:09.035000,2024-10-23 16:21:09.035,2024,4,43,23,297,0,Coffee - Milk,Mid-Range,Afternoon
16,card,35.76,Cappuccino,Afternoon,Wed,Oct,3,10,2024-10-23,16:42:30.220000,2024-10-23 16:42:30.220,2024,4,43,23,297,0,Coffee - Milk,Premium,Afternoon
17,card,21.06,Espresso,Night,Wed,Oct,3,10,2024-10-23,17:02:46.329000,2024-10-23 17:02:46.329,2024,4,43,23,297,0,Coffee - Black,Standard,Afternoon
18,card,35.76,Cocoa,Night,Wed,Oct,3,10,2024-10-23,18:58:58.511000,2024-10-23 18:58:58.511,2024,4,43,23,297,0,Non-Coffee,Premium,Evening
19,card,35.76,Cappuccino,Night,Wed,Oct,3,10,2024-10-23,19:00:43.029000,2024-10-23 19:00:43.029,2024,4,43,23,297,0,Coffee - Milk,Premium,Evening
21,card,30.86,Americano with Milk,Night,Wed,Oct,3,10,2024-10-23,21:57:20.745000,2024-10-23 21:57:20.745,2024,4,43,23,297,0,Coffee - Milk,Mid-Range,Evening
21,card,35.76,Hot Chocolate,Night,Wed,Oct,3,10,2024-10-23,21:58:23.747000,2024-10-23 21:58:23.747,2024,4,43,23,297,0,Non-Coffee,Premium,Evening
22,card,35.76,Latte,Night,Wed,Oct,3,10,2024-10-23,22:23:38.310000,2024-10-23 22:23:38.310,2024,4,43,23,297,0,Coffee - Milk,Premium,Evening
12,card,25.96,Americano,Afternoon,Thu,Oct,4,10,2024-10-24,12:07:46.562000,2024-10-24 12:07:46.562,2024,4,43,24,298,0,Coffee - Black,Standard,Lunch Time
13,card,35.76,Cappuccino,Afternoon,Thu,Oct,4,10,2024-10-24,13:23:59.581000,2024-10-24 13:23:59.581,2024,4,43,24,298,0,Coffee - Milk,Premium,Lunch Time
14,card,35.76,Cappuccino,Afternoon,Thu,Oct,4,10,2024-10-24,14:09:46.711000,2024-10-24 14:09:46.711,2024,4,43,24,298,0,Coffee - Milk,Premium,Lunch Time
14,card,35.76,Hot Chocolate,Afternoon,Thu,Oct,4,10,2024-10-24,14:49:01.859000,2024-10-24 14:49:01.859,2024,4,43,24,298,0,Non-Coffee,Premium,Lunch Time
14,card,35.76,Latte,Afternoon,Thu,Oct,4,10,2024-10-24,14:49:49.340000,2024-10-24 14:49:49.340,2024,4,43,24,298,0,Coffee - Milk,Premium,Lunch Time
15,card,35.76,Latte,Afternoon,Thu,Oct,4,10,2024-10-24,15:47:32.792000,2024-10-24 15:47:32.792,2024,4,43,24,298,0,Coffee - Milk,Premium,Afternoon
15,card,35.76,Latte,Afternoon,Thu,Oct,4,10,2024-10-24,15:48:29.937000,2024-10-24 15:48:29.937,2024,4,43,24,298,0,Coffee - Milk,Premium,Afternoon
18,card,25.96,Americano,Night,Thu,Oct,4,10,2024-10-24,18:53:47.318000,2024-10-24 18:53:47.318,2024,4,43,24,298,0,Coffee - Black,Standard,Evening
18,card,25.96,Americano,Night,Thu,Oct,4,10,2024-10-24,18:55:07.574000,2024-10-24 18:55:07.574,2024,4,43,24,298,0,Coffee - Black,Standard,Evening
19,card,35.76,Latte,Night,Thu,Oct,4,10,2024-10-24,19:50:18.736000,2024-10-24 19:50:18.736,2024,4,43,24,298,0,Coffee - Milk,Premium,Evening
20,card,25.96,Americano,Night,Thu,Oct,4,10,2024-10-24,20:44:11.476000,2024-10-24 20:44:11.476,2024,4,43,24,298,0,Coffee - Black,Standard,Evening
21,card,35.76,Hot Chocolate,Night,Thu,Oct,4,10,2024-10-24,21:14:44.888000,2024-10-24 21:14:44.888,2024,4,43,24,298,0,Non-Coffee,Premium,Evening
21,card,35.76,Hot Chocolate,Night,Thu,Oct,4,10,2024-10-24,21:15:29.126000,2024-10-24 21:15:29.126,2024,4,43,24,298,0,Non-Coffee,Premium,Evening
21,card,35.76,Hot Chocolate,Night,Thu,Oct,4,10,2024-10-24,21:56:20.063000,2024-10-24 21:56:20.063,2024,4,43,24,298,0,Non-Coffee,Premium,Evening
21,card,35.76,Cappuccino,Night,Thu,Oct,4,10,2024-10-24,21:57:10.028000,2024-10-24 21:57:10.028,2024,4,43,24,298,0,Coffee - Milk,Premium,Evening
7,card,35.76,Cappuccino,Morning,Fri,Oct,5,10,2024-10-25,07:38:11.145000,2024-10-25 07:38:11.145,2024,4,43,25,299,0,Coffee - Milk,Premium,Early Morning
7,card,21.06,Espresso,Morning,Fri,Oct,5,10,2024-10-25,07:45:22.853000,2024-10-25 07:45:22.853,2024,4,43,25,299,0,Coffee - Black,Standard,Early Morning
8,card,35.76,Cocoa,Morning,Fri,Oct,5,10,2024-10-25,08:10:04.813000,2024-10-25 08:10:04.813,2024,4,43,25,299,0,Non-Coffee,Premium,Early Morning
8,card,35.76,Latte,Morning,Fri,Oct,5,10,2024-10-25,08:10:54.567000,2024-10-25 08:10:54.567,2024,4,43,25,299,0,Coffee - Milk,Premium,Early Morning
8,card,35.76,Cocoa,Morning,Fri,Oct,5,10,2024-10-25,08:18:49.780000,2024-10-25 08:18:49.780,2024,4,43,25,299,0,Non-Coffee,Premium,Early Morning
10,card,25.96,Americano,Morning,Fri,Oct,5,10,2024-10-25,10:03:28.304000,2024-10-25 10:03:28.304,2024,4,43,25,299,0,Coffee - Black,Standard,Mid Morning
10,card,25.96,Americano,Morning,Fri,Oct,5,10,2024-10-25,10:05:21.012000,2024-10-25 10:05:21.012,2024,4,43,25,299,0,Coffee - Black,Standard,Mid Morning
10,card,30.86,Americano with Milk,Morning,Fri,Oct,5,10,2024-10-25,10:51:01.298000,2024-10-25 10:51:01.298,2024,4,43,25,299,0,Coffee - Milk,Mid-Range,Mid Morning
11,card,35.76,Cocoa,Morning,Fri,Oct,5,10,2024-10-25,11:49:42.876000,2024-10-25 11:49:42.876,2024,4,43,25,299,0,Non-Coffee,Premium,Mid Morning
11,card,35.76,Cocoa,Morning,Fri,Oct,5,10,2024-10-25,11:50:30.398000,2024-10-25 11:50:30.398,2024,4,43,25,299,0,Non-Coffee,Premium,Mid Morning
12,card,25.96,Cortado,Afternoon,Fri,Oct,5,10,2024-10-25,12:06:50.176000,2024-10-25 12:06:50.176,2024,4,43,25,299,0,Coffee - Milk,Standard,Lunch Time
12,card,35.76,Latte,Afternoon,Fri,Oct,5,10,2024-10-25,12:40:37.466000,2024-10-25 12:40:37.466,2024,4,43,25,299,0,Coffee - Milk,Premium,Lunch Time
14,card,35.76,Cappuccino,Afternoon,Fri,Oct,5,10,2024-10-25,14:23:16.568000,2024-10-25 14:23:16.568,2024,4,43,25,299,0,Coffee - Milk,Premium,Lunch Time
22,card,35.76,Hot Chocolate,Night,Fri,Oct,5,10,2024-10-25,22:19:23.959000,2024-10-25 22:19:23.959,2024,4,43,25,299,0,Non-Coffee,Premium,Evening
22,card,21.06,Espresso,Night,Fri,Oct,5,10,2024-10-25,22:22:31.745000,2024-10-25 22:22:31.745,2024,4,43,25,299,0,Coffee - Black,Standard,Evening
7,card,35.76,Cappuccino,Morning,Sat,Oct,6,10,2024-10-26,07:49:59.226000,2024-10-26 07:49:59.226,2024,4,43,26,300,1,Coffee - Milk,Premium,Early Morning
8,card,25.96,Cortado,Morning,Sat,Oct,6,10,2024-10-26,08:41:44.502000,2024-10-26 08:41:44.502,2024,4,43,26,300,1,Coffee - Milk,Standard,Early Morning
8,card,35.76,Cappuccino,Morning,Sat,Oct,6,10,2024-10-26,08:52:59.556000,2024-10-26 08:52:59.556,2024,4,43,26,300,1,Coffee - Milk,Premium,Early Morning
10,card,25.96,Americano,Morning,Sat,Oct,6,10,2024-10-26,10:24:38.301000,2024-10-26 10:24:38.301,2024,4,43,26,300,1,Coffee - Black,Standard,Mid Morning
12,card,35.76,Cocoa,Afternoon,Sat,Oct,6,10,2024-10-26,12:18:09.342000,2024-10-26 12:18:09.342,2024,4,43,26,300,1,Non-Coffee,Premium,Lunch Time
13,card,35.76,Latte,Afternoon,Sat,Oct,6,10,2024-10-26,13:03:31.039000,2024-10-26 13:03:31.039,2024,4,43,26,300,1,Coffee - Milk,Premium,Lunch Time
14,card,35.76,Latte,Afternoon,Sat,Oct,6,10,2024-10-26,14:34:58.654000,2024-10-26 14:34:58.654,2024,4,43,26,300,1,Coffee - Milk,Premium,Lunch Time
14,card,30.86,Americano with Milk,Afternoon,Sat,Oct,6,10,2024-10-26,14:36:14.943000,2024-10-26 14:36:14.943,2024,4,43,26,300,1,Coffee - Milk,Mid-Range,Lunch Time
15,card,25.96,Cortado,Afternoon,Sat,Oct,6,10,2024-10-26,15:05:22.072000,2024-10-26 15:05:22.072,2024,4,43,26,300,1,Coffee - Milk,Standard,Afternoon
15,card,25.96,Cortado,Afternoon,Sat,Oct,6,10,2024-10-26,15:06:19.074000,2024-10-26 15:06:19.074,2024,4,43,26,300,1,Coffee - Milk,Standard,Afternoon
15,card,35.76,Latte,Afternoon,Sat,Oct,6,10,2024-10-26,15:38:28.729000,2024-10-26 15:38:28.729,2024,4,43,26,300,1,Coffee - Milk,Premium,Afternoon
15,card,35.76,Latte,Afternoon,Sat,Oct,6,10,2024-10-26,15:39:29.573000,2024-10-26 15:39:29.573,2024,4,43,26,300,1,Coffee - Milk,Premium,Afternoon
15,card,30.86,Americano with Milk,Afternoon,Sat,Oct,6,10,2024-10-26,15:52:01.660000,2024-10-26 15:52:01.660,2024,4,43,26,300,1,Coffee - Milk,Mid-Range,Afternoon
15,card,30.86,Americano with Milk,Afternoon,Sat,Oct,6,10,2024-10-26,15:53:21.506000,2024-10-26 15:53:21.506,2024,4,43,26,300,1,Coffee - Milk,Mid-Range,Afternoon
19,card,35.76,Cappuccino,Night,Sat,Oct,6,10,2024-10-26,19:19:21.305000,2024-10-26 19:19:21.305,2024,4,43,26,300,1,Coffee - Milk,Premium,Evening
20,card,30.86,Americano with Milk,Night,Sat,Oct,6,10,2024-10-26,20:34:46.718000,2024-10-26 20:34:46.718,2024,4,43,26,300,1,Coffee - Milk,Mid-Range,Evening
11,card,30.86,Americano with Milk,Morning,Sun,Oct,7,10,2024-10-27,11:01:56.902000,2024-10-27 11:01:56.902,2024,4,43,27,301,1,Coffee - Milk,Mid-Range,Mid Morning
12,card,35.76,Latte,Afternoon,Sun,Oct,7,10,2024-10-27,12:53:25.989000,2024-10-27 12:53:25.989,2024,4,43,27,301,1,Coffee - Milk,Premium,Lunch Time
12,card,30.86,Americano with Milk,Afternoon,Sun,Oct,7,10,2024-10-27,12:54:27.511000,2024-10-27 12:54:27.511,2024,4,43,27,301,1,Coffee - Milk,Mid-Range,Lunch Time
13,card,35.76,Cappuccino,Afternoon,Sun,Oct,7,10,2024-10-27,13:43:46.609000,2024-10-27 13:43:46.609,2024,4,43,27,301,1,Coffee - Milk,Premium,Lunch Time
16,card,35.76,Latte,Afternoon,Sun,Oct,7,10,2024-10-27,16:17:06.175000,2024-10-27 16:17:06.175,2024,4,43,27,301,1,Coffee - Milk,Premium,Afternoon
7,card,35.76,Cappuccino,Morning,Mon,Oct,1,10,2024-10-28,07:46:28.187000,2024-10-28 07:46:28.187,2024,4,44,28,302,0,Coffee - Milk,Premium,Early Morning
8,card,25.96,Americano,Morning,Mon,Oct,1,10,2024-10-28,08:01:12.299000,2024-10-28 08:01:12.299,2024,4,44,28,302,0,Coffee - Black,Standard,Early Morning
8,card,35.76,Latte,Morning,Mon,Oct,1,10,2024-10-28,08:35:02.901000,2024-10-28 08:35:02.901,2024,4,44,28,302,0,Coffee - Milk,Premium,Early Morning
9,card,30.86,Americano with Milk,Morning,Mon,Oct,1,10,2024-10-28,09:15:42.781000,2024-10-28 09:15:42.781,2024,4,44,28,302,0,Coffee - Milk,Mid-Range,Mid Morning
11,card,35.76,Latte,Morning,Mon,Oct,1,10,2024-10-28,11:42:36.495000,2024-10-28 11:42:36.495,2024,4,44,28,302,0,Coffee - Milk,Premium,Mid Morning
11,card,35.76,Latte,Morning,Mon,Oct,1,10,2024-10-28,11:43:43.322000,2024-10-28 11:43:43.322,2024,4,44,28,302,0,Coffee - Milk,Premium,Mid Morning
12,card,35.76,Hot Chocolate,Afternoon,Mon,Oct,1,10,2024-10-28,12:01:36.054000,2024-10-28 12:01:36.054,2024,4,44,28,302,0,Non-Coffee,Premium,Lunch Time
12,card,30.86,Americano with Milk,Afternoon,Mon,Oct,1,10,2024-10-28,12:02:34.807000,2024-10-28 12:02:34.807,2024,4,44,28,302,0,Coffee - Milk,Mid-Range,Lunch Time
12,card,35.76,Cappuccino,Afternoon,Mon,Oct,1,10,2024-10-28,12:21:30.418000,2024-10-28 12:21:30.418,2024,4,44,28,302,0,Coffee - Milk,Premium,Lunch Time
14,card,30.86,Americano with Milk,Afternoon,Mon,Oct,1,10,2024-10-28,14:10:54.611000,2024-10-28 14:10:54.611,2024,4,44,28,302,0,Coffee - Milk,Mid-Range,Lunch Time
14,card,30.86,Americano with Milk,Afternoon,Mon,Oct,1,10,2024-10-28,14:11:56.316000,2024-10-28 14:11:56.316,2024,4,44,28,302,0,Coffee - Milk,Mid-Range,Lunch Time
14,card,30.86,Americano with Milk,Afternoon,Mon,Oct,1,10,2024-10-28,14:30:59.561000,2024-10-28 14:30:59.561,2024,4,44,28,302,0,Coffee - Milk,Mid-Range,Lunch Time
16,card,35.76,Latte,Afternoon,Mon,Oct,1,10,2024-10-28,16:01:20.507000,2024-10-28 16:01:20.507,2024,4,44,28,302,0,Coffee - Milk,Premium,Afternoon
17,card,35.76,Cocoa,Night,Mon,Oct,1,10,2024-10-28,17:55:18.119000,2024-10-28 17:55:18.119,2024,4,44,28,302,0,Non-Coffee,Premium,Afternoon
17,card,35.76,Cocoa,Night,Mon,Oct,1,10,2024-10-28,17:56:02.397000,2024-10-28 17:56:02.397,2024,4,44,28,302,0,Non-Coffee,Premium,Afternoon
19,card,35.76,Cappuccino,Night,Mon,Oct,1,10,2024-10-28,19:10:25.255000,2024-10-28 19:10:25.255,2024,4,44,28,302,0,Coffee - Milk,Premium,Evening
21,card,30.86,Americano with Milk,Night,Mon,Oct,1,10,2024-10-28,21:20:03.622000,2024-10-28 21:20:03.622,2024,4,44,28,302,0,Coffee - Milk,Mid-Range,Evening
22,card,30.86,Americano with Milk,Night,Mon,Oct,1,10,2024-10-28,22:05:50.772000,2024-10-28 22:05:50.772,2024,4,44,28,302,0,Coffee - Milk,Mid-Range,Evening
8,card,35.76,Latte,Morning,Tue,Oct,2,10,2024-10-29,08:40:52.355000,2024-10-29 08:40:52.355,2024,4,44,29,303,0,Coffee - Milk,Premium,Early Morning
8,card,35.76,Latte,Morning,Tue,Oct,2,10,2024-10-29,08:47:05.646000,2024-10-29 08:47:05.646,2024,4,44,29,303,0,Coffee - Milk,Premium,Early Morning
9,card,35.76,Latte,Morning,Tue,Oct,2,10,2024-10-29,09:31:57.680000,2024-10-29 09:31:57.680,2024,4,44,29,303,0,Coffee - Milk,Premium,Mid Morning
11,card,30.86,Americano with Milk,Morning,Tue,Oct,2,10,2024-10-29,11:59:46.680000,2024-10-29 11:59:46.680,2024,4,44,29,303,0,Coffee - Milk,Mid-Range,Mid Morning
12,card,21.06,Espresso,Afternoon,Tue,Oct,2,10,2024-10-29,12:21:36.806000,2024-10-29 12:21:36.806,2024,4,44,29,303,0,Coffee - Black,Standard,Lunch Time
14,card,25.96,Cortado,Afternoon,Tue,Oct,2,10,2024-10-29,14:15:43.838000,2024-10-29 14:15:43.838,2024,4,44,29,303,0,Coffee - Milk,Standard,Lunch Time
14,card,25.96,Cortado,Afternoon,Tue,Oct,2,10,2024-10-29,14:17:00.697000,2024-10-29 14:17:00.697,2024,4,44,29,303,0,Coffee - Milk,Standard,Lunch Time
14,card,35.76,Cappuccino,Afternoon,Tue,Oct,2,10,2024-10-29,14:37:35.961000,2024-10-29 14:37:35.961,2024,4,44,29,303,0,Coffee - Milk,Premium,Lunch Time
16,card,35.76,Hot Chocolate,Afternoon,Tue,Oct,2,10,2024-10-29,16:09:33.742000,2024-10-29 16:09:33.742,2024,4,44,29,303,0,Non-Coffee,Premium,Afternoon
16,card,35.76,Cocoa,Afternoon,Tue,Oct,2,10,2024-10-29,16:10:56.815000,2024-10-29 16:10:56.815,2024,4,44,29,303,0,Non-Coffee,Premium,Afternoon
16,card,35.76,Cocoa,Afternoon,Tue,Oct,2,10,2024-10-29,16:17:33.443000,2024-10-29 16:17:33.443,2024,4,44,29,303,0,Non-Coffee,Premium,Afternoon
18,card,30.86,Americano with Milk,Night,Tue,Oct,2,10,2024-10-29,18:02:04.368000,2024-10-29 18:02:04.368,2024,4,44,29,303,0,Coffee - Milk,Mid-Range,Evening
18,card,30.86,Americano with Milk,Night,Tue,Oct,2,10,2024-10-29,18:02:57.432000,2024-10-29 18:02:57.432,2024,4,44,29,303,0,Coffee - Milk,Mid-Range,Evening
19,card,30.86,Americano with Milk,Night,Tue,Oct,2,10,2024-10-29,19:02:05.362000,2024-10-29 19:02:05.362,2024,4,44,29,303,0,Coffee - Milk,Mid-Range,Evening
19,card,35.76,Cappuccino,Night,Tue,Oct,2,10,2024-10-29,19:05:44.436000,2024-10-29 19:05:44.436,2024,4,44,29,303,0,Coffee - Milk,Premium,Evening
19,card,35.76,Hot Chocolate,Night,Tue,Oct,2,10,2024-10-29,19:51:12.926000,2024-10-29 19:51:12.926,2024,4,44,29,303,0,Non-Coffee,Premium,Evening
19,card,35.76,Latte,Night,Tue,Oct,2,10,2024-10-29,19:54:02.389000,2024-10-29 19:54:02.389,2024,4,44,29,303,0,Coffee - Milk,Premium,Evening
20,card,35.76,Latte,Night,Tue,Oct,2,10,2024-10-29,20:07:35.659000,2024-10-29 20:07:35.659,2024,4,44,29,303,0,Coffee - Milk,Premium,Evening
7,card,35.76,Latte,Morning,Wed,Oct,3,10,2024-10-30,07:52:05.489000,2024-10-30 07:52:05.489,2024,4,44,30,304,0,Coffee - Milk,Premium,Early Morning
8,card,30.86,Americano with Milk,Morning,Wed,Oct,3,10,2024-10-30,08:46:26.777000,2024-10-30 08:46:26.777,2024,4,44,30,304,0,Coffee - Milk,Mid-Range,Early Morning
8,card,30.86,Americano with Milk,Morning,Wed,Oct,3,10,2024-10-30,08:47:29.281000,2024-10-30 08:47:29.281,2024,4,44,30,304,0,Coffee - Milk,Mid-Range,Early Morning
9,card,35.76,Latte,Morning,Wed,Oct,3,10,2024-10-30,09:11:29.359000,2024-10-30 09:11:29.359,2024,4,44,30,304,0,Coffee - Milk,Premium,Mid Morning
10,card,35.76,Latte,Morning,Wed,Oct,3,10,2024-10-30,10:31:53.151000,2024-10-30 10:31:53.151,2024,4,44,30,304,0,Coffee - Milk,Premium,Mid Morning
10,card,35.76,Latte,Morning,Wed,Oct,3,10,2024-10-30,10:33:07.699000,2024-10-30 10:33:07.699,2024,4,44,30,304,0,Coffee - Milk,Premium,Mid Morning
12,card,35.76,Latte,Afternoon,Wed,Oct,3,10,2024-10-30,12:08:45.933000,2024-10-30 12:08:45.933,2024,4,44,30,304,0,Coffee - Milk,Premium,Lunch Time
12,card,25.96,Americano,Afternoon,Wed,Oct,3,10,2024-10-30,12:09:46.789000,2024-10-30 12:09:46.789,2024,4,44,30,304,0,Coffee - Black,Standard,Lunch Time
12,card,30.86,Americano with Milk,Afternoon,Wed,Oct,3,10,2024-10-30,12:10:58.391000,2024-10-30 12:10:58.391,2024,4,44,30,304,0,Coffee - Milk,Mid-Range,Lunch Time
12,card,25.96,Americano,Afternoon,Wed,Oct,3,10,2024-10-30,12:37:00.765000,2024-10-30 12:37:00.765,2024,4,44,30,304,0,Coffee - Black,Standard,Lunch Time
15,card,35.76,Latte,Afternoon,Wed,Oct,3,10,2024-10-30,15:05:15.193000,2024-10-30 15:05:15.193,2024,4,44,30,304,0,Coffee - Milk,Premium,Afternoon
15,card,35.76,Latte,Afternoon,Wed,Oct,3,10,2024-10-30,15:07:03.043000,2024-10-30 15:07:03.043,2024,4,44,30,304,0,Coffee - Milk,Premium,Afternoon
16,card,30.86,Americano with Milk,Afternoon,Wed,Oct,3,10,2024-10-30,16:04:48.375000,2024-10-30 16:04:48.375,2024,4,44,30,304,0,Coffee - Milk,Mid-Range,Afternoon
18,card,35.76,Hot Chocolate,Night,Wed,Oct,3,10,2024-10-30,18:08:12.493000,2024-10-30 18:08:12.493,2024,4,44,30,304,0,Non-Coffee,Premium,Evening
19,card,30.86,Americano with Milk,Night,Wed,Oct,3,10,2024-10-30,19:18:31.485000,2024-10-30 19:18:31.485,2024,4,44,30,304,0,Coffee - Milk,Mid-Range,Evening
19,card,30.86,Americano with Milk,Night,Wed,Oct,3,10,2024-10-30,19:43:21.190000,2024-10-30 19:43:21.190,2024,4,44,30,304,0,Coffee - Milk,Mid-Range,Evening
7,card,35.76,Latte,Morning,Thu,Oct,4,10,2024-10-31,07:54:17.331000,2024-10-31 07:54:17.331,2024,4,44,31,305,0,Coffee - Milk,Premium,Early Morning
8,card,35.76,Latte,Morning,Thu,Oct,4,10,2024-10-31,08:38:53.898000,2024-10-31 08:38:53.898,2024,4,44,31,305,0,Coffee - Milk,Premium,Early Morning
9,card,30.86,Americano with Milk,Morning,Thu,Oct,4,10,2024-10-31,09:18:19.100000,2024-10-31 09:18:19.100,2024,4,44,31,305,0,Coffee - Milk,Mid-Range,Mid Morning
15,card,35.76,Latte,Afternoon,Thu,Oct,4,10,2024-10-31,15:59:26.688000,2024-10-31 15:59:26.688,2024,4,44,31,305,0,Coffee - Milk,Premium,Afternoon
16,card,30.86,Americano with Milk,Afternoon,Thu,Oct,4,10,2024-10-31,16:00:30.983000,2024-10-31 16:00:30.983,2024,4,44,31,305,0,Coffee - Milk,Mid-Range,Afternoon
8,card,35.76,Cocoa,Morning,Fri,Nov,5,11,2024-11-01,08:24:03.401000,2024-11-01 08:24:03.401,2024,4,44,1,306,0,Non-Coffee,Premium,Early Morning
8,card,25.96,Americano,Morning,Fri,Nov,5,11,2024-11-01,08:30:57.642000,2024-11-01 08:30:57.642,2024,4,44,1,306,0,Coffee - Black,Standard,Early Morning
10,card,35.76,Latte,Morning,Fri,Nov,5,11,2024-11-01,10:54:50.375000,2024-11-01 10:54:50.375,2024,4,44,1,306,0,Coffee - Milk,Premium,Mid Morning
12,card,35.76,Cocoa,Afternoon,Fri,Nov,5,11,2024-11-01,12:41:26.535000,2024-11-01 12:41:26.535,2024,4,44,1,306,0,Non-Coffee,Premium,Lunch Time
12,card,35.76,Cocoa,Afternoon,Fri,Nov,5,11,2024-11-01,12:42:18.438000,2024-11-01 12:42:18.438,2024,4,44,1,306,0,Non-Coffee,Premium,Lunch Time
15,card,25.96,Cortado,Afternoon,Fri,Nov,5,11,2024-11-01,15:55:42.424000,2024-11-01 15:55:42.424,2024,4,44,1,306,0,Coffee - Milk,Standard,Afternoon
22,card,30.86,Americano with Milk,Night,Fri,Nov,5,11,2024-11-01,22:41:55.896000,2024-11-01 22:41:55.896,2024,4,44,1,306,0,Coffee - Milk,Mid-Range,Evening
8,card,25.96,Cortado,Morning,Sat,Nov,6,11,2024-11-02,08:19:44.324000,2024-11-02 08:19:44.324,2024,4,44,2,307,1,Coffee - Milk,Standard,Early Morning
10,card,35.76,Cocoa,Morning,Sat,Nov,6,11,2024-11-02,10:25:45.967000,2024-11-02 10:25:45.967,2024,4,44,2,307,1,Non-Coffee,Premium,Mid Morning
10,card,30.86,Americano with Milk,Morning,Sat,Nov,6,11,2024-11-02,10:33:09.562000,2024-11-02 10:33:09.562,2024,4,44,2,307,1,Coffee - Milk,Mid-Range,Mid Morning
14,card,30.86,Americano with Milk,Afternoon,Sat,Nov,6,11,2024-11-02,14:54:14.648000,2024-11-02 14:54:14.648,2024,4,44,2,307,1,Coffee - Milk,Mid-Range,Lunch Time
16,card,35.76,Hot Chocolate,Afternoon,Sat,Nov,6,11,2024-11-02,16:24:15.855000,2024-11-02 16:24:15.855,2024,4,44,2,307,1,Non-Coffee,Premium,Afternoon
16,card,35.76,Latte,Afternoon,Sat,Nov,6,11,2024-11-02,16:25:57.012000,2024-11-02 16:25:57.012,2024,4,44,2,307,1,Coffee - Milk,Premium,Afternoon
16,card,35.76,Latte,Afternoon,Sat,Nov,6,11,2024-11-02,16:37:05.005000,2024-11-02 16:37:05.005,2024,4,44,2,307,1,Coffee - Milk,Premium,Afternoon
18,card,30.86,Americano with Milk,Night,Sat,Nov,6,11,2024-11-02,18:18:27.180000,2024-11-02 18:18:27.180,2024,4,44,2,307,1,Coffee - Milk,Mid-Range,Evening
18,card,25.96,Americano,Night,Sat,Nov,6,11,2024-11-02,18:58:23.522000,2024-11-02 18:58:23.522,2024,4,44,2,307,1,Coffee - Black,Standard,Evening
8,card,25.96,Cortado,Morning,Sun,Nov,7,11,2024-11-03,08:23:00.362000,2024-11-03 08:23:00.362,2024,4,44,3,308,1,Coffee - Milk,Standard,Early Morning
9,card,30.86,Americano with Milk,Morning,Sun,Nov,7,11,2024-11-03,09:47:06.025000,2024-11-03 09:47:06.025,2024,4,44,3,308,1,Coffee - Milk,Mid-Range,Mid Morning
9,card,30.86,Americano with Milk,Morning,Sun,Nov,7,11,2024-11-03,09:48:12.017000,2024-11-03 09:48:12.017,2024,4,44,3,308,1,Coffee - Milk,Mid-Range,Mid Morning
13,card,35.76,Latte,Afternoon,Sun,Nov,7,11,2024-11-03,13:13:51.404000,2024-11-03 13:13:51.404,2024,4,44,3,308,1,Coffee - Milk,Premium,Lunch Time
13,card,30.86,Americano with Milk,Afternoon,Sun,Nov,7,11,2024-11-03,13:14:56.673000,2024-11-03 13:14:56.673,2024,4,44,3,308,1,Coffee - Milk,Mid-Range,Lunch Time
13,card,35.76,Cocoa,Afternoon,Sun,Nov,7,11,2024-11-03,13:18:24.742000,2024-11-03 13:18:24.742,2024,4,44,3,308,1,Non-Coffee,Premium,Lunch Time
13,card,25.96,Americano,Afternoon,Sun,Nov,7,11,2024-11-03,13:44:18.516000,2024-11-03 13:44:18.516,2024,4,44,3,308,1,Coffee - Black,Standard,Lunch Time
13,card,30.86,Americano with Milk,Afternoon,Sun,Nov,7,11,2024-11-03,13:59:01.077000,2024-11-03 13:59:01.077,2024,4,44,3,308,1,Coffee - Milk,Mid-Range,Lunch Time
16,card,35.76,Hot Chocolate,Afternoon,Sun,Nov,7,11,2024-11-03,16:15:17.705000,2024-11-03 16:15:17.705,2024,4,44,3,308,1,Non-Coffee,Premium,Afternoon
16,card,35.76,Hot Chocolate,Afternoon,Sun,Nov,7,11,2024-11-03,16:16:43.547000,2024-11-03 16:16:43.547,2024,4,44,3,308,1,Non-Coffee,Premium,Afternoon
16,card,25.96,Americano,Afternoon,Sun,Nov,7,11,2024-11-03,16:20:37.116000,2024-11-03 16:20:37.116,2024,4,44,3,308,1,Coffee - Black,Standard,Afternoon
16,card,25.96,Americano,Afternoon,Sun,Nov,7,11,2024-11-03,16:21:46.055000,2024-11-03 16:21:46.055,2024,4,44,3,308,1,Coffee - Black,Standard,Afternoon
20,card,35.76,Cocoa,Night,Sun,Nov,7,11,2024-11-03,20:26:14.631000,2024-11-03 20:26:14.631,2024,4,44,3,308,1,Non-Coffee,Premium,Evening
7,card,35.76,Latte,Morning,Mon,Nov,1,11,2024-11-04,07:43:36.879000,2024-11-04 07:43:36.879,2024,4,45,4,309,0,Coffee - Milk,Premium,Early Morning
8,card,35.76,Latte,Morning,Mon,Nov,1,11,2024-11-04,08:37:33.340000,2024-11-04 08:37:33.340,2024,4,45,4,309,0,Coffee - Milk,Premium,Early Morning
8,card,30.86,Americano with Milk,Morning,Mon,Nov,1,11,2024-11-04,08:38:58.864000,2024-11-04 08:38:58.864,2024,4,45,4,309,0,Coffee - Milk,Mid-Range,Early Morning
12,card,25.96,Americano,Afternoon,Mon,Nov,1,11,2024-11-04,12:33:35.786000,2024-11-04 12:33:35.786,2024,4,45,4,309,0,Coffee - Black,Standard,Lunch Time
12,card,30.86,Americano with Milk,Afternoon,Mon,Nov,1,11,2024-11-04,12:35:06.061000,2024-11-04 12:35:06.061,2024,4,45,4,309,0,Coffee - Milk,Mid-Range,Lunch Time
14,card,35.76,Cocoa,Afternoon,Mon,Nov,1,11,2024-11-04,14:44:38.053000,2024-11-04 14:44:38.053,2024,4,45,4,309,0,Non-Coffee,Premium,Lunch Time
14,card,35.76,Cocoa,Afternoon,Mon,Nov,1,11,2024-11-04,14:45:20.025000,2024-11-04 14:45:20.025,2024,4,45,4,309,0,Non-Coffee,Premium,Lunch Time
7,card,35.76,Cocoa,Morning,Tue,Nov,2,11,2024-11-05,07:49:31.614000,2024-11-05 07:49:31.614,2024,4,45,5,310,0,Non-Coffee,Premium,Early Morning
9,card,30.86,Americano with Milk,Morning,Tue,Nov,2,11,2024-11-05,09:05:41.810000,2024-11-05 09:05:41.810,2024,4,45,5,310,0,Coffee - Milk,Mid-Range,Mid Morning
9,card,35.76,Cappuccino,Morning,Tue,Nov,2,11,2024-11-05,09:12:12.324000,2024-11-05 09:12:12.324,2024,4,45,5,310,0,Coffee - Milk,Premium,Mid Morning
9,card,30.86,Americano with Milk,Morning,Tue,Nov,2,11,2024-11-05,09:13:40.356000,2024-11-05 09:13:40.356,2024,4,45,5,310,0,Coffee - Milk,Mid-Range,Mid Morning
10,card,30.86,Americano with Milk,Morning,Tue,Nov,2,11,2024-11-05,10:41:44.251000,2024-11-05 10:41:44.251,2024,4,45,5,310,0,Coffee - Milk,Mid-Range,Mid Morning
11,card,35.76,Cocoa,Morning,Tue,Nov,2,11,2024-11-05,11:47:29.859000,2024-11-05 11:47:29.859,2024,4,45,5,310,0,Non-Coffee,Premium,Mid Morning
11,card,35.76,Latte,Morning,Tue,Nov,2,11,2024-11-05,11:48:22.484000,2024-11-05 11:48:22.484,2024,4,45,5,310,0,Coffee - Milk,Premium,Mid Morning
14,card,35.76,Latte,Afternoon,Tue,Nov,2,11,2024-11-05,14:36:37.856000,2024-11-05 14:36:37.856,2024,4,45,5,310,0,Coffee - Milk,Premium,Lunch Time
14,card,35.76,Latte,Afternoon,Tue,Nov,2,11,2024-11-05,14:41:48.048000,2024-11-05 14:41:48.048,2024,4,45,5,310,0,Coffee - Milk,Premium,Lunch Time
18,card,35.76,Cappuccino,Night,Tue,Nov,2,11,2024-11-05,18:52:56.274000,2024-11-05 18:52:56.274,2024,4,45,5,310,0,Coffee - Milk,Premium,Evening
18,card,35.76,Cappuccino,Night,Tue,Nov,2,11,2024-11-05,18:54:10.727000,2024-11-05 18:54:10.727,2024,4,45,5,310,0,Coffee - Milk,Premium,Evening
18,card,35.76,Cappuccino,Night,Tue,Nov,2,11,2024-11-05,18:55:18.626000,2024-11-05 18:55:18.626,2024,4,45,5,310,0,Coffee - Milk,Premium,Evening
21,card,35.76,Cocoa,Night,Tue,Nov,2,11,2024-11-05,21:40:44.746000,2024-11-05 21:40:44.746,2024,4,45,5,310,0,Non-Coffee,Premium,Evening
21,card,35.76,Cocoa,Night,Tue,Nov,2,11,2024-11-05,21:42:02.751000,2024-11-05 21:42:02.751,2024,4,45,5,310,0,Non-Coffee,Premium,Evening
21,card,35.76,Hot Chocolate,Night,Tue,Nov,2,11,2024-11-05,21:54:19.647000,2024-11-05 21:54:19.647,2024,4,45,5,310,0,Non-Coffee,Premium,Evening
22,card,35.76,Hot Chocolate,Night,Tue,Nov,2,11,2024-11-05,22:05:50.601000,2024-11-05 22:05:50.601,2024,4,45,5,310,0,Non-Coffee,Premium,Evening
22,card,30.86,Americano with Milk,Night,Tue,Nov,2,11,2024-11-05,22:06:38.973000,2024-11-05 22:06:38.973,2024,4,45,5,310,0,Coffee - Milk,Mid-Range,Evening
8,card,35.76,Latte,Morning,Wed,Nov,3,11,2024-11-06,08:11:25.120000,2024-11-06 08:11:25.120,2024,4,45,6,311,0,Coffee - Milk,Premium,Early Morning
11,card,21.06,Espresso,Morning,Wed,Nov,3,11,2024-11-06,11:45:31.173000,2024-11-06 11:45:31.173,2024,4,45,6,311,0,Coffee - Black,Standard,Mid Morning
13,card,25.96,Americano,Afternoon,Wed,Nov,3,11,2024-11-06,13:15:32.862000,2024-11-06 13:15:32.862,2024,4,45,6,311,0,Coffee - Black,Standard,Lunch Time
15,card,35.76,Cappuccino,Afternoon,Wed,Nov,3,11,2024-11-06,15:44:16.495000,2024-11-06 15:44:16.495,2024,4,45,6,311,0,Coffee - Milk,Premium,Afternoon
16,card,35.76,Latte,Afternoon,Wed,Nov,3,11,2024-11-06,16:00:43.813000,2024-11-06 16:00:43.813,2024,4,45,6,311,0,Coffee - Milk,Premium,Afternoon
16,card,35.76,Cappuccino,Afternoon,Wed,Nov,3,11,2024-11-06,16:02:05.113000,2024-11-06 16:02:05.113,2024,4,45,6,311,0,Coffee - Milk,Premium,Afternoon
18,card,35.76,Hot Chocolate,Night,Wed,Nov,3,11,2024-11-06,18:40:42.855000,2024-11-06 18:40:42.855,2024,4,45,6,311,0,Non-Coffee,Premium,Evening
18,card,35.76,Hot Chocolate,Night,Wed,Nov,3,11,2024-11-06,18:41:30.653000,2024-11-06 18:41:30.653,2024,4,45,6,311,0,Non-Coffee,Premium,Evening
12,card,35.76,Latte,Afternoon,Thu,Nov,4,11,2024-11-07,12:17:15.993000,2024-11-07 12:17:15.993,2024,4,45,7,312,0,Coffee - Milk,Premium,Lunch Time
15,card,25.96,Americano,Afternoon,Thu,Nov,4,11,2024-11-07,15:50:10.558000,2024-11-07 15:50:10.558,2024,4,45,7,312,0,Coffee - Black,Standard,Afternoon
16,card,25.96,Americano,Afternoon,Thu,Nov,4,11,2024-11-07,16:39:39.407000,2024-11-07 16:39:39.407,2024,4,45,7,312,0,Coffee - Black,Standard,Afternoon
18,card,35.76,Cocoa,Night,Thu,Nov,4,11,2024-11-07,18:17:33.734000,2024-11-07 18:17:33.734,2024,4,45,7,312,0,Non-Coffee,Premium,Evening
19,card,35.76,Hot Chocolate,Night,Thu,Nov,4,11,2024-11-07,19:20:14.752000,2024-11-07 19:20:14.752,2024,4,45,7,312,0,Non-Coffee,Premium,Evening
19,card,35.76,Latte,Night,Thu,Nov,4,11,2024-11-07,19:21:38.023000,2024-11-07 19:21:38.023,2024,4,45,7,312,0,Coffee - Milk,Premium,Evening
20,card,35.76,Latte,Night,Thu,Nov,4,11,2024-11-07,20:02:30.672000,2024-11-07 20:02:30.672,2024,4,45,7,312,0,Coffee - Milk,Premium,Evening
9,card,30.86,Americano with Milk,Morning,Fri,Nov,5,11,2024-11-08,09:05:42.114000,2024-11-08 09:05:42.114,2024,4,45,8,313,0,Coffee - Milk,Mid-Range,Mid Morning
9,card,25.96,Americano,Morning,Fri,Nov,5,11,2024-11-08,09:47:30.900000,2024-11-08 09:47:30.900,2024,4,45,8,313,0,Coffee - Black,Standard,Mid Morning
9,card,25.96,Americano,Morning,Fri,Nov,5,11,2024-11-08,09:48:59.733000,2024-11-08 09:48:59.733,2024,4,45,8,313,0,Coffee - Black,Standard,Mid Morning
11,card,35.76,Cappuccino,Morning,Fri,Nov,5,11,2024-11-08,11:47:11.390000,2024-11-08 11:47:11.390,2024,4,45,8,313,0,Coffee - Milk,Premium,Mid Morning
13,card,35.76,Latte,Afternoon,Fri,Nov,5,11,2024-11-08,13:25:13.447000,2024-11-08 13:25:13.447,2024,4,45,8,313,0,Coffee - Milk,Premium,Lunch Time
13,card,35.76,Latte,Afternoon,Fri,Nov,5,11,2024-11-08,13:26:17.612000,2024-11-08 13:26:17.612,2024,4,45,8,313,0,Coffee - Milk,Premium,Lunch Time
16,card,30.86,Americano with Milk,Afternoon,Fri,Nov,5,11,2024-11-08,16:33:02.884000,2024-11-08 16:33:02.884,2024,4,45,8,313,0,Coffee - Milk,Mid-Range,Afternoon
16,card,30.86,Americano with Milk,Afternoon,Fri,Nov,5,11,2024-11-08,16:55:28.043000,2024-11-08 16:55:28.043,2024,4,45,8,313,0,Coffee - Milk,Mid-Range,Afternoon
20,card,35.76,Hot Chocolate,Night,Fri,Nov,5,11,2024-11-08,20:13:32.167000,2024-11-08 20:13:32.167,2024,4,45,8,313,0,Non-Coffee,Premium,Evening
20,card,35.76,Hot Chocolate,Night,Fri,Nov,5,11,2024-11-08,20:14:24.290000,2024-11-08 20:14:24.290,2024,4,45,8,313,0,Non-Coffee,Premium,Evening
20,card,35.76,Hot Chocolate,Night,Fri,Nov,5,11,2024-11-08,20:15:20,2024-11-08 20:15:20.000,2024,4,45,8,313,0,Non-Coffee,Premium,Evening
22,card,35.76,Latte,Night,Fri,Nov,5,11,2024-11-08,22:27:09.667000,2024-11-08 22:27:09.667,2024,4,45,8,313,0,Coffee - Milk,Premium,Evening
10,card,30.86,Americano with Milk,Morning,Sat,Nov,6,11,2024-11-09,10:08:18.836000,2024-11-09 10:08:18.836,2024,4,45,9,314,1,Coffee - Milk,Mid-Range,Mid Morning
11,card,25.96,Cortado,Morning,Sat,Nov,6,11,2024-11-09,11:02:08.001000,2024-11-09 11:02:08.001,2024,4,45,9,314,1,Coffee - Milk,Standard,Mid Morning
11,card,25.96,Cortado,Morning,Sat,Nov,6,11,2024-11-09,11:03:00.584000,2024-11-09 11:03:00.584,2024,4,45,9,314,1,Coffee - Milk,Standard,Mid Morning
11,card,35.76,Latte,Morning,Sat,Nov,6,11,2024-11-09,11:08:44.219000,2024-11-09 11:08:44.219,2024,4,45,9,314,1,Coffee - Milk,Premium,Mid Morning
13,card,35.76,Hot Chocolate,Afternoon,Sat,Nov,6,11,2024-11-09,13:50:14.679000,2024-11-09 13:50:14.679,2024,4,45,9,314,1,Non-Coffee,Premium,Lunch Time
13,card,35.76,Hot Chocolate,Afternoon,Sat,Nov,6,11,2024-11-09,13:50:55.154000,2024-11-09 13:50:55.154,2024,4,45,9,314,1,Non-Coffee,Premium,Lunch Time
14,card,35.76,Hot Chocolate,Afternoon,Sat,Nov,6,11,2024-11-09,14:21:51.604000,2024-11-09 14:21:51.604,2024,4,45,9,314,1,Non-Coffee,Premium,Lunch Time
14,card,35.76,Hot Chocolate,Afternoon,Sat,Nov,6,11,2024-11-09,14:22:50.440000,2024-11-09 14:22:50.440,2024,4,45,9,314,1,Non-Coffee,Premium,Lunch Time
14,card,25.96,Americano,Afternoon,Sat,Nov,6,11,2024-11-09,14:37:33.151000,2024-11-09 14:37:33.151,2024,4,45,9,314,1,Coffee - Black,Standard,Lunch Time
15,card,30.86,Americano with Milk,Afternoon,Sat,Nov,6,11,2024-11-09,15:29:50.944000,2024-11-09 15:29:50.944,2024,4,45,9,314,1,Coffee - Milk,Mid-Range,Afternoon
16,card,35.76,Latte,Afternoon,Sat,Nov,6,11,2024-11-09,16:15:47.842000,2024-11-09 16:15:47.842,2024,4,45,9,314,1,Coffee - Milk,Premium,Afternoon
16,card,35.76,Cocoa,Afternoon,Sat,Nov,6,11,2024-11-09,16:16:52.424000,2024-11-09 16:16:52.424,2024,4,45,9,314,1,Non-Coffee,Premium,Afternoon
20,card,25.96,Americano,Night,Sat,Nov,6,11,2024-11-09,20:42:04.523000,2024-11-09 20:42:04.523,2024,4,45,9,314,1,Coffee - Black,Standard,Evening
20,card,35.76,Latte,Night,Sat,Nov,6,11,2024-11-09,20:43:27.537000,2024-11-09 20:43:27.537,2024,4,45,9,314,1,Coffee - Milk,Premium,Evening
22,card,35.76,Cocoa,Night,Sat,Nov,6,11,2024-11-09,22:13:27.653000,2024-11-09 22:13:27.653,2024,4,45,9,314,1,Non-Coffee,Premium,Evening
22,card,25.96,Americano,Night,Sat,Nov,6,11,2024-11-09,22:52:58.089000,2024-11-09 22:52:58.089,2024,4,45,9,314,1,Coffee - Black,Standard,Evening
22,card,25.96,Americano,Night,Sat,Nov,6,11,2024-11-09,22:54:19.107000,2024-11-09 22:54:19.107,2024,4,45,9,314,1,Coffee - Black,Standard,Evening
9,card,25.96,Americano,Morning,Sun,Nov,7,11,2024-11-10,09:46:21.800000,2024-11-10 09:46:21.800,2024,4,45,10,315,1,Coffee - Black,Standard,Mid Morning
17,card,35.76,Cocoa,Night,Sun,Nov,7,11,2024-11-10,17:52:47.887000,2024-11-10 17:52:47.887,2024,4,45,10,315,1,Non-Coffee,Premium,Afternoon
18,card,35.76,Hot Chocolate,Night,Sun,Nov,7,11,2024-11-10,18:12:53.359000,2024-11-10 18:12:53.359,2024,4,45,10,315,1,Non-Coffee,Premium,Evening
18,card,35.76,Hot Chocolate,Night,Sun,Nov,7,11,2024-11-10,18:14:03.644000,2024-11-10 18:14:03.644,2024,4,45,10,315,1,Non-Coffee,Premium,Evening
20,card,35.76,Cappuccino,Night,Sun,Nov,7,11,2024-11-10,20:38:08.127000,2024-11-10 20:38:08.127,2024,4,45,10,315,1,Coffee - Milk,Premium,Evening
20,card,35.76,Cappuccino,Night,Sun,Nov,7,11,2024-11-10,20:39:06.846000,2024-11-10 20:39:06.846,2024,4,45,10,315,1,Coffee - Milk,Premium,Evening
7,card,35.76,Cappuccino,Morning,Mon,Nov,1,11,2024-11-11,07:48:26.804000,2024-11-11 07:48:26.804,2024,4,46,11,316,0,Coffee - Milk,Premium,Early Morning
9,card,30.86,Americano with Milk,Morning,Mon,Nov,1,11,2024-11-11,09:52:25.783000,2024-11-11 09:52:25.783,2024,4,46,11,316,0,Coffee - Milk,Mid-Range,Mid Morning
10,card,25.96,Cortado,Morning,Mon,Nov,1,11,2024-11-11,10:19:09.500000,2024-11-11 10:19:09.500,2024,4,46,11,316,0,Coffee - Milk,Standard,Mid Morning
16,card,35.76,Cappuccino,Afternoon,Mon,Nov,1,11,2024-11-11,16:18:44,2024-11-11 16:18:44.000,2024,4,46,11,316,0,Coffee - Milk,Premium,Afternoon
16,card,35.76,Hot Chocolate,Afternoon,Mon,Nov,1,11,2024-11-11,16:19:52.667000,2024-11-11 16:19:52.667,2024,4,46,11,316,0,Non-Coffee,Premium,Afternoon
17,card,35.76,Cappuccino,Night,Mon,Nov,1,11,2024-11-11,17:33:32.053000,2024-11-11 17:33:32.053,2024,4,46,11,316,0,Coffee - Milk,Premium,Afternoon
19,card,35.76,Latte,Night,Mon,Nov,1,11,2024-11-11,19:00:46.910000,2024-11-11 19:00:46.910,2024,4,46,11,316,0,Coffee - Milk,Premium,Evening
19,card,35.76,Hot Chocolate,Night,Mon,Nov,1,11,2024-11-11,19:04:15.528000,2024-11-11 19:04:15.528,2024,4,46,11,316,0,Non-Coffee,Premium,Evening
21,card,35.76,Latte,Night,Mon,Nov,1,11,2024-11-11,21:08:31.681000,2024-11-11 21:08:31.681,2024,4,46,11,316,0,Coffee - Milk,Premium,Evening
21,card,35.76,Latte,Night,Mon,Nov,1,11,2024-11-11,21:09:46.953000,2024-11-11 21:09:46.953,2024,4,46,11,316,0,Coffee - Milk,Premium,Evening
10,card,35.76,Latte,Morning,Tue,Nov,2,11,2024-11-12,10:03:08.572000,2024-11-12 10:03:08.572,2024,4,46,12,317,0,Coffee - Milk,Premium,Mid Morning
13,card,35.76,Latte,Afternoon,Tue,Nov,2,11,2024-11-12,13:15:45.394000,2024-11-12 13:15:45.394,2024,4,46,12,317,0,Coffee - Milk,Premium,Lunch Time
14,card,35.76,Latte,Afternoon,Tue,Nov,2,11,2024-11-12,14:39:14.888000,2024-11-12 14:39:14.888,2024,4,46,12,317,0,Coffee - Milk,Premium,Lunch Time
16,card,35.76,Hot Chocolate,Afternoon,Tue,Nov,2,11,2024-11-12,16:47:14.364000,2024-11-12 16:47:14.364,2024,4,46,12,317,0,Non-Coffee,Premium,Afternoon
16,card,35.76,Hot Chocolate,Afternoon,Tue,Nov,2,11,2024-11-12,16:48:04.898000,2024-11-12 16:48:04.898,2024,4,46,12,317,0,Non-Coffee,Premium,Afternoon
16,card,35.76,Cocoa,Afternoon,Tue,Nov,2,11,2024-11-12,16:49:03.924000,2024-11-12 16:49:03.924,2024,4,46,12,317,0,Non-Coffee,Premium,Afternoon
18,card,35.76,Cappuccino,Night,Tue,Nov,2,11,2024-11-12,18:45:14.343000,2024-11-12 18:45:14.343,2024,4,46,12,317,0,Coffee - Milk,Premium,Evening
20,card,35.76,Latte,Night,Tue,Nov,2,11,2024-11-12,20:07:57.816000,2024-11-12 20:07:57.816,2024,4,46,12,317,0,Coffee - Milk,Premium,Evening
20,card,35.76,Cocoa,Night,Tue,Nov,2,11,2024-11-12,20:09:21.803000,2024-11-12 20:09:21.803,2024,4,46,12,317,0,Non-Coffee,Premium,Evening
8,card,30.86,Americano with Milk,Morning,Wed,Nov,3,11,2024-11-13,08:09:10.852000,2024-11-13 08:09:10.852,2024,4,46,13,318,0,Coffee - Milk,Mid-Range,Early Morning
10,card,35.76,Latte,Morning,Wed,Nov,3,11,2024-11-13,10:37:43.252000,2024-11-13 10:37:43.252,2024,4,46,13,318,0,Coffee - Milk,Premium,Mid Morning
13,card,30.86,Americano with Milk,Afternoon,Wed,Nov,3,11,2024-11-13,13:19:54.570000,2024-11-13 13:19:54.570,2024,4,46,13,318,0,Coffee - Milk,Mid-Range,Lunch Time
13,card,30.86,Americano with Milk,Afternoon,Wed,Nov,3,11,2024-11-13,13:20:58.477000,2024-11-13 13:20:58.477,2024,4,46,13,318,0,Coffee - Milk,Mid-Range,Lunch Time
14,card,30.86,Americano with Milk,Afternoon,Wed,Nov,3,11,2024-11-13,14:17:30.240000,2024-11-13 14:17:30.240,2024,4,46,13,318,0,Coffee - Milk,Mid-Range,Lunch Time
14,card,35.76,Latte,Afternoon,Wed,Nov,3,11,2024-11-13,14:46:58.381000,2024-11-13 14:46:58.381,2024,4,46,13,318,0,Coffee - Milk,Premium,Lunch Time
9,card,35.76,Latte,Morning,Thu,Nov,4,11,2024-11-14,09:36:27.778000,2024-11-14 09:36:27.778,2024,4,46,14,319,0,Coffee - Milk,Premium,Mid Morning
10,card,25.96,Americano,Morning,Thu,Nov,4,11,2024-11-14,10:06:42.680000,2024-11-14 10:06:42.680,2024,4,46,14,319,0,Coffee - Black,Standard,Mid Morning
12,card,21.06,Espresso,Afternoon,Thu,Nov,4,11,2024-11-14,12:48:50.479000,2024-11-14 12:48:50.479,2024,4,46,14,319,0,Coffee - Black,Standard,Lunch Time
15,card,35.76,Cappuccino,Afternoon,Thu,Nov,4,11,2024-11-14,15:03:45.413000,2024-11-14 15:03:45.413,2024,4,46,14,319,0,Coffee - Milk,Premium,Afternoon
15,card,35.76,Latte,Afternoon,Thu,Nov,4,11,2024-11-14,15:04:56.749000,2024-11-14 15:04:56.749,2024,4,46,14,319,0,Coffee - Milk,Premium,Afternoon
15,card,35.76,Cappuccino,Afternoon,Thu,Nov,4,11,2024-11-14,15:05:49.793000,2024-11-14 15:05:49.793,2024,4,46,14,319,0,Coffee - Milk,Premium,Afternoon
16,card,30.86,Americano with Milk,Afternoon,Thu,Nov,4,11,2024-11-14,16:13:08.309000,2024-11-14 16:13:08.309,2024,4,46,14,319,0,Coffee - Milk,Mid-Range,Afternoon
16,card,35.76,Cappuccino,Afternoon,Thu,Nov,4,11,2024-11-14,16:14:21.556000,2024-11-14 16:14:21.556,2024,4,46,14,319,0,Coffee - Milk,Premium,Afternoon
19,card,35.76,Hot Chocolate,Night,Thu,Nov,4,11,2024-11-14,19:43:26.494000,2024-11-14 19:43:26.494,2024,4,46,14,319,0,Non-Coffee,Premium,Evening
19,card,35.76,Hot Chocolate,Night,Thu,Nov,4,11,2024-11-14,19:46:37.139000,2024-11-14 19:46:37.139,2024,4,46,14,319,0,Non-Coffee,Premium,Evening
20,card,35.76,Cocoa,Night,Thu,Nov,4,11,2024-11-14,20:31:30.027000,2024-11-14 20:31:30.027,2024,4,46,14,319,0,Non-Coffee,Premium,Evening
20,card,35.76,Hot Chocolate,Night,Thu,Nov,4,11,2024-11-14,20:32:30.550000,2024-11-14 20:32:30.550,2024,4,46,14,319,0,Non-Coffee,Premium,Evening
21,card,35.76,Latte,Night,Thu,Nov,4,11,2024-11-14,21:24:31.586000,2024-11-14 21:24:31.586,2024,4,46,14,319,0,Coffee - Milk,Premium,Evening
22,card,35.76,Latte,Night,Thu,Nov,4,11,2024-11-14,22:40:42.347000,2024-11-14 22:40:42.347,2024,4,46,14,319,0,Coffee - Milk,Premium,Evening
8,card,30.86,Americano with Milk,Morning,Fri,Nov,5,11,2024-11-15,08:45:51.139000,2024-11-15 08:45:51.139,2024,4,46,15,320,0,Coffee - Milk,Mid-Range,Early Morning
11,card,30.86,Americano with Milk,Morning,Fri,Nov,5,11,2024-11-15,11:05:53.035000,2024-11-15 11:05:53.035,2024,4,46,15,320,0,Coffee - Milk,Mid-Range,Mid Morning
12,card,35.76,Cocoa,Afternoon,Fri,Nov,5,11,2024-11-15,12:09:00.460000,2024-11-15 12:09:00.460,2024,4,46,15,320,0,Non-Coffee,Premium,Lunch Time
12,card,35.76,Cocoa,Afternoon,Fri,Nov,5,11,2024-11-15,12:14:18.551000,2024-11-15 12:14:18.551,2024,4,46,15,320,0,Non-Coffee,Premium,Lunch Time
13,card,35.76,Latte,Afternoon,Fri,Nov,5,11,2024-11-15,13:57:33.894000,2024-11-15 13:57:33.894,2024,4,46,15,320,0,Coffee - Milk,Premium,Lunch Time
15,card,25.96,Americano,Afternoon,Fri,Nov,5,11,2024-11-15,15:19:50.632000,2024-11-15 15:19:50.632,2024,4,46,15,320,0,Coffee - Black,Standard,Afternoon
17,card,30.86,Americano with Milk,Night,Fri,Nov,5,11,2024-11-15,17:35:41.053000,2024-11-15 17:35:41.053,2024,4,46,15,320,0,Coffee - Milk,Mid-Range,Afternoon
17,card,35.76,Latte,Night,Fri,Nov,5,11,2024-11-15,17:55:01.487000,2024-11-15 17:55:01.487,2024,4,46,15,320,0,Coffee - Milk,Premium,Afternoon
18,card,35.76,Hot Chocolate,Night,Fri,Nov,5,11,2024-11-15,18:12:44.931000,2024-11-15 18:12:44.931,2024,4,46,15,320,0,Non-Coffee,Premium,Evening
18,card,30.86,Americano with Milk,Night,Fri,Nov,5,11,2024-11-15,18:42:21.930000,2024-11-15 18:42:21.930,2024,4,46,15,320,0,Coffee - Milk,Mid-Range,Evening
18,card,30.86,Americano with Milk,Night,Fri,Nov,5,11,2024-11-15,18:43:21.160000,2024-11-15 18:43:21.160,2024,4,46,15,320,0,Coffee - Milk,Mid-Range,Evening
10,card,25.96,Cortado,Morning,Sat,Nov,6,11,2024-11-16,10:21:34.870000,2024-11-16 10:21:34.870,2024,4,46,16,321,1,Coffee - Milk,Standard,Mid Morning
10,card,25.96,Cortado,Morning,Sat,Nov,6,11,2024-11-16,10:45:51.380000,2024-11-16 10:45:51.380,2024,4,46,16,321,1,Coffee - Milk,Standard,Mid Morning
11,card,35.76,Hot Chocolate,Morning,Sat,Nov,6,11,2024-11-16,11:02:00.746000,2024-11-16 11:02:00.746,2024,4,46,16,321,1,Non-Coffee,Premium,Mid Morning
11,card,35.76,Latte,Morning,Sat,Nov,6,11,2024-11-16,11:03:06.575000,2024-11-16 11:03:06.575,2024,4,46,16,321,1,Coffee - Milk,Premium,Mid Morning
11,card,25.96,Americano,Morning,Sat,Nov,6,11,2024-11-16,11:39:24.973000,2024-11-16 11:39:24.973,2024,4,46,16,321,1,Coffee - Black,Standard,Mid Morning
12,card,35.76,Cappuccino,Afternoon,Sat,Nov,6,11,2024-11-16,12:30:14.984000,2024-11-16 12:30:14.984,2024,4,46,16,321,1,Coffee - Milk,Premium,Lunch Time
12,card,30.86,Americano with Milk,Afternoon,Sat,Nov,6,11,2024-11-16,12:31:50.556000,2024-11-16 12:31:50.556,2024,4,46,16,321,1,Coffee - Milk,Mid-Range,Lunch Time
12,card,35.76,Latte,Afternoon,Sat,Nov,6,11,2024-11-16,12:48:35.846000,2024-11-16 12:48:35.846,2024,4,46,16,321,1,Coffee - Milk,Premium,Lunch Time
12,card,35.76,Latte,Afternoon,Sat,Nov,6,11,2024-11-16,12:49:35.127000,2024-11-16 12:49:35.127,2024,4,46,16,321,1,Coffee - Milk,Premium,Lunch Time
13,card,30.86,Americano with Milk,Afternoon,Sat,Nov,6,11,2024-11-16,13:16:55.479000,2024-11-16 13:16:55.479,2024,4,46,16,321,1,Coffee - Milk,Mid-Range,Lunch Time
13,card,35.76,Latte,Afternoon,Sat,Nov,6,11,2024-11-16,13:18:00.476000,2024-11-16 13:18:00.476,2024,4,46,16,321,1,Coffee - Milk,Premium,Lunch Time
13,card,35.76,Latte,Afternoon,Sat,Nov,6,11,2024-11-16,13:19:09.028000,2024-11-16 13:19:09.028,2024,4,46,16,321,1,Coffee - Milk,Premium,Lunch Time
14,card,30.86,Americano with Milk,Afternoon,Sat,Nov,6,11,2024-11-16,14:25:47.388000,2024-11-16 14:25:47.388,2024,4,46,16,321,1,Coffee - Milk,Mid-Range,Lunch Time
10,card,30.86,Americano with Milk,Morning,Sun,Nov,7,11,2024-11-17,10:29:36.983000,2024-11-17 10:29:36.983,2024,4,46,17,322,1,Coffee - Milk,Mid-Range,Mid Morning
13,card,30.86,Americano with Milk,Afternoon,Sun,Nov,7,11,2024-11-17,13:35:19.695000,2024-11-17 13:35:19.695,2024,4,46,17,322,1,Coffee - Milk,Mid-Range,Lunch Time
14,card,25.96,Americano,Afternoon,Sun,Nov,7,11,2024-11-17,14:18:41.797000,2024-11-17 14:18:41.797,2024,4,46,17,322,1,Coffee - Black,Standard,Lunch Time
14,card,30.86,Americano with Milk,Afternoon,Sun,Nov,7,11,2024-11-17,14:33:40.247000,2024-11-17 14:33:40.247,2024,4,46,17,322,1,Coffee - Milk,Mid-Range,Lunch Time
16,card,35.76,Latte,Afternoon,Sun,Nov,7,11,2024-11-17,16:27:26.184000,2024-11-17 16:27:26.184,2024,4,46,17,322,1,Coffee - Milk,Premium,Afternoon
16,card,35.76,Latte,Afternoon,Sun,Nov,7,11,2024-11-17,16:28:35.779000,2024-11-17 16:28:35.779,2024,4,46,17,322,1,Coffee - Milk,Premium,Afternoon
18,card,35.76,Hot Chocolate,Night,Sun,Nov,7,11,2024-11-17,18:10:06.641000,2024-11-17 18:10:06.641,2024,4,46,17,322,1,Non-Coffee,Premium,Evening
19,card,35.76,Hot Chocolate,Night,Sun,Nov,7,11,2024-11-17,19:17:34.289000,2024-11-17 19:17:34.289,2024,4,46,17,322,1,Non-Coffee,Premium,Evening
19,card,35.76,Hot Chocolate,Night,Sun,Nov,7,11,2024-11-17,19:18:27.520000,2024-11-17 19:18:27.520,2024,4,46,17,322,1,Non-Coffee,Premium,Evening
7,card,30.86,Americano with Milk,Morning,Mon,Nov,1,11,2024-11-18,07:52:19.619000,2024-11-18 07:52:19.619,2024,4,47,18,323,0,Coffee - Milk,Mid-Range,Early Morning
7,card,30.86,Americano with Milk,Morning,Mon,Nov,1,11,2024-11-18,07:53:16.351000,2024-11-18 07:53:16.351,2024,4,47,18,323,0,Coffee - Milk,Mid-Range,Early Morning
7,card,35.76,Latte,Morning,Mon,Nov,1,11,2024-11-18,07:57:22.198000,2024-11-18 07:57:22.198,2024,4,47,18,323,0,Coffee - Milk,Premium,Early Morning
16,card,35.76,Latte,Afternoon,Mon,Nov,1,11,2024-11-18,16:44:49.074000,2024-11-18 16:44:49.074,2024,4,47,18,323,0,Coffee - Milk,Premium,Afternoon
16,card,35.76,Latte,Afternoon,Mon,Nov,1,11,2024-11-18,16:46:52.894000,2024-11-18 16:46:52.894,2024,4,47,18,323,0,Coffee - Milk,Premium,Afternoon
18,card,35.76,Latte,Night,Mon,Nov,1,11,2024-11-18,18:50:54.137000,2024-11-18 18:50:54.137,2024,4,47,18,323,0,Coffee - Milk,Premium,Evening
7,card,35.76,Cocoa,Morning,Tue,Nov,2,11,2024-11-19,07:49:00.628000,2024-11-19 07:49:00.628,2024,4,47,19,324,0,Non-Coffee,Premium,Early Morning
7,card,30.86,Americano with Milk,Morning,Tue,Nov,2,11,2024-11-19,07:51:13.678000,2024-11-19 07:51:13.678,2024,4,47,19,324,0,Coffee - Milk,Mid-Range,Early Morning
7,card,35.76,Latte,Morning,Tue,Nov,2,11,2024-11-19,07:52:13.414000,2024-11-19 07:52:13.414,2024,4,47,19,324,0,Coffee - Milk,Premium,Early Morning
7,card,21.06,Espresso,Morning,Tue,Nov,2,11,2024-11-19,07:53:38.393000,2024-11-19 07:53:38.393,2024,4,47,19,324,0,Coffee - Black,Standard,Early Morning
7,card,35.76,Latte,Morning,Tue,Nov,2,11,2024-11-19,07:54:46.893000,2024-11-19 07:54:46.893,2024,4,47,19,324,0,Coffee - Milk,Premium,Early Morning
10,card,30.86,Americano with Milk,Morning,Tue,Nov,2,11,2024-11-19,10:29:23.369000,2024-11-19 10:29:23.369,2024,4,47,19,324,0,Coffee - Milk,Mid-Range,Mid Morning
11,card,35.76,Latte,Morning,Tue,Nov,2,11,2024-11-19,11:07:09.017000,2024-11-19 11:07:09.017,2024,4,47,19,324,0,Coffee - Milk,Premium,Mid Morning
16,card,35.76,Cocoa,Afternoon,Tue,Nov,2,11,2024-11-19,16:22:40.481000,2024-11-19 16:22:40.481,2024,4,47,19,324,0,Non-Coffee,Premium,Afternoon
16,card,35.76,Cocoa,Afternoon,Tue,Nov,2,11,2024-11-19,16:23:59.438000,2024-11-19 16:23:59.438,2024,4,47,19,324,0,Non-Coffee,Premium,Afternoon
16,card,35.76,Cappuccino,Afternoon,Tue,Nov,2,11,2024-11-19,16:41:03.671000,2024-11-19 16:41:03.671,2024,4,47,19,324,0,Coffee - Milk,Premium,Afternoon
16,card,35.76,Cappuccino,Afternoon,Tue,Nov,2,11,2024-11-19,16:47:41.234000,2024-11-19 16:47:41.234,2024,4,47,19,324,0,Coffee - Milk,Premium,Afternoon
13,card,30.86,Americano with Milk,Afternoon,Wed,Nov,3,11,2024-11-20,13:29:38.737000,2024-11-20 13:29:38.737,2024,4,47,20,325,0,Coffee - Milk,Mid-Range,Lunch Time
16,card,35.76,Latte,Afternoon,Wed,Nov,3,11,2024-11-20,16:34:50.147000,2024-11-20 16:34:50.147,2024,4,47,20,325,0,Coffee - Milk,Premium,Afternoon
17,card,35.76,Cappuccino,Night,Wed,Nov,3,11,2024-11-20,17:49:51.721000,2024-11-20 17:49:51.721,2024,4,47,20,325,0,Coffee - Milk,Premium,Afternoon
17,card,35.76,Hot Chocolate,Night,Wed,Nov,3,11,2024-11-20,17:50:49.760000,2024-11-20 17:50:49.760,2024,4,47,20,325,0,Non-Coffee,Premium,Afternoon
11,card,25.96,Cortado,Morning,Thu,Nov,4,11,2024-11-21,11:06:11.028000,2024-11-21 11:06:11.028,2024,4,47,21,326,0,Coffee - Milk,Standard,Mid Morning
12,card,35.76,Latte,Afternoon,Thu,Nov,4,11,2024-11-21,12:33:36.082000,2024-11-21 12:33:36.082,2024,4,47,21,326,0,Coffee - Milk,Premium,Lunch Time
12,card,35.76,Cocoa,Afternoon,Thu,Nov,4,11,2024-11-21,12:59:45.342000,2024-11-21 12:59:45.342,2024,4,47,21,326,0,Non-Coffee,Premium,Lunch Time
13,card,35.76,Cocoa,Afternoon,Thu,Nov,4,11,2024-11-21,13:00:47.390000,2024-11-21 13:00:47.390,2024,4,47,21,326,0,Non-Coffee,Premium,Lunch Time
16,card,35.76,Latte,Afternoon,Thu,Nov,4,11,2024-11-21,16:14:13.567000,2024-11-21 16:14:13.567,2024,4,47,21,326,0,Coffee - Milk,Premium,Afternoon
17,card,30.86,Americano with Milk,Night,Thu,Nov,4,11,2024-11-21,17:35:27.351000,2024-11-21 17:35:27.351,2024,4,47,21,326,0,Coffee - Milk,Mid-Range,Afternoon
17,card,25.96,Cortado,Night,Thu,Nov,4,11,2024-11-21,17:39:22.972000,2024-11-21 17:39:22.972,2024,4,47,21,326,0,Coffee - Milk,Standard,Afternoon
19,card,35.76,Hot Chocolate,Night,Thu,Nov,4,11,2024-11-21,19:01:02.947000,2024-11-21 19:01:02.947,2024,4,47,21,326,0,Non-Coffee,Premium,Evening
7,card,35.76,Latte,Morning,Fri,Nov,5,11,2024-11-22,07:50:36.322000,2024-11-22 07:50:36.322,2024,4,47,22,327,0,Coffee - Milk,Premium,Early Morning
10,card,35.76,Cappuccino,Morning,Fri,Nov,5,11,2024-11-22,10:03:42.504000,2024-11-22 10:03:42.504,2024,4,47,22,327,0,Coffee - Milk,Premium,Mid Morning
11,card,35.76,Latte,Morning,Fri,Nov,5,11,2024-11-22,11:02:32.401000,2024-11-22 11:02:32.401,2024,4,47,22,327,0,Coffee - Milk,Premium,Mid Morning
11,card,35.76,Cocoa,Morning,Fri,Nov,5,11,2024-11-22,11:24:26.431000,2024-11-22 11:24:26.431,2024,4,47,22,327,0,Non-Coffee,Premium,Mid Morning
16,card,35.76,Hot Chocolate,Afternoon,Fri,Nov,5,11,2024-11-22,16:33:05.324000,2024-11-22 16:33:05.324,2024,4,47,22,327,0,Non-Coffee,Premium,Afternoon
16,card,35.76,Latte,Afternoon,Fri,Nov,5,11,2024-11-22,16:33:49.898000,2024-11-22 16:33:49.898,2024,4,47,22,327,0,Coffee - Milk,Premium,Afternoon
9,card,25.96,Cortado,Morning,Sat,Nov,6,11,2024-11-23,09:10:46.265000,2024-11-23 09:10:46.265,2024,4,47,23,328,1,Coffee - Milk,Standard,Mid Morning
9,card,25.96,Cortado,Morning,Sat,Nov,6,11,2024-11-23,09:11:48.979000,2024-11-23 09:11:48.979,2024,4,47,23,328,1,Coffee - Milk,Standard,Mid Morning
10,card,35.76,Latte,Morning,Sat,Nov,6,11,2024-11-23,10:05:15.754000,2024-11-23 10:05:15.754,2024,4,47,23,328,1,Coffee - Milk,Premium,Mid Morning
11,card,35.76,Cappuccino,Morning,Sat,Nov,6,11,2024-11-23,11:02:59.642000,2024-11-23 11:02:59.642,2024,4,47,23,328,1,Coffee - Milk,Premium,Mid Morning
11,card,25.96,Americano,Morning,Sat,Nov,6,11,2024-11-23,11:09:28.024000,2024-11-23 11:09:28.024,2024,4,47,23,328,1,Coffee - Black,Standard,Mid Morning
11,card,25.96,Americano,Morning,Sat,Nov,6,11,2024-11-23,11:10:25.846000,2024-11-23 11:10:25.846,2024,4,47,23,328,1,Coffee - Black,Standard,Mid Morning
11,card,35.76,Hot Chocolate,Morning,Sat,Nov,6,11,2024-11-23,11:41:27.467000,2024-11-23 11:41:27.467,2024,4,47,23,328,1,Non-Coffee,Premium,Mid Morning
22,card,35.76,Latte,Night,Sat,Nov,6,11,2024-11-23,22:37:04.182000,2024-11-23 22:37:04.182,2024,4,47,23,328,1,Coffee - Milk,Premium,Evening
8,card,35.76,Latte,Morning,Sun,Nov,7,11,2024-11-24,08:17:07.492000,2024-11-24 08:17:07.492,2024,4,47,24,329,1,Coffee - Milk,Premium,Early Morning
7,card,35.76,Cappuccino,Morning,Mon,Nov,1,11,2024-11-25,07:49:17.954000,2024-11-25 07:49:17.954,2024,4,48,25,330,0,Coffee - Milk,Premium,Early Morning
7,card,35.76,Latte,Morning,Mon,Nov,1,11,2024-11-25,07:54:23.504000,2024-11-25 07:54:23.504,2024,4,48,25,330,0,Coffee - Milk,Premium,Early Morning
9,card,30.86,Americano with Milk,Morning,Mon,Nov,1,11,2024-11-25,09:12:20.988000,2024-11-25 09:12:20.988,2024,4,48,25,330,0,Coffee - Milk,Mid-Range,Mid Morning
10,card,25.96,Cortado,Morning,Mon,Nov,1,11,2024-11-25,10:38:08.041000,2024-11-25 10:38:08.041,2024,4,48,25,330,0,Coffee - Milk,Standard,Mid Morning
12,card,35.76,Latte,Afternoon,Mon,Nov,1,11,2024-11-25,12:50:58.199000,2024-11-25 12:50:58.199,2024,4,48,25,330,0,Coffee - Milk,Premium,Lunch Time
12,card,35.76,Latte,Afternoon,Mon,Nov,1,11,2024-11-25,12:52:41.053000,2024-11-25 12:52:41.053,2024,4,48,25,330,0,Coffee - Milk,Premium,Lunch Time
16,card,35.76,Hot Chocolate,Afternoon,Mon,Nov,1,11,2024-11-25,16:30:56.470000,2024-11-25 16:30:56.470,2024,4,48,25,330,0,Non-Coffee,Premium,Afternoon
19,card,30.86,Americano with Milk,Night,Mon,Nov,1,11,2024-11-25,19:01:59.097000,2024-11-25 19:01:59.097,2024,4,48,25,330,0,Coffee - Milk,Mid-Range,Evening
19,card,35.76,Hot Chocolate,Night,Mon,Nov,1,11,2024-11-25,19:37:58.489000,2024-11-25 19:37:58.489,2024,4,48,25,330,0,Non-Coffee,Premium,Evening
21,card,35.76,Hot Chocolate,Night,Mon,Nov,1,11,2024-11-25,21:42:15.215000,2024-11-25 21:42:15.215,2024,4,48,25,330,0,Non-Coffee,Premium,Evening
21,card,35.76,Cappuccino,Night,Mon,Nov,1,11,2024-11-25,21:43:00.450000,2024-11-25 21:43:00.450,2024,4,48,25,330,0,Coffee - Milk,Premium,Evening
7,card,35.76,Latte,Morning,Tue,Nov,2,11,2024-11-26,07:54:37.946000,2024-11-26 07:54:37.946,2024,4,48,26,331,0,Coffee - Milk,Premium,Early Morning
11,card,35.76,Cocoa,Morning,Tue,Nov,2,11,2024-11-26,11:02:56.269000,2024-11-26 11:02:56.269,2024,4,48,26,331,0,Non-Coffee,Premium,Mid Morning
11,card,25.96,Americano,Morning,Tue,Nov,2,11,2024-11-26,11:03:47.275000,2024-11-26 11:03:47.275,2024,4,48,26,331,0,Coffee - Black,Standard,Mid Morning
11,card,35.76,Cocoa,Morning,Tue,Nov,2,11,2024-11-26,11:06:09.088000,2024-11-26 11:06:09.088,2024,4,48,26,331,0,Non-Coffee,Premium,Mid Morning
11,card,35.76,Cocoa,Morning,Tue,Nov,2,11,2024-11-26,11:07:09.966000,2024-11-26 11:07:09.966,2024,4,48,26,331,0,Non-Coffee,Premium,Mid Morning
16,card,35.76,Latte,Afternoon,Tue,Nov,2,11,2024-11-26,16:03:54.304000,2024-11-26 16:03:54.304,2024,4,48,26,331,0,Coffee - Milk,Premium,Afternoon
16,card,35.76,Latte,Afternoon,Tue,Nov,2,11,2024-11-26,16:05:00.555000,2024-11-26 16:05:00.555,2024,4,48,26,331,0,Coffee - Milk,Premium,Afternoon
17,card,25.96,Americano,Night,Tue,Nov,2,11,2024-11-26,17:11:37.726000,2024-11-26 17:11:37.726,2024,4,48,26,331,0,Coffee - Black,Standard,Afternoon
17,card,30.86,Americano with Milk,Night,Tue,Nov,2,11,2024-11-26,17:12:34.437000,2024-11-26 17:12:34.437,2024,4,48,26,331,0,Coffee - Milk,Mid-Range,Afternoon
19,card,35.76,Cocoa,Night,Tue,Nov,2,11,2024-11-26,19:47:24.665000,2024-11-26 19:47:24.665,2024,4,48,26,331,0,Non-Coffee,Premium,Evening
8,card,35.76,Cappuccino,Morning,Thu,Nov,4,11,2024-11-28,08:41:16.925000,2024-11-28 08:41:16.925,2024,4,48,28,333,0,Coffee - Milk,Premium,Early Morning
9,card,30.86,Americano with Milk,Morning,Thu,Nov,4,11,2024-11-28,09:14:00.906000,2024-11-28 09:14:00.906,2024,4,48,28,333,0,Coffee - Milk,Mid-Range,Mid Morning
20,card,30.86,Americano with Milk,Night,Thu,Nov,4,11,2024-11-28,20:24:42.030000,2024-11-28 20:24:42.030,2024,4,48,28,333,0,Coffee - Milk,Mid-Range,Evening
20,card,35.76,Latte,Night,Thu,Nov,4,11,2024-11-28,20:25:45.523000,2024-11-28 20:25:45.523,2024,4,48,28,333,0,Coffee - Milk,Premium,Evening
20,card,35.76,Latte,Night,Thu,Nov,4,11,2024-11-28,20:54:59.668000,2024-11-28 20:54:59.668,2024,4,48,28,333,0,Coffee - Milk,Premium,Evening
22,card,35.76,Cappuccino,Night,Thu,Nov,4,11,2024-11-28,22:00:15.694000,2024-11-28 22:00:15.694,2024,4,48,28,333,0,Coffee - Milk,Premium,Evening
7,card,35.76,Cocoa,Morning,Fri,Nov,5,11,2024-11-29,07:53:15.838000,2024-11-29 07:53:15.838,2024,4,48,29,334,0,Non-Coffee,Premium,Early Morning
7,card,35.76,Latte,Morning,Fri,Nov,5,11,2024-11-29,07:57:42.151000,2024-11-29 07:57:42.151,2024,4,48,29,334,0,Coffee - Milk,Premium,Early Morning
9,card,30.86,Americano with Milk,Morning,Fri,Nov,5,11,2024-11-29,09:07:31.505000,2024-11-29 09:07:31.505,2024,4,48,29,334,0,Coffee - Milk,Mid-Range,Mid Morning
9,card,30.86,Americano with Milk,Morning,Fri,Nov,5,11,2024-11-29,09:08:30.245000,2024-11-29 09:08:30.245,2024,4,48,29,334,0,Coffee - Milk,Mid-Range,Mid Morning
15,card,30.86,Americano with Milk,Afternoon,Fri,Nov,5,11,2024-11-29,15:18:06.860000,2024-11-29 15:18:06.860,2024,4,48,29,334,0,Coffee - Milk,Mid-Range,Afternoon
15,card,35.76,Latte,Afternoon,Fri,Nov,5,11,2024-11-29,15:19:20.348000,2024-11-29 15:19:20.348,2024,4,48,29,334,0,Coffee - Milk,Premium,Afternoon
20,card,35.76,Cocoa,Night,Fri,Nov,5,11,2024-11-29,20:57:54.667000,2024-11-29 20:57:54.667,2024,4,48,29,334,0,Non-Coffee,Premium,Evening
12,card,35.76,Cocoa,Afternoon,Sat,Nov,6,11,2024-11-30,12:58:12.142000,2024-11-30 12:58:12.142,2024,4,48,30,335,1,Non-Coffee,Premium,Lunch Time
14,card,25.96,Americano,Afternoon,Sat,Nov,6,11,2024-11-30,14:04:55.814000,2024-11-30 14:04:55.814,2024,4,48,30,335,1,Coffee - Black,Standard,Lunch Time
14,card,35.76,Hot Chocolate,Afternoon,Sat,Nov,6,11,2024-11-30,14:05:58.078000,2024-11-30 14:05:58.078,2024,4,48,30,335,1,Non-Coffee,Premium,Lunch Time
14,card,35.76,Cocoa,Afternoon,Sat,Nov,6,11,2024-11-30,14:16:52.019000,2024-11-30 14:16:52.019,2024,4,48,30,335,1,Non-Coffee,Premium,Lunch Time
15,card,30.86,Americano with Milk,Afternoon,Sat,Nov,6,11,2024-11-30,15:33:44.296000,2024-11-30 15:33:44.296,2024,4,48,30,335,1,Coffee - Milk,Mid-Range,Afternoon
22,card,30.86,Americano with Milk,Night,Sat,Nov,6,11,2024-11-30,22:03:48.484000,2024-11-30 22:03:48.484,2024,4,48,30,335,1,Coffee - Milk,Mid-Range,Evening
10,card,30.86,Americano with Milk,Morning,Sun,Dec,7,12,2024-12-01,10:15:31.697000,2024-12-01 10:15:31.697,2024,4,48,1,336,1,Coffee - Milk,Mid-Range,Mid Morning
10,card,30.86,Americano with Milk,Morning,Sun,Dec,7,12,2024-12-01,10:16:31.924000,2024-12-01 10:16:31.924,2024,4,48,1,336,1,Coffee - Milk,Mid-Range,Mid Morning
10,card,30.86,Americano with Milk,Morning,Sun,Dec,7,12,2024-12-01,10:22:46.588000,2024-12-01 10:22:46.588,2024,4,48,1,336,1,Coffee - Milk,Mid-Range,Mid Morning
14,card,30.86,Americano with Milk,Afternoon,Sun,Dec,7,12,2024-12-01,14:34:22.870000,2024-12-01 14:34:22.870,2024,4,48,1,336,1,Coffee - Milk,Mid-Range,Lunch Time
15,card,35.76,Cocoa,Afternoon,Sun,Dec,7,12,2024-12-01,15:09:12.653000,2024-12-01 15:09:12.653,2024,4,48,1,336,1,Non-Coffee,Premium,Afternoon
15,card,35.76,Cocoa,Afternoon,Sun,Dec,7,12,2024-12-01,15:09:56.961000,2024-12-01 15:09:56.961,2024,4,48,1,336,1,Non-Coffee,Premium,Afternoon
15,card,35.76,Cappuccino,Afternoon,Sun,Dec,7,12,2024-12-01,15:43:02.293000,2024-12-01 15:43:02.293,2024,4,48,1,336,1,Coffee - Milk,Premium,Afternoon
15,card,35.76,Latte,Afternoon,Sun,Dec,7,12,2024-12-01,15:56:31.215000,2024-12-01 15:56:31.215,2024,4,48,1,336,1,Coffee - Milk,Premium,Afternoon
15,card,35.76,Latte,Afternoon,Sun,Dec,7,12,2024-12-01,15:57:49.366000,2024-12-01 15:57:49.366,2024,4,48,1,336,1,Coffee - Milk,Premium,Afternoon
16,card,35.76,Latte,Afternoon,Sun,Dec,7,12,2024-12-01,16:32:59.481000,2024-12-01 16:32:59.481,2024,4,48,1,336,1,Coffee - Milk,Premium,Afternoon
16,card,35.76,Latte,Afternoon,Sun,Dec,7,12,2024-12-01,16:34:30.047000,2024-12-01 16:34:30.047,2024,4,48,1,336,1,Coffee - Milk,Premium,Afternoon
17,card,30.86,Americano with Milk,Night,Sun,Dec,7,12,2024-12-01,17:10:23.576000,2024-12-01 17:10:23.576,2024,4,48,1,336,1,Coffee - Milk,Mid-Range,Afternoon
17,card,30.86,Americano with Milk,Night,Sun,Dec,7,12,2024-12-01,17:11:32.019000,2024-12-01 17:11:32.019,2024,4,48,1,336,1,Coffee - Milk,Mid-Range,Afternoon
18,card,30.86,Americano with Milk,Night,Sun,Dec,7,12,2024-12-01,18:38:28.685000,2024-12-01 18:38:28.685,2024,4,48,1,336,1,Coffee - Milk,Mid-Range,Evening
7,card,35.76,Latte,Morning,Mon,Dec,1,12,2024-12-02,07:50:36.572000,2024-12-02 07:50:36.572,2024,4,49,2,337,0,Coffee - Milk,Premium,Early Morning
7,card,25.96,Americano,Morning,Mon,Dec,1,12,2024-12-02,07:51:59.373000,2024-12-02 07:51:59.373,2024,4,49,2,337,0,Coffee - Black,Standard,Early Morning
8,card,30.86,Americano with Milk,Morning,Mon,Dec,1,12,2024-12-02,08:21:29.576000,2024-12-02 08:21:29.576,2024,4,49,2,337,0,Coffee - Milk,Mid-Range,Early Morning
8,card,35.76,Cocoa,Morning,Mon,Dec,1,12,2024-12-02,08:53:14.454000,2024-12-02 08:53:14.454,2024,4,49,2,337,0,Non-Coffee,Premium,Early Morning
11,card,25.96,Cortado,Morning,Mon,Dec,1,12,2024-12-02,11:04:25.197000,2024-12-02 11:04:25.197,2024,4,49,2,337,0,Coffee - Milk,Standard,Mid Morning
15,card,21.06,Espresso,Afternoon,Mon,Dec,1,12,2024-12-02,15:28:23.946000,2024-12-02 15:28:23.946,2024,4,49,2,337,0,Coffee - Black,Standard,Afternoon
16,card,35.76,Cappuccino,Afternoon,Mon,Dec,1,12,2024-12-02,16:12:23.920000,2024-12-02 16:12:23.920,2024,4,49,2,337,0,Coffee - Milk,Premium,Afternoon
17,card,25.96,Americano,Night,Mon,Dec,1,12,2024-12-02,17:34:21.695000,2024-12-02 17:34:21.695,2024,4,49,2,337,0,Coffee - Black,Standard,Afternoon
18,card,35.76,Cappuccino,Night,Mon,Dec,1,12,2024-12-02,18:00:32.300000,2024-12-02 18:00:32.300,2024,4,49,2,337,0,Coffee - Milk,Premium,Evening
8,card,35.76,Latte,Morning,Tue,Dec,2,12,2024-12-03,08:11:19.139000,2024-12-03 08:11:19.139,2024,4,49,3,338,0,Coffee - Milk,Premium,Early Morning
9,card,30.86,Americano with Milk,Morning,Tue,Dec,2,12,2024-12-03,09:23:30.556000,2024-12-03 09:23:30.556,2024,4,49,3,338,0,Coffee - Milk,Mid-Range,Mid Morning
9,card,30.86,Americano with Milk,Morning,Tue,Dec,2,12,2024-12-03,09:24:27.071000,2024-12-03 09:24:27.071,2024,4,49,3,338,0,Coffee - Milk,Mid-Range,Mid Morning
11,card,25.96,Americano,Morning,Tue,Dec,2,12,2024-12-03,11:17:58.416000,2024-12-03 11:17:58.416,2024,4,49,3,338,0,Coffee - Black,Standard,Mid Morning
11,card,30.86,Americano with Milk,Morning,Tue,Dec,2,12,2024-12-03,11:42:07.580000,2024-12-03 11:42:07.580,2024,4,49,3,338,0,Coffee - Milk,Mid-Range,Mid Morning
11,card,30.86,Americano with Milk,Morning,Tue,Dec,2,12,2024-12-03,11:43:15.634000,2024-12-03 11:43:15.634,2024,4,49,3,338,0,Coffee - Milk,Mid-Range,Mid Morning
11,card,30.86,Americano with Milk,Morning,Tue,Dec,2,12,2024-12-03,11:45:54.433000,2024-12-03 11:45:54.433,2024,4,49,3,338,0,Coffee - Milk,Mid-Range,Mid Morning
20,card,35.76,Cocoa,Night,Tue,Dec,2,12,2024-12-03,20:50:55.752000,2024-12-03 20:50:55.752,2024,4,49,3,338,0,Non-Coffee,Premium,Evening
21,card,35.76,Latte,Night,Tue,Dec,2,12,2024-12-03,21:33:16.867000,2024-12-03 21:33:16.867,2024,4,49,3,338,0,Coffee - Milk,Premium,Evening
21,card,35.76,Cappuccino,Night,Tue,Dec,2,12,2024-12-03,21:34:13.125000,2024-12-03 21:34:13.125,2024,4,49,3,338,0,Coffee - Milk,Premium,Evening
21,card,35.76,Hot Chocolate,Night,Tue,Dec,2,12,2024-12-03,21:35:18.853000,2024-12-03 21:35:18.853,2024,4,49,3,338,0,Non-Coffee,Premium,Evening
22,card,30.86,Americano with Milk,Night,Tue,Dec,2,12,2024-12-03,22:19:13.773000,2024-12-03 22:19:13.773,2024,4,49,3,338,0,Coffee - Milk,Mid-Range,Evening
22,card,35.76,Cappuccino,Night,Tue,Dec,2,12,2024-12-03,22:21:42.084000,2024-12-03 22:21:42.084,2024,4,49,3,338,0,Coffee - Milk,Premium,Evening
8,card,25.96,Cortado,Morning,Wed,Dec,3,12,2024-12-04,08:32:47.920000,2024-12-04 08:32:47.920,2024,4,49,4,339,0,Coffee - Milk,Standard,Early Morning
8,card,35.76,Latte,Morning,Wed,Dec,3,12,2024-12-04,08:50:30.264000,2024-12-04 08:50:30.264,2024,4,49,4,339,0,Coffee - Milk,Premium,Early Morning
8,card,35.76,Latte,Morning,Wed,Dec,3,12,2024-12-04,08:52:15.008000,2024-12-04 08:52:15.008,2024,4,49,4,339,0,Coffee - Milk,Premium,Early Morning
9,card,25.96,Americano,Morning,Wed,Dec,3,12,2024-12-04,09:04:14.145000,2024-12-04 09:04:14.145,2024,4,49,4,339,0,Coffee - Black,Standard,Mid Morning
10,card,30.86,Americano with Milk,Morning,Wed,Dec,3,12,2024-12-04,10:23:01.388000,2024-12-04 10:23:01.388,2024,4,49,4,339,0,Coffee - Milk,Mid-Range,Mid Morning
10,card,30.86,Americano with Milk,Morning,Wed,Dec,3,12,2024-12-04,10:24:07.990000,2024-12-04 10:24:07.990,2024,4,49,4,339,0,Coffee - Milk,Mid-Range,Mid Morning
10,card,30.86,Americano with Milk,Morning,Wed,Dec,3,12,2024-12-04,10:26:57.751000,2024-12-04 10:26:57.751,2024,4,49,4,339,0,Coffee - Milk,Mid-Range,Mid Morning
10,card,35.76,Hot Chocolate,Morning,Wed,Dec,3,12,2024-12-04,10:29:47.597000,2024-12-04 10:29:47.597,2024,4,49,4,339,0,Non-Coffee,Premium,Mid Morning
11,card,30.86,Americano with Milk,Morning,Wed,Dec,3,12,2024-12-04,11:45:57.723000,2024-12-04 11:45:57.723,2024,4,49,4,339,0,Coffee - Milk,Mid-Range,Mid Morning
14,card,35.76,Hot Chocolate,Afternoon,Wed,Dec,3,12,2024-12-04,14:33:54.707000,2024-12-04 14:33:54.707,2024,4,49,4,339,0,Non-Coffee,Premium,Lunch Time
8,card,25.96,Americano,Morning,Thu,Dec,4,12,2024-12-05,08:53:48.287000,2024-12-05 08:53:48.287,2024,4,49,5,340,0,Coffee - Black,Standard,Early Morning
9,card,25.96,Cortado,Morning,Thu,Dec,4,12,2024-12-05,09:20:28.835000,2024-12-05 09:20:28.835,2024,4,49,5,340,0,Coffee - Milk,Standard,Mid Morning
10,card,30.86,Americano with Milk,Morning,Thu,Dec,4,12,2024-12-05,10:02:51.253000,2024-12-05 10:02:51.253,2024,4,49,5,340,0,Coffee - Milk,Mid-Range,Mid Morning
10,card,30.86,Americano with Milk,Morning,Thu,Dec,4,12,2024-12-05,10:05:05.538000,2024-12-05 10:05:05.538,2024,4,49,5,340,0,Coffee - Milk,Mid-Range,Mid Morning
11,card,35.76,Latte,Morning,Thu,Dec,4,12,2024-12-05,11:31:58.259000,2024-12-05 11:31:58.259,2024,4,49,5,340,0,Coffee - Milk,Premium,Mid Morning
11,card,25.96,Americano,Morning,Thu,Dec,4,12,2024-12-05,11:50:44.557000,2024-12-05 11:50:44.557,2024,4,49,5,340,0,Coffee - Black,Standard,Mid Morning
14,card,35.76,Cappuccino,Afternoon,Thu,Dec,4,12,2024-12-05,14:30:58.342000,2024-12-05 14:30:58.342,2024,4,49,5,340,0,Coffee - Milk,Premium,Lunch Time
15,card,35.76,Latte,Afternoon,Thu,Dec,4,12,2024-12-05,15:21:19.466000,2024-12-05 15:21:19.466,2024,4,49,5,340,0,Coffee - Milk,Premium,Afternoon
16,card,35.76,Latte,Afternoon,Thu,Dec,4,12,2024-12-05,16:02:10.015000,2024-12-05 16:02:10.015,2024,4,49,5,340,0,Coffee - Milk,Premium,Afternoon
11,card,35.76,Latte,Morning,Fri,Dec,5,12,2024-12-06,11:42:18.498000,2024-12-06 11:42:18.498,2024,4,49,6,341,0,Coffee - Milk,Premium,Mid Morning
16,card,35.76,Hot Chocolate,Afternoon,Fri,Dec,5,12,2024-12-06,16:31:58.025000,2024-12-06 16:31:58.025,2024,4,49,6,341,0,Non-Coffee,Premium,Afternoon
22,card,35.76,Latte,Night,Fri,Dec,5,12,2024-12-06,22:30:33.276000,2024-12-06 22:30:33.276,2024,4,49,6,341,0,Coffee - Milk,Premium,Evening
22,card,35.76,Hot Chocolate,Night,Fri,Dec,5,12,2024-12-06,22:31:30.002000,2024-12-06 22:31:30.002,2024,4,49,6,341,0,Non-Coffee,Premium,Evening
11,card,30.86,Americano with Milk,Morning,Sat,Dec,6,12,2024-12-07,11:17:10.143000,2024-12-07 11:17:10.143,2024,4,49,7,342,1,Coffee - Milk,Mid-Range,Mid Morning
14,card,25.96,Americano,Afternoon,Sat,Dec,6,12,2024-12-07,14:16:42.893000,2024-12-07 14:16:42.893,2024,4,49,7,342,1,Coffee - Black,Standard,Lunch Time
15,card,35.76,Latte,Afternoon,Sat,Dec,6,12,2024-12-07,15:44:04.861000,2024-12-07 15:44:04.861,2024,4,49,7,342,1,Coffee - Milk,Premium,Afternoon
19,card,35.76,Cappuccino,Night,Sat,Dec,6,12,2024-12-07,19:11:13.492000,2024-12-07 19:11:13.492,2024,4,49,7,342,1,Coffee - Milk,Premium,Evening
22,card,30.86,Americano with Milk,Night,Sat,Dec,6,12,2024-12-07,22:00:09.994000,2024-12-07 22:00:09.994,2024,4,49,7,342,1,Coffee - Milk,Mid-Range,Evening
22,card,25.96,Americano,Night,Sat,Dec,6,12,2024-12-07,22:28:17.088000,2024-12-07 22:28:17.088,2024,4,49,7,342,1,Coffee - Black,Standard,Evening
8,card,25.96,Cortado,Morning,Sun,Dec,7,12,2024-12-08,08:29:25.273000,2024-12-08 08:29:25.273,2024,4,49,8,343,1,Coffee - Milk,Standard,Early Morning
10,card,35.76,Latte,Morning,Sun,Dec,7,12,2024-12-08,10:42:38.160000,2024-12-08 10:42:38.160,2024,4,49,8,343,1,Coffee - Milk,Premium,Mid Morning
10,card,35.76,Cappuccino,Morning,Sun,Dec,7,12,2024-12-08,10:43:42.726000,2024-12-08 10:43:42.726,2024,4,49,8,343,1,Coffee - Milk,Premium,Mid Morning
12,card,25.96,Cortado,Afternoon,Sun,Dec,7,12,2024-12-08,12:51:40.875000,2024-12-08 12:51:40.875,2024,4,49,8,343,1,Coffee - Milk,Standard,Lunch Time
13,card,30.86,Americano with Milk,Afternoon,Sun,Dec,7,12,2024-12-08,13:02:36.202000,2024-12-08 13:02:36.202,2024,4,49,8,343,1,Coffee - Milk,Mid-Range,Lunch Time
13,card,30.86,Americano with Milk,Afternoon,Sun,Dec,7,12,2024-12-08,13:03:38.720000,2024-12-08 13:03:38.720,2024,4,49,8,343,1,Coffee - Milk,Mid-Range,Lunch Time
17,card,35.76,Cappuccino,Night,Sun,Dec,7,12,2024-12-08,17:26:29.292000,2024-12-08 17:26:29.292,2024,4,49,8,343,1,Coffee - Milk,Premium,Afternoon
18,card,21.06,Espresso,Night,Sun,Dec,7,12,2024-12-08,18:41:48.753000,2024-12-08 18:41:48.753,2024,4,49,8,343,1,Coffee - Black,Standard,Evening
20,card,35.76,Cappuccino,Night,Sun,Dec,7,12,2024-12-08,20:47:18.935000,2024-12-08 20:47:18.935,2024,4,49,8,343,1,Coffee - Milk,Premium,Evening
21,card,30.86,Americano with Milk,Night,Sun,Dec,7,12,2024-12-08,21:28:30.079000,2024-12-08 21:28:30.079,2024,4,49,8,343,1,Coffee - Milk,Mid-Range,Evening
21,card,30.86,Americano with Milk,Night,Sun,Dec,7,12,2024-12-08,21:41:23.523000,2024-12-08 21:41:23.523,2024,4,49,8,343,1,Coffee - Milk,Mid-Range,Evening
8,card,35.76,Cappuccino,Morning,Mon,Dec,1,12,2024-12-09,08:32:40.810000,2024-12-09 08:32:40.810,2024,4,50,9,344,0,Coffee - Milk,Premium,Early Morning
9,card,25.96,Americano,Morning,Mon,Dec,1,12,2024-12-09,09:12:25.172000,2024-12-09 09:12:25.172,2024,4,50,9,344,0,Coffee - Black,Standard,Mid Morning
9,card,30.86,Americano with Milk,Morning,Mon,Dec,1,12,2024-12-09,09:33:57.417000,2024-12-09 09:33:57.417,2024,4,50,9,344,0,Coffee - Milk,Mid-Range,Mid Morning
13,card,25.96,Cortado,Afternoon,Mon,Dec,1,12,2024-12-09,13:00:54.913000,2024-12-09 13:00:54.913,2024,4,50,9,344,0,Coffee - Milk,Standard,Lunch Time
21,card,35.76,Cocoa,Night,Mon,Dec,1,12,2024-12-09,21:21:51.269000,2024-12-09 21:21:51.269,2024,4,50,9,344,0,Non-Coffee,Premium,Evening
12,card,25.96,Cortado,Afternoon,Tue,Dec,2,12,2024-12-10,12:25:49.755000,2024-12-10 12:25:49.755,2024,4,50,10,345,0,Coffee - Milk,Standard,Lunch Time
18,card,35.76,Hot Chocolate,Night,Tue,Dec,2,12,2024-12-10,18:21:57.841000,2024-12-10 18:21:57.841,2024,4,50,10,345,0,Non-Coffee,Premium,Evening
7,card,35.76,Latte,Morning,Wed,Dec,3,12,2024-12-11,07:49:45.989000,2024-12-11 07:49:45.989,2024,4,50,11,346,0,Coffee - Milk,Premium,Early Morning
10,card,25.96,Cortado,Morning,Wed,Dec,3,12,2024-12-11,10:45:47.919000,2024-12-11 10:45:47.919,2024,4,50,11,346,0,Coffee - Milk,Standard,Mid Morning
12,card,35.76,Hot Chocolate,Afternoon,Wed,Dec,3,12,2024-12-11,12:13:06.273000,2024-12-11 12:13:06.273,2024,4,50,11,346,0,Non-Coffee,Premium,Lunch Time
12,card,21.06,Espresso,Afternoon,Wed,Dec,3,12,2024-12-11,12:56:47.765000,2024-12-11 12:56:47.765,2024,4,50,11,346,0,Coffee - Black,Standard,Lunch Time
17,card,35.76,Cocoa,Night,Wed,Dec,3,12,2024-12-11,17:59:25.455000,2024-12-11 17:59:25.455,2024,4,50,11,346,0,Non-Coffee,Premium,Afternoon
21,card,35.76,Latte,Night,Wed,Dec,3,12,2024-12-11,21:01:07.579000,2024-12-11 21:01:07.579,2024,4,50,11,346,0,Coffee - Milk,Premium,Evening
21,card,35.76,Latte,Night,Wed,Dec,3,12,2024-12-11,21:18:17.192000,2024-12-11 21:18:17.192,2024,4,50,11,346,0,Coffee - Milk,Premium,Evening
7,card,30.86,Americano with Milk,Morning,Thu,Dec,4,12,2024-12-12,07:58:31.186000,2024-12-12 07:58:31.186,2024,4,50,12,347,0,Coffee - Milk,Mid-Range,Early Morning
12,card,25.96,Americano,Afternoon,Thu,Dec,4,12,2024-12-12,12:49:23.672000,2024-12-12 12:49:23.672,2024,4,50,12,347,0,Coffee - Black,Standard,Lunch Time
16,card,21.06,Espresso,Afternoon,Thu,Dec,4,12,2024-12-12,16:55:02.108000,2024-12-12 16:55:02.108,2024,4,50,12,347,0,Coffee - Black,Standard,Afternoon
16,card,21.06,Espresso,Afternoon,Thu,Dec,4,12,2024-12-12,16:55:49.129000,2024-12-12 16:55:49.129,2024,4,50,12,347,0,Coffee - Black,Standard,Afternoon
16,card,25.96,Americano,Afternoon,Thu,Dec,4,12,2024-12-12,16:57:01.116000,2024-12-12 16:57:01.116,2024,4,50,12,347,0,Coffee - Black,Standard,Afternoon
19,card,35.76,Cocoa,Night,Thu,Dec,4,12,2024-12-12,19:50:00.934000,2024-12-12 19:50:00.934,2024,4,50,12,347,0,Non-Coffee,Premium,Evening
19,card,35.76,Cocoa,Night,Thu,Dec,4,12,2024-12-12,19:50:57.734000,2024-12-12 19:50:57.734,2024,4,50,12,347,0,Non-Coffee,Premium,Evening
12,card,25.96,Americano,Afternoon,Fri,Dec,5,12,2024-12-13,12:27:25.453000,2024-12-13 12:27:25.453,2024,4,50,13,348,0,Coffee - Black,Standard,Lunch Time
12,card,25.96,Americano,Afternoon,Fri,Dec,5,12,2024-12-13,12:53:05.572000,2024-12-13 12:53:05.572,2024,4,50,13,348,0,Coffee - Black,Standard,Lunch Time
12,card,35.76,Hot Chocolate,Afternoon,Fri,Dec,5,12,2024-12-13,12:54:40.166000,2024-12-13 12:54:40.166,2024,4,50,13,348,0,Non-Coffee,Premium,Lunch Time
14,card,35.76,Hot Chocolate,Afternoon,Fri,Dec,5,12,2024-12-13,14:01:58.063000,2024-12-13 14:01:58.063,2024,4,50,13,348,0,Non-Coffee,Premium,Lunch Time
16,card,35.76,Cocoa,Afternoon,Fri,Dec,5,12,2024-12-13,16:23:23.898000,2024-12-13 16:23:23.898,2024,4,50,13,348,0,Non-Coffee,Premium,Afternoon
19,card,35.76,Cappuccino,Night,Fri,Dec,5,12,2024-12-13,19:19:03.811000,2024-12-13 19:19:03.811,2024,4,50,13,348,0,Coffee - Milk,Premium,Evening
19,card,35.76,Cappuccino,Night,Fri,Dec,5,12,2024-12-13,19:20:10.119000,2024-12-13 19:20:10.119,2024,4,50,13,348,0,Coffee - Milk,Premium,Evening
21,card,35.76,Latte,Night,Fri,Dec,5,12,2024-12-13,21:35:41.955000,2024-12-13 21:35:41.955,2024,4,50,13,348,0,Coffee - Milk,Premium,Evening
8,card,30.86,Americano with Milk,Morning,Sat,Dec,6,12,2024-12-14,08:27:32.054000,2024-12-14 08:27:32.054,2024,4,50,14,349,1,Coffee - Milk,Mid-Range,Early Morning
9,card,35.76,Cocoa,Morning,Sat,Dec,6,12,2024-12-14,09:03:05.572000,2024-12-14 09:03:05.572,2024,4,50,14,349,1,Non-Coffee,Premium,Mid Morning
11,card,35.76,Cappuccino,Morning,Sat,Dec,6,12,2024-12-14,11:41:57.820000,2024-12-14 11:41:57.820,2024,4,50,14,349,1,Coffee - Milk,Premium,Mid Morning
13,card,25.96,Americano,Afternoon,Sat,Dec,6,12,2024-12-14,13:19:07.033000,2024-12-14 13:19:07.033,2024,4,50,14,349,1,Coffee - Black,Standard,Lunch Time
13,card,35.76,Latte,Afternoon,Sat,Dec,6,12,2024-12-14,13:20:08.603000,2024-12-14 13:20:08.603,2024,4,50,14,349,1,Coffee - Milk,Premium,Lunch Time
16,card,35.76,Cocoa,Afternoon,Sat,Dec,6,12,2024-12-14,16:10:29.983000,2024-12-14 16:10:29.983,2024,4,50,14,349,1,Non-Coffee,Premium,Afternoon
16,card,25.96,Americano,Afternoon,Sat,Dec,6,12,2024-12-14,16:29:58.935000,2024-12-14 16:29:58.935,2024,4,50,14,349,1,Coffee - Black,Standard,Afternoon
16,card,25.96,Americano,Afternoon,Sat,Dec,6,12,2024-12-14,16:30:49.780000,2024-12-14 16:30:49.780,2024,4,50,14,349,1,Coffee - Black,Standard,Afternoon
17,card,25.96,Americano,Night,Sat,Dec,6,12,2024-12-14,17:00:15.899000,2024-12-14 17:00:15.899,2024,4,50,14,349,1,Coffee - Black,Standard,Afternoon
17,card,25.96,Americano,Night,Sat,Dec,6,12,2024-12-14,17:01:29.185000,2024-12-14 17:01:29.185,2024,4,50,14,349,1,Coffee - Black,Standard,Afternoon
18,card,30.86,Americano with Milk,Night,Sat,Dec,6,12,2024-12-14,18:23:44.156000,2024-12-14 18:23:44.156,2024,4,50,14,349,1,Coffee - Milk,Mid-Range,Evening
11,card,35.76,Latte,Morning,Sun,Dec,7,12,2024-12-15,11:09:24.807000,2024-12-15 11:09:24.807,2024,4,50,15,350,1,Coffee - Milk,Premium,Mid Morning
11,card,35.76,Cocoa,Morning,Sun,Dec,7,12,2024-12-15,11:10:25.693000,2024-12-15 11:10:25.693,2024,4,50,15,350,1,Non-Coffee,Premium,Mid Morning
17,card,35.76,Hot Chocolate,Night,Sun,Dec,7,12,2024-12-15,17:58:05.386000,2024-12-15 17:58:05.386,2024,4,50,15,350,1,Non-Coffee,Premium,Afternoon
7,card,35.76,Latte,Morning,Mon,Dec,1,12,2024-12-16,07:52:18.379000,2024-12-16 07:52:18.379,2024,4,51,16,351,0,Coffee - Milk,Premium,Early Morning
8,card,35.76,Hot Chocolate,Morning,Mon,Dec,1,12,2024-12-16,08:03:31.099000,2024-12-16 08:03:31.099,2024,4,51,16,351,0,Non-Coffee,Premium,Early Morning
8,card,35.76,Cocoa,Morning,Mon,Dec,1,12,2024-12-16,08:46:53.826000,2024-12-16 08:46:53.826,2024,4,51,16,351,0,Non-Coffee,Premium,Early Morning
12,card,30.86,Americano with Milk,Afternoon,Mon,Dec,1,12,2024-12-16,12:19:08.131000,2024-12-16 12:19:08.131,2024,4,51,16,351,0,Coffee - Milk,Mid-Range,Lunch Time
13,card,35.76,Latte,Afternoon,Mon,Dec,1,12,2024-12-16,13:08:52.577000,2024-12-16 13:08:52.577,2024,4,51,16,351,0,Coffee - Milk,Premium,Lunch Time
14,card,35.76,Hot Chocolate,Afternoon,Mon,Dec,1,12,2024-12-16,14:13:18.149000,2024-12-16 14:13:18.149,2024,4,51,16,351,0,Non-Coffee,Premium,Lunch Time
18,card,35.76,Latte,Night,Mon,Dec,1,12,2024-12-16,18:23:07.045000,2024-12-16 18:23:07.045,2024,4,51,16,351,0,Coffee - Milk,Premium,Evening
18,card,30.86,Americano with Milk,Night,Mon,Dec,1,12,2024-12-16,18:24:01.414000,2024-12-16 18:24:01.414,2024,4,51,16,351,0,Coffee - Milk,Mid-Range,Evening
8,card,25.96,Cortado,Morning,Tue,Dec,2,12,2024-12-17,08:48:18.158000,2024-12-17 08:48:18.158,2024,4,51,17,352,0,Coffee - Milk,Standard,Early Morning
8,card,35.76,Cappuccino,Morning,Tue,Dec,2,12,2024-12-17,08:52:32.631000,2024-12-17 08:52:32.631,2024,4,51,17,352,0,Coffee - Milk,Premium,Early Morning
10,card,30.86,Americano with Milk,Morning,Tue,Dec,2,12,2024-12-17,10:49:05.535000,2024-12-17 10:49:05.535,2024,4,51,17,352,0,Coffee - Milk,Mid-Range,Mid Morning
16,card,25.96,Americano,Afternoon,Tue,Dec,2,12,2024-12-17,16:22:35.059000,2024-12-17 16:22:35.059,2024,4,51,17,352,0,Coffee - Black,Standard,Afternoon
16,card,35.76,Cocoa,Afternoon,Tue,Dec,2,12,2024-12-17,16:23:36.605000,2024-12-17 16:23:36.605,2024,4,51,17,352,0,Non-Coffee,Premium,Afternoon
17,card,35.76,Cappuccino,Night,Tue,Dec,2,12,2024-12-17,17:14:22.065000,2024-12-17 17:14:22.065,2024,4,51,17,352,0,Coffee - Milk,Premium,Afternoon
18,card,35.76,Cocoa,Night,Tue,Dec,2,12,2024-12-17,18:54:57.302000,2024-12-17 18:54:57.302,2024,4,51,17,352,0,Non-Coffee,Premium,Evening
9,card,35.76,Latte,Morning,Wed,Dec,3,12,2024-12-18,09:30:28.285000,2024-12-18 09:30:28.285,2024,4,51,18,353,0,Coffee - Milk,Premium,Mid Morning
10,card,30.86,Americano with Milk,Morning,Wed,Dec,3,12,2024-12-18,10:01:21.491000,2024-12-18 10:01:21.491,2024,4,51,18,353,0,Coffee - Milk,Mid-Range,Mid Morning
10,card,35.76,Latte,Morning,Wed,Dec,3,12,2024-12-18,10:03:02.068000,2024-12-18 10:03:02.068,2024,4,51,18,353,0,Coffee - Milk,Premium,Mid Morning
10,card,35.76,Cappuccino,Morning,Wed,Dec,3,12,2024-12-18,10:04:03.380000,2024-12-18 10:04:03.380,2024,4,51,18,353,0,Coffee - Milk,Premium,Mid Morning
10,card,35.76,Hot Chocolate,Morning,Thu,Dec,4,12,2024-12-19,10:12:11.185000,2024-12-19 10:12:11.185,2024,4,51,19,354,0,Non-Coffee,Premium,Mid Morning
11,card,30.86,Americano with Milk,Morning,Thu,Dec,4,12,2024-12-19,11:25:43.942000,2024-12-19 11:25:43.942,2024,4,51,19,354,0,Coffee - Milk,Mid-Range,Mid Morning
12,card,21.06,Espresso,Afternoon,Thu,Dec,4,12,2024-12-19,12:10:52.329000,2024-12-19 12:10:52.329,2024,4,51,19,354,0,Coffee - Black,Standard,Lunch Time
13,card,35.76,Hot Chocolate,Afternoon,Thu,Dec,4,12,2024-12-19,13:38:56.787000,2024-12-19 13:38:56.787,2024,4,51,19,354,0,Non-Coffee,Premium,Lunch Time
19,card,35.76,Cappuccino,Night,Thu,Dec,4,12,2024-12-19,19:00:56.263000,2024-12-19 19:00:56.263,2024,4,51,19,354,0,Coffee - Milk,Premium,Evening
19,card,35.76,Cappuccino,Night,Thu,Dec,4,12,2024-12-19,19:10:40.561000,2024-12-19 19:10:40.561,2024,4,51,19,354,0,Coffee - Milk,Premium,Evening
19,card,30.86,Americano with Milk,Night,Thu,Dec,4,12,2024-12-19,19:48:18.022000,2024-12-19 19:48:18.022,2024,4,51,19,354,0,Coffee - Milk,Mid-Range,Evening
19,card,35.76,Hot Chocolate,Night,Thu,Dec,4,12,2024-12-19,19:49:42.574000,2024-12-19 19:49:42.574,2024,4,51,19,354,0,Non-Coffee,Premium,Evening
21,card,35.76,Latte,Night,Thu,Dec,4,12,2024-12-19,21:08:11.811000,2024-12-19 21:08:11.811,2024,4,51,19,354,0,Coffee - Milk,Premium,Evening
21,card,35.76,Cappuccino,Night,Thu,Dec,4,12,2024-12-19,21:09:15.719000,2024-12-19 21:09:15.719,2024,4,51,19,354,0,Coffee - Milk,Premium,Evening
8,card,25.96,Cortado,Morning,Fri,Dec,5,12,2024-12-20,08:14:51.955000,2024-12-20 08:14:51.955,2024,4,51,20,355,0,Coffee - Milk,Standard,Early Morning
9,card,30.86,Americano with Milk,Morning,Fri,Dec,5,12,2024-12-20,09:39:29.862000,2024-12-20 09:39:29.862,2024,4,51,20,355,0,Coffee - Milk,Mid-Range,Mid Morning
10,card,35.76,Cappuccino,Morning,Fri,Dec,5,12,2024-12-20,10:12:42.831000,2024-12-20 10:12:42.831,2024,4,51,20,355,0,Coffee - Milk,Premium,Mid Morning
10,card,25.96,Cortado,Morning,Fri,Dec,5,12,2024-12-20,10:55:29.127000,2024-12-20 10:55:29.127,2024,4,51,20,355,0,Coffee - Milk,Standard,Mid Morning
12,card,21.06,Espresso,Afternoon,Fri,Dec,5,12,2024-12-20,12:21:17.233000,2024-12-20 12:21:17.233,2024,4,51,20,355,0,Coffee - Black,Standard,Lunch Time
12,card,30.86,Americano with Milk,Afternoon,Fri,Dec,5,12,2024-12-20,12:22:49.372000,2024-12-20 12:22:49.372,2024,4,51,20,355,0,Coffee - Milk,Mid-Range,Lunch Time
14,card,25.96,Cortado,Afternoon,Fri,Dec,5,12,2024-12-20,14:58:20.349000,2024-12-20 14:58:20.349,2024,4,51,20,355,0,Coffee - Milk,Standard,Lunch Time
18,card,35.76,Cappuccino,Night,Fri,Dec,5,12,2024-12-20,18:28:22.151000,2024-12-20 18:28:22.151,2024,4,51,20,355,0,Coffee - Milk,Premium,Evening
18,card,35.76,Cappuccino,Night,Fri,Dec,5,12,2024-12-20,18:57:13.326000,2024-12-20 18:57:13.326,2024,4,51,20,355,0,Coffee - Milk,Premium,Evening
10,card,35.76,Cappuccino,Morning,Sat,Dec,6,12,2024-12-21,10:19:23.875000,2024-12-21 10:19:23.875,2024,4,51,21,356,1,Coffee - Milk,Premium,Mid Morning
10,card,35.76,Latte,Morning,Sat,Dec,6,12,2024-12-21,10:20:41.106000,2024-12-21 10:20:41.106,2024,4,51,21,356,1,Coffee - Milk,Premium,Mid Morning
10,card,25.96,Americano,Morning,Sat,Dec,6,12,2024-12-21,10:32:02.796000,2024-12-21 10:32:02.796,2024,4,51,21,356,1,Coffee - Black,Standard,Mid Morning
15,card,35.76,Hot Chocolate,Afternoon,Sat,Dec,6,12,2024-12-21,15:33:03.629000,2024-12-21 15:33:03.629,2024,4,51,21,356,1,Non-Coffee,Premium,Afternoon
15,card,35.76,Latte,Afternoon,Sat,Dec,6,12,2024-12-21,15:33:49.614000,2024-12-21 15:33:49.614,2024,4,51,21,356,1,Coffee - Milk,Premium,Afternoon
15,card,30.86,Americano with Milk,Afternoon,Sat,Dec,6,12,2024-12-21,15:35:29.373000,2024-12-21 15:35:29.373,2024,4,51,21,356,1,Coffee - Milk,Mid-Range,Afternoon
15,card,35.76,Latte,Afternoon,Sat,Dec,6,12,2024-12-21,15:58:07.022000,2024-12-21 15:58:07.022,2024,4,51,21,356,1,Coffee - Milk,Premium,Afternoon
17,card,35.76,Cocoa,Night,Sat,Dec,6,12,2024-12-21,17:47:27.852000,2024-12-21 17:47:27.852,2024,4,51,21,356,1,Non-Coffee,Premium,Afternoon
18,card,35.76,Hot Chocolate,Night,Sat,Dec,6,12,2024-12-21,18:02:36.869000,2024-12-21 18:02:36.869,2024,4,51,21,356,1,Non-Coffee,Premium,Evening
18,card,25.96,Cortado,Night,Sat,Dec,6,12,2024-12-21,18:08:17.169000,2024-12-21 18:08:17.169,2024,4,51,21,356,1,Coffee - Milk,Standard,Evening
19,card,30.86,Americano with Milk,Night,Sat,Dec,6,12,2024-12-21,19:48:13.454000,2024-12-21 19:48:13.454,2024,4,51,21,356,1,Coffee - Milk,Mid-Range,Evening
19,card,25.96,Cortado,Night,Sat,Dec,6,12,2024-12-21,19:49:45.769000,2024-12-21 19:49:45.769,2024,4,51,21,356,1,Coffee - Milk,Standard,Evening
21,card,25.96,Cortado,Night,Sat,Dec,6,12,2024-12-21,21:49:47.313000,2024-12-21 21:49:47.313,2024,4,51,21,356,1,Coffee - Milk,Standard,Evening
21,card,35.76,Latte,Night,Sat,Dec,6,12,2024-12-21,21:58:48.754000,2024-12-21 21:58:48.754,2024,4,51,21,356,1,Coffee - Milk,Premium,Evening
22,card,25.96,Cortado,Night,Sat,Dec,6,12,2024-12-21,22:16:14.139000,2024-12-21 22:16:14.139,2024,4,51,21,356,1,Coffee - Milk,Standard,Evening
10,card,35.76,Cappuccino,Morning,Sun,Dec,7,12,2024-12-22,10:42:56.126000,2024-12-22 10:42:56.126,2024,4,51,22,357,1,Coffee - Milk,Premium,Mid Morning
18,card,35.76,Cappuccino,Night,Sun,Dec,7,12,2024-12-22,18:55:44.510000,2024-12-22 18:55:44.510,2024,4,51,22,357,1,Coffee - Milk,Premium,Evening
19,card,35.76,Hot Chocolate,Night,Sun,Dec,7,12,2024-12-22,19:35:45.848000,2024-12-22 19:35:45.848,2024,4,51,22,357,1,Non-Coffee,Premium,Evening
19,card,35.76,Hot Chocolate,Night,Sun,Dec,7,12,2024-12-22,19:36:29.863000,2024-12-22 19:36:29.863,2024,4,51,22,357,1,Non-Coffee,Premium,Evening
20,card,35.76,Hot Chocolate,Night,Sun,Dec,7,12,2024-12-22,20:26:36.732000,2024-12-22 20:26:36.732,2024,4,51,22,357,1,Non-Coffee,Premium,Evening
21,card,35.76,Cocoa,Night,Sun,Dec,7,12,2024-12-22,21:55:18.754000,2024-12-22 21:55:18.754,2024,4,51,22,357,1,Non-Coffee,Premium,Evening
21,card,25.96,Cortado,Night,Sun,Dec,7,12,2024-12-22,21:56:56.296000,2024-12-22 21:56:56.296,2024,4,51,22,357,1,Coffee - Milk,Standard,Evening
9,card,25.96,Cortado,Morning,Mon,Dec,1,12,2024-12-23,09:03:21.025000,2024-12-23 09:03:21.025,2024,4,52,23,358,0,Coffee - Milk,Standard,Mid Morning
9,card,30.86,Americano with Milk,Morning,Mon,Dec,1,12,2024-12-23,09:22:17.895000,2024-12-23 09:22:17.895,2024,4,52,23,358,0,Coffee - Milk,Mid-Range,Mid Morning
10,card,30.86,Americano with Milk,Morning,Mon,Dec,1,12,2024-12-23,10:42:03.416000,2024-12-23 10:42:03.416,2024,4,52,23,358,0,Coffee - Milk,Mid-Range,Mid Morning
11,card,35.76,Cappuccino,Morning,Mon,Dec,1,12,2024-12-23,11:35:54.428000,2024-12-23 11:35:54.428,2024,4,52,23,358,0,Coffee - Milk,Premium,Mid Morning
14,card,35.76,Latte,Afternoon,Mon,Dec,1,12,2024-12-23,14:05:31.735000,2024-12-23 14:05:31.735,2024,4,52,23,358,0,Coffee - Milk,Premium,Lunch Time
15,card,30.86,Americano with Milk,Afternoon,Mon,Dec,1,12,2024-12-23,15:00:23.679000,2024-12-23 15:00:23.679,2024,4,52,23,358,0,Coffee - Milk,Mid-Range,Afternoon
16,card,35.76,Latte,Afternoon,Mon,Dec,1,12,2024-12-23,16:14:50.443000,2024-12-23 16:14:50.443,2024,4,52,23,358,0,Coffee - Milk,Premium,Afternoon
17,card,25.96,Cortado,Night,Mon,Dec,1,12,2024-12-23,17:21:20.495000,2024-12-23 17:21:20.495,2024,4,52,23,358,0,Coffee - Milk,Standard,Afternoon
17,card,35.76,Latte,Night,Mon,Dec,1,12,2024-12-23,17:22:40.297000,2024-12-23 17:22:40.297,2024,4,52,23,358,0,Coffee - Milk,Premium,Afternoon
20,card,25.96,Cortado,Night,Mon,Dec,1,12,2024-12-23,20:46:07.226000,2024-12-23 20:46:07.226,2024,4,52,23,358,0,Coffee - Milk,Standard,Evening
15,card,30.86,Americano with Milk,Afternoon,Tue,Dec,2,12,2024-12-24,15:10:43.421000,2024-12-24 15:10:43.421,2024,4,52,24,359,0,Coffee - Milk,Mid-Range,Afternoon
16,card,35.76,Hot Chocolate,Afternoon,Tue,Dec,2,12,2024-12-24,16:08:38.130000,2024-12-24 16:08:38.130,2024,4,52,24,359,0,Non-Coffee,Premium,Afternoon
17,card,25.96,Cortado,Night,Tue,Dec,2,12,2024-12-24,17:55:28.559000,2024-12-24 17:55:28.559,2024,4,52,24,359,0,Coffee - Milk,Standard,Afternoon
19,card,35.76,Hot Chocolate,Night,Tue,Dec,2,12,2024-12-24,19:10:36.272000,2024-12-24 19:10:36.272,2024,4,52,24,359,0,Non-Coffee,Premium,Evening
19,card,35.76,Latte,Night,Tue,Dec,2,12,2024-12-24,19:11:36.864000,2024-12-24 19:11:36.864,2024,4,52,24,359,0,Coffee - Milk,Premium,Evening
19,card,21.06,Espresso,Night,Tue,Dec,2,12,2024-12-24,19:12:34.982000,2024-12-24 19:12:34.982,2024,4,52,24,359,0,Coffee - Black,Standard,Evening
19,card,35.76,Cappuccino,Night,Tue,Dec,2,12,2024-12-24,19:36:02.332000,2024-12-24 19:36:02.332,2024,4,52,24,359,0,Coffee - Milk,Premium,Evening
10,card,35.76,Latte,Morning,Wed,Dec,3,12,2024-12-25,10:43:56.819000,2024-12-25 10:43:56.819,2024,4,52,25,360,0,Coffee - Milk,Premium,Mid Morning
10,card,35.76,Latte,Morning,Wed,Dec,3,12,2024-12-25,10:45:02.380000,2024-12-25 10:45:02.380,2024,4,52,25,360,0,Coffee - Milk,Premium,Mid Morning
12,card,30.86,Americano with Milk,Afternoon,Wed,Dec,3,12,2024-12-25,12:35:03.285000,2024-12-25 12:35:03.285,2024,4,52,25,360,0,Coffee - Milk,Mid-Range,Lunch Time
12,card,25.96,Americano,Afternoon,Wed,Dec,3,12,2024-12-25,12:36:00.079000,2024-12-25 12:36:00.079,2024,4,52,25,360,0,Coffee - Black,Standard,Lunch Time
13,card,30.86,Americano with Milk,Afternoon,Wed,Dec,3,12,2024-12-25,13:17:11.399000,2024-12-25 13:17:11.399,2024,4,52,25,360,0,Coffee - Milk,Mid-Range,Lunch Time
13,card,25.96,Americano,Afternoon,Wed,Dec,3,12,2024-12-25,13:32:47.545000,2024-12-25 13:32:47.545,2024,4,52,25,360,0,Coffee - Black,Standard,Lunch Time
20,card,35.76,Cappuccino,Night,Wed,Dec,3,12,2024-12-25,20:02:40.331000,2024-12-25 20:02:40.331,2024,4,52,25,360,0,Coffee - Milk,Premium,Evening
21,card,35.76,Cocoa,Night,Wed,Dec,3,12,2024-12-25,21:18:49.844000,2024-12-25 21:18:49.844,2024,4,52,25,360,0,Non-Coffee,Premium,Evening
21,card,35.76,Cocoa,Night,Wed,Dec,3,12,2024-12-25,21:19:42.093000,2024-12-25 21:19:42.093,2024,4,52,25,360,0,Non-Coffee,Premium,Evening
21,card,35.76,Latte,Night,Wed,Dec,3,12,2024-12-25,21:57:30.270000,2024-12-25 21:57:30.270,2024,4,52,25,360,0,Coffee - Milk,Premium,Evening
22,card,35.76,Cappuccino,Night,Wed,Dec,3,12,2024-12-25,22:51:02.901000,2024-12-25 22:51:02.901,2024,4,52,25,360,0,Coffee - Milk,Premium,Evening
22,card,30.86,Americano with Milk,Night,Wed,Dec,3,12,2024-12-25,22:53:06.426000,2024-12-25 22:53:06.426,2024,4,52,25,360,0,Coffee - Milk,Mid-Range,Evening
13,card,35.76,Cappuccino,Afternoon,Thu,Dec,4,12,2024-12-26,13:12:37.940000,2024-12-26 13:12:37.940,2024,4,52,26,361,0,Coffee - Milk,Premium,Lunch Time
15,card,21.06,Espresso,Afternoon,Thu,Dec,4,12,2024-12-26,15:04:34.471000,2024-12-26 15:04:34.471,2024,4,52,26,361,0,Coffee - Black,Standard,Afternoon
7,card,25.96,Americano,Morning,Fri,Dec,5,12,2024-12-27,07:50:20.711000,2024-12-27 07:50:20.711,2024,4,52,27,362,0,Coffee - Black,Standard,Early Morning
8,card,25.96,Cortado,Morning,Fri,Dec,5,12,2024-12-27,08:57:38.912000,2024-12-27 08:57:38.912,2024,4,52,27,362,0,Coffee - Milk,Standard,Early Morning
9,card,25.96,Cortado,Morning,Fri,Dec,5,12,2024-12-27,09:09:55.226000,2024-12-27 09:09:55.226,2024,4,52,27,362,0,Coffee - Milk,Standard,Mid Morning
10,card,30.86,Americano with Milk,Morning,Fri,Dec,5,12,2024-12-27,10:12:53.425000,2024-12-27 10:12:53.425,2024,4,52,27,362,0,Coffee - Milk,Mid-Range,Mid Morning
17,card,35.76,Latte,Night,Fri,Dec,5,12,2024-12-27,17:12:04.641000,2024-12-27 17:12:04.641,2024,4,52,27,362,0,Coffee - Milk,Premium,Afternoon
19,card,25.96,Americano,Night,Fri,Dec,5,12,2024-12-27,19:47:27.855000,2024-12-27 19:47:27.855,2024,4,52,27,362,0,Coffee - Black,Standard,Evening
19,card,30.86,Americano with Milk,Night,Fri,Dec,5,12,2024-12-27,19:48:21.643000,2024-12-27 19:48:21.643,2024,4,52,27,362,0,Coffee - Milk,Mid-Range,Evening
22,card,35.76,Cocoa,Night,Fri,Dec,5,12,2024-12-27,22:54:32.893000,2024-12-27 22:54:32.893,2024,4,52,27,362,0,Non-Coffee,Premium,Evening
9,card,25.96,Cortado,Morning,Sat,Dec,6,12,2024-12-28,09:00:23.465000,2024-12-28 09:00:23.465,2024,4,52,28,363,1,Coffee - Milk,Standard,Mid Morning
9,card,25.96,Cortado,Morning,Sat,Dec,6,12,2024-12-28,09:50:37.949000,2024-12-28 09:50:37.949,2024,4,52,28,363,1,Coffee - Milk,Standard,Mid Morning
10,card,30.86,Americano with Milk,Morning,Sat,Dec,6,12,2024-12-28,10:18:44.226000,2024-12-28 10:18:44.226,2024,4,52,28,363,1,Coffee - Milk,Mid-Range,Mid Morning
10,card,35.76,Latte,Morning,Sat,Dec,6,12,2024-12-28,10:52:03.125000,2024-12-28 10:52:03.125,2024,4,52,28,363,1,Coffee - Milk,Premium,Mid Morning
14,card,35.76,Cappuccino,Afternoon,Sat,Dec,6,12,2024-12-28,14:10:01.286000,2024-12-28 14:10:01.286,2024,4,52,28,363,1,Coffee - Milk,Premium,Lunch Time
14,card,35.76,Hot Chocolate,Afternoon,Sat,Dec,6,12,2024-12-28,14:13:17.359000,2024-12-28 14:13:17.359,2024,4,52,28,363,1,Non-Coffee,Premium,Lunch Time
17,card,35.76,Latte,Night,Sat,Dec,6,12,2024-12-28,17:23:40.272000,2024-12-28 17:23:40.272,2024,4,52,28,363,1,Coffee - Milk,Premium,Afternoon
22,card,35.76,Cappuccino,Night,Sat,Dec,6,12,2024-12-28,22:11:01.821000,2024-12-28 22:11:01.821,2024,4,52,28,363,1,Coffee - Milk,Premium,Evening
13,card,25.96,Cortado,Afternoon,Sun,Dec,7,12,2024-12-29,13:46:16.437000,2024-12-29 13:46:16.437,2024,4,52,29,364,1,Coffee - Milk,Standard,Lunch Time
15,card,21.06,Espresso,Afternoon,Sun,Dec,7,12,2024-12-29,15:04:26.632000,2024-12-29 15:04:26.632,2024,4,52,29,364,1,Coffee - Black,Standard,Afternoon
15,card,25.96,Americano,Afternoon,Sun,Dec,7,12,2024-12-29,15:05:16.323000,2024-12-29 15:05:16.323,2024,4,52,29,364,1,Coffee - Black,Standard,Afternoon
17,card,25.96,Cortado,Night,Sun,Dec,7,12,2024-12-29,17:30:04.513000,2024-12-29 17:30:04.513,2024,4,52,29,364,1,Coffee - Milk,Standard,Afternoon
17,card,21.06,Espresso,Night,Sun,Dec,7,12,2024-12-29,17:31:46.702000,2024-12-29 17:31:46.702,2024,4,52,29,364,1,Coffee - Black,Standard,Afternoon
19,card,25.96,Cortado,Night,Sun,Dec,7,12,2024-12-29,19:47:43.744000,2024-12-29 19:47:43.744,2024,4,52,29,364,1,Coffee - Milk,Standard,Evening
20,card,35.76,Hot Chocolate,Night,Sun,Dec,7,12,2024-12-29,20:25:54.231000,2024-12-29 20:25:54.231,2024,4,52,29,364,1,Non-Coffee,Premium,Evening
21,card,35.76,Latte,Night,Sun,Dec,7,12,2024-12-29,21:17:19.330000,2024-12-29 21:17:19.330,2024,4,52,29,364,1,Coffee - Milk,Premium,Evening
9,card,25.96,Cortado,Morning,Mon,Dec,1,12,2024-12-30,09:02:44.282000,2024-12-30 09:02:44.282,2024,4,1,30,365,0,Coffee - Milk,Standard,Mid Morning
9,card,30.86,Americano with Milk,Morning,Mon,Dec,1,12,2024-12-30,09:44:11.963000,2024-12-30 09:44:11.963,2024,4,1,30,365,0,Coffee - Milk,Mid-Range,Mid Morning
13,card,35.76,Latte,Afternoon,Mon,Dec,1,12,2024-12-30,13:52:31.356000,2024-12-30 13:52:31.356,2024,4,1,30,365,0,Coffee - Milk,Premium,Lunch Time
13,card,35.76,Hot Chocolate,Afternoon,Mon,Dec,1,12,2024-12-30,13:53:39.253000,2024-12-30 13:53:39.253,2024,4,1,30,365,0,Non-Coffee,Premium,Lunch Time
15,card,35.76,Latte,Afternoon,Mon,Dec,1,12,2024-12-30,15:12:45.043000,2024-12-30 15:12:45.043,2024,4,1,30,365,0,Coffee - Milk,Premium,Afternoon
15,card,30.86,Americano with Milk,Afternoon,Mon,Dec,1,12,2024-12-30,15:13:38.691000,2024-12-30 15:13:38.691,2024,4,1,30,365,0,Coffee - Milk,Mid-Range,Afternoon
16,card,30.86,Americano with Milk,Afternoon,Mon,Dec,1,12,2024-12-30,16:29:53.883000,2024-12-30 16:29:53.883,2024,4,1,30,365,0,Coffee - Milk,Mid-Range,Afternoon
16,card,25.96,Americano,Afternoon,Mon,Dec,1,12,2024-12-30,16:31:28.727000,2024-12-30 16:31:28.727,2024,4,1,30,365,0,Coffee - Black,Standard,Afternoon
16,card,35.76,Cappuccino,Afternoon,Mon,Dec,1,12,2024-12-30,16:36:45.551000,2024-12-30 16:36:45.551,2024,4,1,30,365,0,Coffee - Milk,Premium,Afternoon
8,card,25.96,Cortado,Morning,Tue,Dec,2,12,2024-12-31,08:52:28.681000,2024-12-31 08:52:28.681,2024,4,1,31,366,0,Coffee - Milk,Standard,Early Morning
9,card,35.76,Cappuccino,Morning,Tue,Dec,2,12,2024-12-31,09:36:50.011000,2024-12-31 09:36:50.011,2024,4,1,31,366,0,Coffee - Milk,Premium,Mid Morning
9,card,25.96,Cortado,Morning,Tue,Dec,2,12,2024-12-31,09:39:41.472000,2024-12-31 09:39:41.472,2024,4,1,31,366,0,Coffee - Milk,Standard,Mid Morning
9,card,35.76,Cocoa,Morning,Tue,Dec,2,12,2024-12-31,09:45:28.525000,2024-12-31 09:45:28.525,2024,4,1,31,366,0,Non-Coffee,Premium,Mid Morning
10,card,30.86,Americano with Milk,Morning,Tue,Dec,2,12,2024-12-31,10:26:52.972000,2024-12-31 10:26:52.972,2024,4,1,31,366,0,Coffee - Milk,Mid-Range,Mid Morning
10,card,30.86,Americano with Milk,Morning,Tue,Dec,2,12,2024-12-31,10:29:28.211000,2024-12-31 10:29:28.211,2024,4,1,31,366,0,Coffee - Milk,Mid-Range,Mid Morning
11,card,35.76,Cappuccino,Morning,Tue,Dec,2,12,2024-12-31,11:11:30.768000,2024-12-31 11:11:30.768,2024,4,1,31,366,0,Coffee - Milk,Premium,Mid Morning
11,card,30.86,Americano with Milk,Morning,Tue,Dec,2,12,2024-12-31,11:12:42.053000,2024-12-31 11:12:42.053,2024,4,1,31,366,0,Coffee - Milk,Mid-Range,Mid Morning
15,card,21.06,Espresso,Afternoon,Tue,Dec,2,12,2024-12-31,15:42:14.093000,2024-12-31 15:42:14.093,2024,4,1,31,366,0,Coffee - Black,Standard,Afternoon
15,card,25.96,Americano,Afternoon,Tue,Dec,2,12,2024-12-31,15:43:13.300000,2024-12-31 15:43:13.300,2024,4,1,31,366,0,Coffee - Black,Standard,Afternoon
16,card,35.76,Cappuccino,Afternoon,Tue,Dec,2,12,2024-12-31,16:07:18.883000,2024-12-31 16:07:18.883,2024,4,1,31,366,0,Coffee - Milk,Premium,Afternoon
17,card,35.76,Latte,Night,Tue,Dec,2,12,2024-12-31,17:10:17.537000,2024-12-31 17:10:17.537,2024,4,1,31,366,0,Coffee - Milk,Premium,Afternoon
17,card,30.86,Americano with Milk,Night,Tue,Dec,2,12,2024-12-31,17:30:52.785000,2024-12-31 17:30:52.785,2024,4,1,31,366,0,Coffee - Milk,Mid-Range,Afternoon
17,card,35.76,Cappuccino,Night,Tue,Dec,2,12,2024-12-31,17:31:48.543000,2024-12-31 17:31:48.543,2024,4,1,31,366,0,Coffee - Milk,Premium,Afternoon
19,card,35.76,Latte,Night,Tue,Dec,2,12,2024-12-31,19:07:25.413000,2024-12-31 19:07:25.413,2024,4,1,31,366,0,Coffee - Milk,Premium,Evening
19,card,35.76,Hot Chocolate,Night,Tue,Dec,2,12,2024-12-31,19:08:38.899000,2024-12-31 19:08:38.899,2024,4,1,31,366,0,Non-Coffee,Premium,Evening
9,card,30.86,Americano with Milk,Morning,Thu,Jan,4,1,2025-01-02,09:58:05.335000,2025-01-02 09:58:05.335,2025,1,1,2,2,0,Coffee - Milk,Mid-Range,Mid Morning
13,card,35.76,Cocoa,Afternoon,Thu,Jan,4,1,2025-01-02,13:29:40.128000,2025-01-02 13:29:40.128,2025,1,1,2,2,0,Non-Coffee,Premium,Lunch Time
13,card,35.76,Cocoa,Afternoon,Thu,Jan,4,1,2025-01-02,13:30:38.720000,2025-01-02 13:30:38.720,2025,1,1,2,2,0,Non-Coffee,Premium,Lunch Time
14,card,25.96,Cortado,Afternoon,Thu,Jan,4,1,2025-01-02,14:41:10.594000,2025-01-02 14:41:10.594,2025,1,1,2,2,0,Coffee - Milk,Standard,Lunch Time
14,card,25.96,Cortado,Afternoon,Thu,Jan,4,1,2025-01-02,14:42:45.847000,2025-01-02 14:42:45.847,2025,1,1,2,2,0,Coffee - Milk,Standard,Lunch Time
16,card,25.96,Americano,Afternoon,Thu,Jan,4,1,2025-01-02,16:22:32.387000,2025-01-02 16:22:32.387,2025,1,1,2,2,0,Coffee - Black,Standard,Afternoon
16,card,35.76,Hot Chocolate,Afternoon,Thu,Jan,4,1,2025-01-02,16:34:59.470000,2025-01-02 16:34:59.470,2025,1,1,2,2,0,Non-Coffee,Premium,Afternoon
16,card,30.86,Americano with Milk,Afternoon,Thu,Jan,4,1,2025-01-02,16:35:44.285000,2025-01-02 16:35:44.285,2025,1,1,2,2,0,Coffee - Milk,Mid-Range,Afternoon
17,card,35.76,Cappuccino,Night,Thu,Jan,4,1,2025-01-02,17:43:10.175000,2025-01-02 17:43:10.175,2025,1,1,2,2,0,Coffee - Milk,Premium,Afternoon
9,card,25.96,Cortado,Morning,Fri,Jan,5,1,2025-01-03,09:03:22.668000,2025-01-03 09:03:22.668,2025,1,1,3,3,0,Coffee - Milk,Standard,Mid Morning
10,card,30.86,Americano with Milk,Morning,Fri,Jan,5,1,2025-01-03,10:10:30.802000,2025-01-03 10:10:30.802,2025,1,1,3,3,0,Coffee - Milk,Mid-Range,Mid Morning
16,card,30.86,Americano with Milk,Afternoon,Fri,Jan,5,1,2025-01-03,16:58:09.420000,2025-01-03 16:58:09.420,2025,1,1,3,3,0,Coffee - Milk,Mid-Range,Afternoon
22,card,35.76,Cappuccino,Night,Fri,Jan,5,1,2025-01-03,22:13:28.560000,2025-01-03 22:13:28.560,2025,1,1,3,3,0,Coffee - Milk,Premium,Evening
22,card,25.96,Americano,Night,Fri,Jan,5,1,2025-01-03,22:18:20.359000,2025-01-03 22:18:20.359,2025,1,1,3,3,0,Coffee - Black,Standard,Evening
22,card,25.96,Americano,Night,Fri,Jan,5,1,2025-01-03,22:19:14.354000,2025-01-03 22:19:14.354,2025,1,1,3,3,0,Coffee - Black,Standard,Evening
22,card,35.76,Latte,Night,Fri,Jan,5,1,2025-01-03,22:21:25.952000,2025-01-03 22:21:25.952,2025,1,1,3,3,0,Coffee - Milk,Premium,Evening
8,card,25.96,Cortado,Morning,Sat,Jan,6,1,2025-01-04,08:58:26.502000,2025-01-04 08:58:26.502,2025,1,1,4,4,1,Coffee - Milk,Standard,Early Morning
9,card,25.96,Americano,Morning,Sat,Jan,6,1,2025-01-04,09:59:27.784000,2025-01-04 09:59:27.784,2025,1,1,4,4,1,Coffee - Black,Standard,Mid Morning
13,card,35.76,Cappuccino,Afternoon,Sat,Jan,6,1,2025-01-04,13:40:00.286000,2025-01-04 13:40:00.286,2025,1,1,4,4,1,Coffee - Milk,Premium,Lunch Time
15,card,35.76,Cocoa,Afternoon,Sat,Jan,6,1,2025-01-04,15:59:33.227000,2025-01-04 15:59:33.227,2025,1,1,4,4,1,Non-Coffee,Premium,Afternoon
16,card,30.86,Americano with Milk,Afternoon,Sat,Jan,6,1,2025-01-04,16:12:55.200000,2025-01-04 16:12:55.200,2025,1,1,4,4,1,Coffee - Milk,Mid-Range,Afternoon
16,card,35.76,Cappuccino,Afternoon,Sat,Jan,6,1,2025-01-04,16:14:10.198000,2025-01-04 16:14:10.198,2025,1,1,4,4,1,Coffee - Milk,Premium,Afternoon
16,card,35.76,Cappuccino,Afternoon,Sat,Jan,6,1,2025-01-04,16:16:11.225000,2025-01-04 16:16:11.225,2025,1,1,4,4,1,Coffee - Milk,Premium,Afternoon
16,card,25.96,Cortado,Afternoon,Sat,Jan,6,1,2025-01-04,16:18:04.079000,2025-01-04 16:18:04.079,2025,1,1,4,4,1,Coffee - Milk,Standard,Afternoon
18,card,25.96,Americano,Night,Sat,Jan,6,1,2025-01-04,18:11:39.258000,2025-01-04 18:11:39.258,2025,1,1,4,4,1,Coffee - Black,Standard,Evening
22,card,35.76,Latte,Night,Sat,Jan,6,1,2025-01-04,22:23:30.720000,2025-01-04 22:23:30.720,2025,1,1,4,4,1,Coffee - Milk,Premium,Evening
9,card,30.86,Americano with Milk,Morning,Sun,Jan,7,1,2025-01-05,09:45:57.778000,2025-01-05 09:45:57.778,2025,1,1,5,5,1,Coffee - Milk,Mid-Range,Mid Morning
10,card,35.76,Latte,Morning,Sun,Jan,7,1,2025-01-05,10:53:00.842000,2025-01-05 10:53:00.842,2025,1,1,5,5,1,Coffee - Milk,Premium,Mid Morning
22,card,30.86,Americano with Milk,Night,Sun,Jan,7,1,2025-01-05,22:07:16.475000,2025-01-05 22:07:16.475,2025,1,1,5,5,1,Coffee - Milk,Mid-Range,Evening
19,card,25.96,Americano,Night,Mon,Jan,1,1,2025-01-06,19:58:50.688000,2025-01-06 19:58:50.688,2025,1,2,6,6,0,Coffee - Black,Standard,Evening
13,card,35.76,Cappuccino,Afternoon,Tue,Jan,2,1,2025-01-07,13:29:02.789000,2025-01-07 13:29:02.789,2025,1,2,7,7,0,Coffee - Milk,Premium,Lunch Time
22,card,35.76,Cocoa,Night,Tue,Jan,2,1,2025-01-07,22:32:45.085000,2025-01-07 22:32:45.085,2025,1,2,7,7,0,Non-Coffee,Premium,Evening
22,card,35.76,Cocoa,Night,Tue,Jan,2,1,2025-01-07,22:33:58.886000,2025-01-07 22:33:58.886,2025,1,2,7,7,0,Non-Coffee,Premium,Evening
7,card,30.86,Americano with Milk,Morning,Wed,Jan,3,1,2025-01-08,07:30:02.019000,2025-01-08 07:30:02.019,2025,1,2,8,8,0,Coffee - Milk,Mid-Range,Early Morning
9,card,35.76,Latte,Morning,Wed,Jan,3,1,2025-01-08,09:11:15.142000,2025-01-08 09:11:15.142,2025,1,2,8,8,0,Coffee - Milk,Premium,Mid Morning
10,card,25.96,Cortado,Morning,Wed,Jan,3,1,2025-01-08,10:30:28.733000,2025-01-08 10:30:28.733,2025,1,2,8,8,0,Coffee - Milk,Standard,Mid Morning
17,card,35.76,Cappuccino,Night,Wed,Jan,3,1,2025-01-08,17:22:51.605000,2025-01-08 17:22:51.605,2025,1,2,8,8,0,Coffee - Milk,Premium,Afternoon
8,card,25.96,Americano,Morning,Thu,Jan,4,1,2025-01-09,08:07:07.584000,2025-01-09 08:07:07.584,2025,1,2,9,9,0,Coffee - Black,Standard,Early Morning
8,card,35.76,Latte,Morning,Thu,Jan,4,1,2025-01-09,08:56:34.735000,2025-01-09 08:56:34.735,2025,1,2,9,9,0,Coffee - Milk,Premium,Early Morning
9,card,30.86,Americano with Milk,Morning,Thu,Jan,4,1,2025-01-09,09:02:31.783000,2025-01-09 09:02:31.783,2025,1,2,9,9,0,Coffee - Milk,Mid-Range,Mid Morning
14,card,21.06,Espresso,Afternoon,Thu,Jan,4,1,2025-01-09,14:27:23.682000,2025-01-09 14:27:23.682,2025,1,2,9,9,0,Coffee - Black,Standard,Lunch Time
15,card,35.76,Latte,Afternoon,Thu,Jan,4,1,2025-01-09,15:36:58.679000,2025-01-09 15:36:58.679,2025,1,2,9,9,0,Coffee - Milk,Premium,Afternoon
15,card,30.86,Americano with Milk,Afternoon,Thu,Jan,4,1,2025-01-09,15:48:10.012000,2025-01-09 15:48:10.012,2025,1,2,9,9,0,Coffee - Milk,Mid-Range,Afternoon
15,card,25.96,Cortado,Afternoon,Thu,Jan,4,1,2025-01-09,15:49:11.796000,2025-01-09 15:49:11.796,2025,1,2,9,9,0,Coffee - Milk,Standard,Afternoon
20,card,30.86,Americano with Milk,Night,Thu,Jan,4,1,2025-01-09,20:30:29.072000,2025-01-09 20:30:29.072,2025,1,2,9,9,0,Coffee - Milk,Mid-Range,Evening
22,card,35.76,Latte,Night,Thu,Jan,4,1,2025-01-09,22:10:20.697000,2025-01-09 22:10:20.697,2025,1,2,9,9,0,Coffee - Milk,Premium,Evening
8,card,30.86,Americano with Milk,Morning,Fri,Jan,5,1,2025-01-10,08:49:20.815000,2025-01-10 08:49:20.815,2025,1,2,10,10,0,Coffee - Milk,Mid-Range,Early Morning
9,card,30.86,Americano with Milk,Morning,Fri,Jan,5,1,2025-01-10,09:16:36.498000,2025-01-10 09:16:36.498,2025,1,2,10,10,0,Coffee - Milk,Mid-Range,Mid Morning
17,card,35.76,Cappuccino,Night,Fri,Jan,5,1,2025-01-10,17:51:18.771000,2025-01-10 17:51:18.771,2025,1,2,10,10,0,Coffee - Milk,Premium,Afternoon
17,card,35.76,Hot Chocolate,Night,Fri,Jan,5,1,2025-01-10,17:55:53.357000,2025-01-10 17:55:53.357,2025,1,2,10,10,0,Non-Coffee,Premium,Afternoon
17,card,30.86,Americano with Milk,Night,Fri,Jan,5,1,2025-01-10,17:59:39.184000,2025-01-10 17:59:39.184,2025,1,2,10,10,0,Coffee - Milk,Mid-Range,Afternoon
7,card,30.86,Americano with Milk,Morning,Sat,Jan,6,1,2025-01-11,07:44:30.450000,2025-01-11 07:44:30.450,2025,1,2,11,11,1,Coffee - Milk,Mid-Range,Early Morning
10,card,35.76,Hot Chocolate,Morning,Sat,Jan,6,1,2025-01-11,10:49:41.291000,2025-01-11 10:49:41.291,2025,1,2,11,11,1,Non-Coffee,Premium,Mid Morning
11,card,25.96,Americano,Morning,Sat,Jan,6,1,2025-01-11,11:13:53.866000,2025-01-11 11:13:53.866,2025,1,2,11,11,1,Coffee - Black,Standard,Mid Morning
11,card,35.76,Latte,Morning,Sat,Jan,6,1,2025-01-11,11:20:17.612000,2025-01-11 11:20:17.612,2025,1,2,11,11,1,Coffee - Milk,Premium,Mid Morning
11,card,35.76,Latte,Morning,Sat,Jan,6,1,2025-01-11,11:21:25.566000,2025-01-11 11:21:25.566,2025,1,2,11,11,1,Coffee - Milk,Premium,Mid Morning
12,card,35.76,Latte,Afternoon,Sat,Jan,6,1,2025-01-11,12:10:58.739000,2025-01-11 12:10:58.739,2025,1,2,11,11,1,Coffee - Milk,Premium,Lunch Time
12,card,35.76,Latte,Afternoon,Sat,Jan,6,1,2025-01-11,12:13:24.784000,2025-01-11 12:13:24.784,2025,1,2,11,11,1,Coffee - Milk,Premium,Lunch Time
14,card,30.86,Americano with Milk,Afternoon,Sat,Jan,6,1,2025-01-11,14:12:54.844000,2025-01-11 14:12:54.844,2025,1,2,11,11,1,Coffee - Milk,Mid-Range,Lunch Time
14,card,30.86,Americano with Milk,Afternoon,Sat,Jan,6,1,2025-01-11,14:15:38.139000,2025-01-11 14:15:38.139,2025,1,2,11,11,1,Coffee - Milk,Mid-Range,Lunch Time
14,card,35.76,Cappuccino,Afternoon,Sat,Jan,6,1,2025-01-11,14:16:43.941000,2025-01-11 14:16:43.941,2025,1,2,11,11,1,Coffee - Milk,Premium,Lunch Time
14,card,35.76,Latte,Afternoon,Sat,Jan,6,1,2025-01-11,14:47:02.972000,2025-01-11 14:47:02.972,2025,1,2,11,11,1,Coffee - Milk,Premium,Lunch Time
17,card,25.96,Cortado,Night,Sat,Jan,6,1,2025-01-11,17:19:33.968000,2025-01-11 17:19:33.968,2025,1,2,11,11,1,Coffee - Milk,Standard,Afternoon
17,card,35.76,Latte,Night,Sat,Jan,6,1,2025-01-11,17:20:56.780000,2025-01-11 17:20:56.780,2025,1,2,11,11,1,Coffee - Milk,Premium,Afternoon
17,card,25.96,Cortado,Night,Sat,Jan,6,1,2025-01-11,17:22:05.105000,2025-01-11 17:22:05.105,2025,1,2,11,11,1,Coffee - Milk,Standard,Afternoon
18,card,30.86,Americano with Milk,Night,Sat,Jan,6,1,2025-01-11,18:01:28.479000,2025-01-11 18:01:28.479,2025,1,2,11,11,1,Coffee - Milk,Mid-Range,Evening
11,card,30.86,Americano with Milk,Morning,Sun,Jan,7,1,2025-01-12,11:45:32.433000,2025-01-12 11:45:32.433,2025,1,2,12,12,1,Coffee - Milk,Mid-Range,Mid Morning
11,card,25.96,Americano,Morning,Sun,Jan,7,1,2025-01-12,11:48:18.729000,2025-01-12 11:48:18.729,2025,1,2,12,12,1,Coffee - Black,Standard,Mid Morning
11,card,30.86,Americano with Milk,Morning,Sun,Jan,7,1,2025-01-12,11:49:50.305000,2025-01-12 11:49:50.305,2025,1,2,12,12,1,Coffee - Milk,Mid-Range,Mid Morning
16,card,35.76,Hot Chocolate,Afternoon,Sun,Jan,7,1,2025-01-12,16:15:58.843000,2025-01-12 16:15:58.843,2025,1,2,12,12,1,Non-Coffee,Premium,Afternoon
20,card,30.86,Americano with Milk,Night,Sun,Jan,7,1,2025-01-12,20:56:04.324000,2025-01-12 20:56:04.324,2025,1,2,12,12,1,Coffee - Milk,Mid-Range,Evening
8,card,30.86,Americano with Milk,Morning,Mon,Jan,1,1,2025-01-13,08:08:20.273000,2025-01-13 08:08:20.273,2025,1,3,13,13,0,Coffee - Milk,Mid-Range,Early Morning
9,card,30.86,Americano with Milk,Morning,Mon,Jan,1,1,2025-01-13,09:17:19.623000,2025-01-13 09:17:19.623,2025,1,3,13,13,0,Coffee - Milk,Mid-Range,Mid Morning
13,card,25.96,Cortado,Afternoon,Mon,Jan,1,1,2025-01-13,13:02:56.645000,2025-01-13 13:02:56.645,2025,1,3,13,13,0,Coffee - Milk,Standard,Lunch Time
13,card,35.76,Latte,Afternoon,Mon,Jan,1,1,2025-01-13,13:50:46.648000,2025-01-13 13:50:46.648,2025,1,3,13,13,0,Coffee - Milk,Premium,Lunch Time
14,card,35.76,Latte,Afternoon,Mon,Jan,1,1,2025-01-13,14:11:27.333000,2025-01-13 14:11:27.333,2025,1,3,13,13,0,Coffee - Milk,Premium,Lunch Time
14,card,35.76,Cappuccino,Afternoon,Mon,Jan,1,1,2025-01-13,14:12:28.340000,2025-01-13 14:12:28.340,2025,1,3,13,13,0,Coffee - Milk,Premium,Lunch Time
16,card,35.76,Latte,Afternoon,Mon,Jan,1,1,2025-01-13,16:25:36.343000,2025-01-13 16:25:36.343,2025,1,3,13,13,0,Coffee - Milk,Premium,Afternoon
20,card,21.06,Espresso,Night,Mon,Jan,1,1,2025-01-13,20:51:18.275000,2025-01-13 20:51:18.275,2025,1,3,13,13,0,Coffee - Black,Standard,Evening
7,card,35.76,Latte,Morning,Tue,Jan,2,1,2025-01-14,07:37:42.461000,2025-01-14 07:37:42.461,2025,1,3,14,14,0,Coffee - Milk,Premium,Early Morning
9,card,25.96,Cortado,Morning,Tue,Jan,2,1,2025-01-14,09:53:42.812000,2025-01-14 09:53:42.812,2025,1,3,14,14,0,Coffee - Milk,Standard,Mid Morning
10,card,30.86,Americano with Milk,Morning,Tue,Jan,2,1,2025-01-14,10:21:45.603000,2025-01-14 10:21:45.603,2025,1,3,14,14,0,Coffee - Milk,Mid-Range,Mid Morning
12,card,35.76,Latte,Afternoon,Tue,Jan,2,1,2025-01-14,12:49:14.351000,2025-01-14 12:49:14.351,2025,1,3,14,14,0,Coffee - Milk,Premium,Lunch Time
16,card,30.86,Americano with Milk,Afternoon,Tue,Jan,2,1,2025-01-14,16:18:19.288000,2025-01-14 16:18:19.288,2025,1,3,14,14,0,Coffee - Milk,Mid-Range,Afternoon
16,card,30.86,Americano with Milk,Afternoon,Tue,Jan,2,1,2025-01-14,16:19:26.531000,2025-01-14 16:19:26.531,2025,1,3,14,14,0,Coffee - Milk,Mid-Range,Afternoon
19,card,35.76,Cappuccino,Night,Tue,Jan,2,1,2025-01-14,19:41:55.896000,2025-01-14 19:41:55.896,2025,1,3,14,14,0,Coffee - Milk,Premium,Evening
21,card,35.76,Latte,Night,Tue,Jan,2,1,2025-01-14,21:02:35.551000,2025-01-14 21:02:35.551,2025,1,3,14,14,0,Coffee - Milk,Premium,Evening
9,card,30.86,Americano with Milk,Morning,Wed,Jan,3,1,2025-01-15,09:12:04.241000,2025-01-15 09:12:04.241,2025,1,3,15,15,0,Coffee - Milk,Mid-Range,Mid Morning
11,card,25.96,Americano,Morning,Wed,Jan,3,1,2025-01-15,11:10:23.705000,2025-01-15 11:10:23.705,2025,1,3,15,15,0,Coffee - Black,Standard,Mid Morning
13,card,35.76,Cappuccino,Afternoon,Wed,Jan,3,1,2025-01-15,13:14:14.574000,2025-01-15 13:14:14.574,2025,1,3,15,15,0,Coffee - Milk,Premium,Lunch Time
15,card,35.76,Latte,Afternoon,Wed,Jan,3,1,2025-01-15,15:35:21.923000,2025-01-15 15:35:21.923,2025,1,3,15,15,0,Coffee - Milk,Premium,Afternoon
15,card,35.76,Cappuccino,Afternoon,Wed,Jan,3,1,2025-01-15,15:36:47.943000,2025-01-15 15:36:47.943,2025,1,3,15,15,0,Coffee - Milk,Premium,Afternoon
15,card,35.76,Latte,Afternoon,Wed,Jan,3,1,2025-01-15,15:37:55.727000,2025-01-15 15:37:55.727,2025,1,3,15,15,0,Coffee - Milk,Premium,Afternoon
16,card,35.76,Latte,Afternoon,Wed,Jan,3,1,2025-01-15,16:55:26.025000,2025-01-15 16:55:26.025,2025,1,3,15,15,0,Coffee - Milk,Premium,Afternoon
18,card,35.76,Latte,Night,Wed,Jan,3,1,2025-01-15,18:06:12.419000,2025-01-15 18:06:12.419,2025,1,3,15,15,0,Coffee - Milk,Premium,Evening
19,card,35.76,Latte,Night,Wed,Jan,3,1,2025-01-15,19:51:14.105000,2025-01-15 19:51:14.105,2025,1,3,15,15,0,Coffee - Milk,Premium,Evening
21,card,35.76,Cappuccino,Night,Wed,Jan,3,1,2025-01-15,21:41:14.264000,2025-01-15 21:41:14.264,2025,1,3,15,15,0,Coffee - Milk,Premium,Evening
9,card,35.76,Latte,Morning,Thu,Jan,4,1,2025-01-16,09:32:57.684000,2025-01-16 09:32:57.684,2025,1,3,16,16,0,Coffee - Milk,Premium,Mid Morning
9,card,30.86,Americano with Milk,Morning,Thu,Jan,4,1,2025-01-16,09:38:09.359000,2025-01-16 09:38:09.359,2025,1,3,16,16,0,Coffee - Milk,Mid-Range,Mid Morning
10,card,30.86,Americano with Milk,Morning,Thu,Jan,4,1,2025-01-16,10:41:40.881000,2025-01-16 10:41:40.881,2025,1,3,16,16,0,Coffee - Milk,Mid-Range,Mid Morning
12,card,25.96,Cortado,Afternoon,Thu,Jan,4,1,2025-01-16,12:12:16.345000,2025-01-16 12:12:16.345,2025,1,3,16,16,0,Coffee - Milk,Standard,Lunch Time
15,card,35.76,Latte,Afternoon,Thu,Jan,4,1,2025-01-16,15:16:19.190000,2025-01-16 15:16:19.190,2025,1,3,16,16,0,Coffee - Milk,Premium,Afternoon
16,card,35.76,Latte,Afternoon,Thu,Jan,4,1,2025-01-16,16:35:11.006000,2025-01-16 16:35:11.006,2025,1,3,16,16,0,Coffee - Milk,Premium,Afternoon
18,card,35.76,Cappuccino,Night,Thu,Jan,4,1,2025-01-16,18:15:57.449000,2025-01-16 18:15:57.449,2025,1,3,16,16,0,Coffee - Milk,Premium,Evening
21,card,35.76,Hot Chocolate,Night,Thu,Jan,4,1,2025-01-16,21:15:59.720000,2025-01-16 21:15:59.720,2025,1,3,16,16,0,Non-Coffee,Premium,Evening
21,card,35.76,Hot Chocolate,Night,Thu,Jan,4,1,2025-01-16,21:16:59.177000,2025-01-16 21:16:59.177,2025,1,3,16,16,0,Non-Coffee,Premium,Evening
21,card,25.96,Cortado,Night,Thu,Jan,4,1,2025-01-16,21:40:12.534000,2025-01-16 21:40:12.534,2025,1,3,16,16,0,Coffee - Milk,Standard,Evening
7,card,35.76,Cocoa,Morning,Fri,Jan,5,1,2025-01-17,07:38:19.766000,2025-01-17 07:38:19.766,2025,1,3,17,17,0,Non-Coffee,Premium,Early Morning
8,card,35.76,Latte,Morning,Fri,Jan,5,1,2025-01-17,08:26:20.810000,2025-01-17 08:26:20.810,2025,1,3,17,17,0,Coffee - Milk,Premium,Early Morning
8,card,35.76,Cappuccino,Morning,Fri,Jan,5,1,2025-01-17,08:27:48.372000,2025-01-17 08:27:48.372,2025,1,3,17,17,0,Coffee - Milk,Premium,Early Morning
8,card,30.86,Americano with Milk,Morning,Fri,Jan,5,1,2025-01-17,08:47:56.075000,2025-01-17 08:47:56.075,2025,1,3,17,17,0,Coffee - Milk,Mid-Range,Early Morning
9,card,30.86,Americano with Milk,Morning,Fri,Jan,5,1,2025-01-17,09:27:38.418000,2025-01-17 09:27:38.418,2025,1,3,17,17,0,Coffee - Milk,Mid-Range,Mid Morning
14,card,35.76,Cocoa,Afternoon,Fri,Jan,5,1,2025-01-17,14:20:53.972000,2025-01-17 14:20:53.972,2025,1,3,17,17,0,Non-Coffee,Premium,Lunch Time
14,card,35.76,Cocoa,Afternoon,Fri,Jan,5,1,2025-01-17,14:22:02.670000,2025-01-17 14:22:02.670,2025,1,3,17,17,0,Non-Coffee,Premium,Lunch Time
17,card,35.76,Hot Chocolate,Night,Fri,Jan,5,1,2025-01-17,17:39:10.610000,2025-01-17 17:39:10.610,2025,1,3,17,17,0,Non-Coffee,Premium,Afternoon
21,card,35.76,Hot Chocolate,Night,Fri,Jan,5,1,2025-01-17,21:22:18.959000,2025-01-17 21:22:18.959,2025,1,3,17,17,0,Non-Coffee,Premium,Evening
10,card,30.86,Americano with Milk,Morning,Sat,Jan,6,1,2025-01-18,10:12:38.223000,2025-01-18 10:12:38.223,2025,1,3,18,18,1,Coffee - Milk,Mid-Range,Mid Morning
16,card,35.76,Hot Chocolate,Afternoon,Sat,Jan,6,1,2025-01-18,16:33:40.099000,2025-01-18 16:33:40.099,2025,1,3,18,18,1,Non-Coffee,Premium,Afternoon
16,card,35.76,Latte,Afternoon,Sat,Jan,6,1,2025-01-18,16:35:14.227000,2025-01-18 16:35:14.227,2025,1,3,18,18,1,Coffee - Milk,Premium,Afternoon
16,card,35.76,Hot Chocolate,Afternoon,Sat,Jan,6,1,2025-01-18,16:36:28.970000,2025-01-18 16:36:28.970,2025,1,3,18,18,1,Non-Coffee,Premium,Afternoon
8,card,30.86,Americano with Milk,Morning,Mon,Jan,1,1,2025-01-20,08:29:47.959000,2025-01-20 08:29:47.959,2025,1,4,20,20,0,Coffee - Milk,Mid-Range,Early Morning
10,card,30.86,Americano with Milk,Morning,Mon,Jan,1,1,2025-01-20,10:57:25.231000,2025-01-20 10:57:25.231,2025,1,4,20,20,0,Coffee - Milk,Mid-Range,Mid Morning
11,card,25.96,Cortado,Morning,Mon,Jan,1,1,2025-01-20,11:40:24.031000,2025-01-20 11:40:24.031,2025,1,4,20,20,0,Coffee - Milk,Standard,Mid Morning
12,card,25.96,Americano,Afternoon,Mon,Jan,1,1,2025-01-20,12:04:49.880000,2025-01-20 12:04:49.880,2025,1,4,20,20,0,Coffee - Black,Standard,Lunch Time
12,card,25.96,Cortado,Afternoon,Mon,Jan,1,1,2025-01-20,12:06:00.697000,2025-01-20 12:06:00.697,2025,1,4,20,20,0,Coffee - Milk,Standard,Lunch Time
13,card,30.86,Americano with Milk,Afternoon,Mon,Jan,1,1,2025-01-20,13:45:14.114000,2025-01-20 13:45:14.114,2025,1,4,20,20,0,Coffee - Milk,Mid-Range,Lunch Time
20,card,35.76,Hot Chocolate,Night,Mon,Jan,1,1,2025-01-20,20:08:11.432000,2025-01-20 20:08:11.432,2025,1,4,20,20,0,Non-Coffee,Premium,Evening
20,card,35.76,Cappuccino,Night,Mon,Jan,1,1,2025-01-20,20:26:24.881000,2025-01-20 20:26:24.881,2025,1,4,20,20,0,Coffee - Milk,Premium,Evening
20,card,35.76,Cappuccino,Night,Mon,Jan,1,1,2025-01-20,20:27:28.960000,2025-01-20 20:27:28.960,2025,1,4,20,20,0,Coffee - Milk,Premium,Evening
21,card,35.76,Latte,Night,Mon,Jan,1,1,2025-01-20,21:13:45.440000,2025-01-20 21:13:45.440,2025,1,4,20,20,0,Coffee - Milk,Premium,Evening
8,card,35.76,Cocoa,Morning,Tue,Jan,2,1,2025-01-21,08:05:04.269000,2025-01-21 08:05:04.269,2025,1,4,21,21,0,Non-Coffee,Premium,Early Morning
8,card,25.96,Cortado,Morning,Tue,Jan,2,1,2025-01-21,08:18:19.291000,2025-01-21 08:18:19.291,2025,1,4,21,21,0,Coffee - Milk,Standard,Early Morning
8,card,30.86,Americano with Milk,Morning,Tue,Jan,2,1,2025-01-21,08:19:28.276000,2025-01-21 08:19:28.276,2025,1,4,21,21,0,Coffee - Milk,Mid-Range,Early Morning
15,card,25.96,Americano,Afternoon,Tue,Jan,2,1,2025-01-21,15:35:16.518000,2025-01-21 15:35:16.518,2025,1,4,21,21,0,Coffee - Black,Standard,Afternoon
18,card,35.76,Hot Chocolate,Night,Tue,Jan,2,1,2025-01-21,18:32:32.699000,2025-01-21 18:32:32.699,2025,1,4,21,21,0,Non-Coffee,Premium,Evening
18,card,35.76,Latte,Night,Tue,Jan,2,1,2025-01-21,18:54:13.394000,2025-01-21 18:54:13.394,2025,1,4,21,21,0,Coffee - Milk,Premium,Evening
18,card,35.76,Latte,Night,Tue,Jan,2,1,2025-01-21,18:56:15.343000,2025-01-21 18:56:15.343,2025,1,4,21,21,0,Coffee - Milk,Premium,Evening
19,card,25.96,Americano,Night,Tue,Jan,2,1,2025-01-21,19:15:21.123000,2025-01-21 19:15:21.123,2025,1,4,21,21,0,Coffee - Black,Standard,Evening
11,card,21.06,Espresso,Morning,Wed,Jan,3,1,2025-01-22,11:24:45.856000,2025-01-22 11:24:45.856,2025,1,4,22,22,0,Coffee - Black,Standard,Mid Morning
17,card,30.86,Americano with Milk,Night,Wed,Jan,3,1,2025-01-22,17:32:06.547000,2025-01-22 17:32:06.547,2025,1,4,22,22,0,Coffee - Milk,Mid-Range,Afternoon
18,card,35.76,Cocoa,Night,Wed,Jan,3,1,2025-01-22,18:49:59.374000,2025-01-22 18:49:59.374,2025,1,4,22,22,0,Non-Coffee,Premium,Evening
19,card,30.86,Americano with Milk,Night,Wed,Jan,3,1,2025-01-22,19:10:26.039000,2025-01-22 19:10:26.039,2025,1,4,22,22,0,Coffee - Milk,Mid-Range,Evening
19,card,35.76,Cappuccino,Night,Wed,Jan,3,1,2025-01-22,19:11:23.124000,2025-01-22 19:11:23.124,2025,1,4,22,22,0,Coffee - Milk,Premium,Evening
19,card,35.76,Latte,Night,Wed,Jan,3,1,2025-01-22,19:29:15.703000,2025-01-22 19:29:15.703,2025,1,4,22,22,0,Coffee - Milk,Premium,Evening
20,card,30.86,Americano with Milk,Night,Wed,Jan,3,1,2025-01-22,20:14:30.728000,2025-01-22 20:14:30.728,2025,1,4,22,22,0,Coffee - Milk,Mid-Range,Evening
13,card,35.76,Cappuccino,Afternoon,Fri,Jan,5,1,2025-01-24,13:42:16.996000,2025-01-24 13:42:16.996,2025,1,4,24,24,0,Coffee - Milk,Premium,Lunch Time
13,card,25.96,Cortado,Afternoon,Fri,Jan,5,1,2025-01-24,13:43:37.585000,2025-01-24 13:43:37.585,2025,1,4,24,24,0,Coffee - Milk,Standard,Lunch Time
15,card,35.76,Cocoa,Afternoon,Fri,Jan,5,1,2025-01-24,15:28:38.814000,2025-01-24 15:28:38.814,2025,1,4,24,24,0,Non-Coffee,Premium,Afternoon
17,card,25.96,Americano,Night,Fri,Jan,5,1,2025-01-24,17:41:49.306000,2025-01-24 17:41:49.306,2025,1,4,24,24,0,Coffee - Black,Standard,Afternoon
21,card,35.76,Cocoa,Night,Fri,Jan,5,1,2025-01-24,21:16:26.445000,2025-01-24 21:16:26.445,2025,1,4,24,24,0,Non-Coffee,Premium,Evening
22,card,35.76,Hot Chocolate,Night,Fri,Jan,5,1,2025-01-24,22:31:55.575000,2025-01-24 22:31:55.575,2025,1,4,24,24,0,Non-Coffee,Premium,Evening
22,card,35.76,Latte,Night,Fri,Jan,5,1,2025-01-24,22:32:57.911000,2025-01-24 22:32:57.911,2025,1,4,24,24,0,Coffee - Milk,Premium,Evening
13,card,35.76,Cappuccino,Afternoon,Sat,Jan,6,1,2025-01-25,13:21:04.187000,2025-01-25 13:21:04.187,2025,1,4,25,25,1,Coffee - Milk,Premium,Lunch Time
14,card,35.76,Cappuccino,Afternoon,Sat,Jan,6,1,2025-01-25,14:38:24.586000,2025-01-25 14:38:24.586,2025,1,4,25,25,1,Coffee - Milk,Premium,Lunch Time
14,card,25.96,Americano,Afternoon,Sat,Jan,6,1,2025-01-25,14:39:35.084000,2025-01-25 14:39:35.084,2025,1,4,25,25,1,Coffee - Black,Standard,Lunch Time
12,card,25.96,Americano,Afternoon,Sun,Jan,7,1,2025-01-26,12:35:22.994000,2025-01-26 12:35:22.994,2025,1,4,26,26,1,Coffee - Black,Standard,Lunch Time
12,card,21.06,Espresso,Afternoon,Sun,Jan,7,1,2025-01-26,12:36:34.041000,2025-01-26 12:36:34.041,2025,1,4,26,26,1,Coffee - Black,Standard,Lunch Time
8,card,25.96,Cortado,Morning,Mon,Jan,1,1,2025-01-27,08:07:42.406000,2025-01-27 08:07:42.406,2025,1,5,27,27,0,Coffee - Milk,Standard,Early Morning
8,card,25.96,Americano,Morning,Mon,Jan,1,1,2025-01-27,08:32:43.550000,2025-01-27 08:32:43.550,2025,1,5,27,27,0,Coffee - Black,Standard,Early Morning
12,card,35.76,Cappuccino,Afternoon,Mon,Jan,1,1,2025-01-27,12:05:02.366000,2025-01-27 12:05:02.366,2025,1,5,27,27,0,Coffee - Milk,Premium,Lunch Time
13,card,30.86,Americano with Milk,Afternoon,Mon,Jan,1,1,2025-01-27,13:45:08.764000,2025-01-27 13:45:08.764,2025,1,5,27,27,0,Coffee - Milk,Mid-Range,Lunch Time
15,card,30.86,Americano with Milk,Afternoon,Mon,Jan,1,1,2025-01-27,15:27:54.111000,2025-01-27 15:27:54.111,2025,1,5,27,27,0,Coffee - Milk,Mid-Range,Afternoon
15,card,25.96,Cortado,Afternoon,Mon,Jan,1,1,2025-01-27,15:29:00.863000,2025-01-27 15:29:00.863,2025,1,5,27,27,0,Coffee - Milk,Standard,Afternoon
15,card,30.86,Americano with Milk,Afternoon,Mon,Jan,1,1,2025-01-27,15:30:12.668000,2025-01-27 15:30:12.668,2025,1,5,27,27,0,Coffee - Milk,Mid-Range,Afternoon
18,card,35.76,Latte,Night,Mon,Jan,1,1,2025-01-27,18:55:19.339000,2025-01-27 18:55:19.339,2025,1,5,27,27,0,Coffee - Milk,Premium,Evening
19,card,35.76,Latte,Night,Mon,Jan,1,1,2025-01-27,19:02:40.325000,2025-01-27 19:02:40.325,2025,1,5,27,27,0,Coffee - Milk,Premium,Evening
19,card,35.76,Latte,Night,Mon,Jan,1,1,2025-01-27,19:03:45.457000,2025-01-27 19:03:45.457,2025,1,5,27,27,0,Coffee - Milk,Premium,Evening
8,card,35.76,Latte,Morning,Tue,Jan,2,1,2025-01-28,08:26:36.795000,2025-01-28 08:26:36.795,2025,1,5,28,28,0,Coffee - Milk,Premium,Early Morning
9,card,25.96,Americano,Morning,Tue,Jan,2,1,2025-01-28,09:33:17.106000,2025-01-28 09:33:17.106,2025,1,5,28,28,0,Coffee - Black,Standard,Mid Morning
11,card,30.86,Americano with Milk,Morning,Tue,Jan,2,1,2025-01-28,11:56:26.851000,2025-01-28 11:56:26.851,2025,1,5,28,28,0,Coffee - Milk,Mid-Range,Mid Morning
12,card,25.96,Americano,Afternoon,Tue,Jan,2,1,2025-01-28,12:22:01.233000,2025-01-28 12:22:01.233,2025,1,5,28,28,0,Coffee - Black,Standard,Lunch Time
16,card,35.76,Cocoa,Afternoon,Tue,Jan,2,1,2025-01-28,16:19:07.605000,2025-01-28 16:19:07.605,2025,1,5,28,28,0,Non-Coffee,Premium,Afternoon
16,card,25.96,Cortado,Afternoon,Tue,Jan,2,1,2025-01-28,16:20:44.658000,2025-01-28 16:20:44.658,2025,1,5,28,28,0,Coffee - Milk,Standard,Afternoon
17,card,25.96,Americano,Night,Tue,Jan,2,1,2025-01-28,17:40:00.932000,2025-01-28 17:40:00.932,2025,1,5,28,28,0,Coffee - Black,Standard,Afternoon
20,card,35.76,Latte,Night,Tue,Jan,2,1,2025-01-28,20:11:50.854000,2025-01-28 20:11:50.854,2025,1,5,28,28,0,Coffee - Milk,Premium,Evening
20,card,35.76,Cappuccino,Night,Tue,Jan,2,1,2025-01-28,20:13:45.162000,2025-01-28 20:13:45.162,2025,1,5,28,28,0,Coffee - Milk,Premium,Evening
9,card,25.96,Americano,Morning,Wed,Jan,3,1,2025-01-29,09:38:47.162000,2025-01-29 09:38:47.162,2025,1,5,29,29,0,Coffee - Black,Standard,Mid Morning
16,card,25.96,Americano,Afternoon,Wed,Jan,3,1,2025-01-29,16:25:36.760000,2025-01-29 16:25:36.760,2025,1,5,29,29,0,Coffee - Black,Standard,Afternoon
19,card,30.86,Americano with Milk,Night,Wed,Jan,3,1,2025-01-29,19:19:08.258000,2025-01-29 19:19:08.258,2025,1,5,29,29,0,Coffee - Milk,Mid-Range,Evening
19,card,21.06,Espresso,Night,Wed,Jan,3,1,2025-01-29,19:20:34.695000,2025-01-29 19:20:34.695,2025,1,5,29,29,0,Coffee - Black,Standard,Evening
9,card,30.86,Americano with Milk,Morning,Thu,Jan,4,1,2025-01-30,09:18:05.538000,2025-01-30 09:18:05.538,2025,1,5,30,30,0,Coffee - Milk,Mid-Range,Mid Morning
10,card,30.86,Americano with Milk,Morning,Thu,Jan,4,1,2025-01-30,10:12:33.868000,2025-01-30 10:12:33.868,2025,1,5,30,30,0,Coffee - Milk,Mid-Range,Mid Morning
11,card,25.96,Cortado,Morning,Thu,Jan,4,1,2025-01-30,11:26:29.175000,2025-01-30 11:26:29.175,2025,1,5,30,30,0,Coffee - Milk,Standard,Mid Morning
12,card,35.76,Hot Chocolate,Afternoon,Thu,Jan,4,1,2025-01-30,12:42:15.712000,2025-01-30 12:42:15.712,2025,1,5,30,30,0,Non-Coffee,Premium,Lunch Time
13,card,25.96,Americano,Afternoon,Thu,Jan,4,1,2025-01-30,13:02:00.748000,2025-01-30 13:02:00.748,2025,1,5,30,30,0,Coffee - Black,Standard,Lunch Time
14,card,30.86,Americano with Milk,Afternoon,Thu,Jan,4,1,2025-01-30,14:41:42.277000,2025-01-30 14:41:42.277,2025,1,5,30,30,0,Coffee - Milk,Mid-Range,Lunch Time
17,card,35.76,Hot Chocolate,Night,Thu,Jan,4,1,2025-01-30,17:18:48.404000,2025-01-30 17:18:48.404,2025,1,5,30,30,0,Non-Coffee,Premium,Afternoon
18,card,30.86,Americano with Milk,Night,Thu,Jan,4,1,2025-01-30,18:24:06.652000,2025-01-30 18:24:06.652,2025,1,5,30,30,0,Coffee - Milk,Mid-Range,Evening
18,card,25.96,Cortado,Night,Thu,Jan,4,1,2025-01-30,18:41:49.658000,2025-01-30 18:41:49.658,2025,1,5,30,30,0,Coffee - Milk,Standard,Evening
8,card,25.96,Americano,Morning,Fri,Jan,5,1,2025-01-31,08:40:51.449000,2025-01-31 08:40:51.449,2025,1,5,31,31,0,Coffee - Black,Standard,Early Morning
8,card,30.86,Americano with Milk,Morning,Fri,Jan,5,1,2025-01-31,08:41:44.730000,2025-01-31 08:41:44.730,2025,1,5,31,31,0,Coffee - Milk,Mid-Range,Early Morning
9,card,30.86,Americano with Milk,Morning,Fri,Jan,5,1,2025-01-31,09:17:14.822000,2025-01-31 09:17:14.822,2025,1,5,31,31,0,Coffee - Milk,Mid-Range,Mid Morning
9,card,35.76,Cocoa,Morning,Fri,Jan,5,1,2025-01-31,09:20:10.981000,2025-01-31 09:20:10.981,2025,1,5,31,31,0,Non-Coffee,Premium,Mid Morning
9,card,35.76,Cappuccino,Morning,Fri,Jan,5,1,2025-01-31,09:26:46.766000,2025-01-31 09:26:46.766,2025,1,5,31,31,0,Coffee - Milk,Premium,Mid Morning
9,card,35.76,Cappuccino,Morning,Fri,Jan,5,1,2025-01-31,09:27:47.738000,2025-01-31 09:27:47.738,2025,1,5,31,31,0,Coffee - Milk,Premium,Mid Morning
12,card,35.76,Latte,Afternoon,Fri,Jan,5,1,2025-01-31,12:31:01.241000,2025-01-31 12:31:01.241,2025,1,5,31,31,0,Coffee - Milk,Premium,Lunch Time
12,card,35.76,Latte,Afternoon,Fri,Jan,5,1,2025-01-31,12:54:25.716000,2025-01-31 12:54:25.716,2025,1,5,31,31,0,Coffee - Milk,Premium,Lunch Time
14,card,35.76,Cappuccino,Afternoon,Fri,Jan,5,1,2025-01-31,14:02:58.271000,2025-01-31 14:02:58.271,2025,1,5,31,31,0,Coffee - Milk,Premium,Lunch Time
16,card,30.86,Americano with Milk,Afternoon,Fri,Jan,5,1,2025-01-31,16:48:33.995000,2025-01-31 16:48:33.995,2025,1,5,31,31,0,Coffee - Milk,Mid-Range,Afternoon
22,card,30.86,Americano with Milk,Night,Fri,Jan,5,1,2025-01-31,22:35:58.843000,2025-01-31 22:35:58.843,2025,1,5,31,31,0,Coffee - Milk,Mid-Range,Evening
22,card,25.96,Americano,Night,Fri,Jan,5,1,2025-01-31,22:37:02.031000,2025-01-31 22:37:02.031,2025,1,5,31,31,0,Coffee - Black,Standard,Evening
8,card,30.86,Americano with Milk,Morning,Sat,Feb,6,2,2025-02-01,08:50:23.610000,2025-02-01 08:50:23.610,2025,1,5,1,32,1,Coffee - Milk,Mid-Range,Early Morning
10,card,30.86,Americano with Milk,Morning,Sat,Feb,6,2,2025-02-01,10:07:22.849000,2025-02-01 10:07:22.849,2025,1,5,1,32,1,Coffee - Milk,Mid-Range,Mid Morning
13,card,25.96,Cortado,Afternoon,Sat,Feb,6,2,2025-02-01,13:14:46.639000,2025-02-01 13:14:46.639,2025,1,5,1,32,1,Coffee - Milk,Standard,Lunch Time
13,card,25.96,Cortado,Afternoon,Sat,Feb,6,2,2025-02-01,13:15:29.243000,2025-02-01 13:15:29.243,2025,1,5,1,32,1,Coffee - Milk,Standard,Lunch Time
14,card,35.76,Cappuccino,Afternoon,Sat,Feb,6,2,2025-02-01,14:35:18.871000,2025-02-01 14:35:18.871,2025,1,5,1,32,1,Coffee - Milk,Premium,Lunch Time
14,card,35.76,Cappuccino,Afternoon,Sat,Feb,6,2,2025-02-01,14:36:16.610000,2025-02-01 14:36:16.610,2025,1,5,1,32,1,Coffee - Milk,Premium,Lunch Time
15,card,35.76,Latte,Afternoon,Sat,Feb,6,2,2025-02-01,15:49:58.951000,2025-02-01 15:49:58.951,2025,1,5,1,32,1,Coffee - Milk,Premium,Afternoon
18,card,35.76,Cappuccino,Night,Sat,Feb,6,2,2025-02-01,18:57:14.364000,2025-02-01 18:57:14.364,2025,1,5,1,32,1,Coffee - Milk,Premium,Evening
19,card,30.86,Americano with Milk,Night,Sat,Feb,6,2,2025-02-01,19:53:15.503000,2025-02-01 19:53:15.503,2025,1,5,1,32,1,Coffee - Milk,Mid-Range,Evening
19,card,30.86,Americano with Milk,Night,Sat,Feb,6,2,2025-02-01,19:54:24.066000,2025-02-01 19:54:24.066,2025,1,5,1,32,1,Coffee - Milk,Mid-Range,Evening
21,card,30.86,Americano with Milk,Night,Sat,Feb,6,2,2025-02-01,21:37:01.776000,2025-02-01 21:37:01.776,2025,1,5,1,32,1,Coffee - Milk,Mid-Range,Evening
10,card,35.76,Cappuccino,Morning,Sun,Feb,7,2,2025-02-02,10:56:21.940000,2025-02-02 10:56:21.940,2025,1,5,2,33,1,Coffee - Milk,Premium,Mid Morning
10,card,35.76,Cappuccino,Morning,Sun,Feb,7,2,2025-02-02,10:57:37.780000,2025-02-02 10:57:37.780,2025,1,5,2,33,1,Coffee - Milk,Premium,Mid Morning
12,card,35.76,Latte,Afternoon,Sun,Feb,7,2,2025-02-02,12:54:32.175000,2025-02-02 12:54:32.175,2025,1,5,2,33,1,Coffee - Milk,Premium,Lunch Time
12,card,35.76,Latte,Afternoon,Sun,Feb,7,2,2025-02-02,12:56:04.653000,2025-02-02 12:56:04.653,2025,1,5,2,33,1,Coffee - Milk,Premium,Lunch Time
14,card,30.86,Americano with Milk,Afternoon,Sun,Feb,7,2,2025-02-02,14:22:57.323000,2025-02-02 14:22:57.323,2025,1,5,2,33,1,Coffee - Milk,Mid-Range,Lunch Time
16,card,35.76,Latte,Afternoon,Sun,Feb,7,2,2025-02-02,16:45:07.918000,2025-02-02 16:45:07.918,2025,1,5,2,33,1,Coffee - Milk,Premium,Afternoon
16,card,35.76,Latte,Afternoon,Sun,Feb,7,2,2025-02-02,16:46:57.223000,2025-02-02 16:46:57.223,2025,1,5,2,33,1,Coffee - Milk,Premium,Afternoon
7,card,35.76,Cappuccino,Morning,Mon,Feb,1,2,2025-02-03,07:03:24.790000,2025-02-03 07:03:24.790,2025,1,6,3,34,0,Coffee - Milk,Premium,Early Morning
7,card,30.86,Americano with Milk,Morning,Mon,Feb,1,2,2025-02-03,07:04:56.569000,2025-02-03 07:04:56.569,2025,1,6,3,34,0,Coffee - Milk,Mid-Range,Early Morning
8,card,21.06,Espresso,Morning,Mon,Feb,1,2,2025-02-03,08:04:03.627000,2025-02-03 08:04:03.627,2025,1,6,3,34,0,Coffee - Black,Standard,Early Morning
8,card,30.86,Americano with Milk,Morning,Mon,Feb,1,2,2025-02-03,08:09:08.967000,2025-02-03 08:09:08.967,2025,1,6,3,34,0,Coffee - Milk,Mid-Range,Early Morning
10,card,25.96,Americano,Morning,Mon,Feb,1,2,2025-02-03,10:15:38.570000,2025-02-03 10:15:38.570,2025,1,6,3,34,0,Coffee - Black,Standard,Mid Morning
10,card,35.76,Cappuccino,Morning,Mon,Feb,1,2,2025-02-03,10:22:18.416000,2025-02-03 10:22:18.416,2025,1,6,3,34,0,Coffee - Milk,Premium,Mid Morning
10,card,30.86,Americano with Milk,Morning,Mon,Feb,1,2,2025-02-03,10:49:58.650000,2025-02-03 10:49:58.650,2025,1,6,3,34,0,Coffee - Milk,Mid-Range,Mid Morning
13,card,35.76,Cappuccino,Afternoon,Mon,Feb,1,2,2025-02-03,13:25:02.069000,2025-02-03 13:25:02.069,2025,1,6,3,34,0,Coffee - Milk,Premium,Lunch Time
13,card,35.76,Cappuccino,Afternoon,Mon,Feb,1,2,2025-02-03,13:32:53.672000,2025-02-03 13:32:53.672,2025,1,6,3,34,0,Coffee - Milk,Premium,Lunch Time
13,card,25.96,Americano,Afternoon,Mon,Feb,1,2,2025-02-03,13:51:03.281000,2025-02-03 13:51:03.281,2025,1,6,3,34,0,Coffee - Black,Standard,Lunch Time
14,card,25.96,Americano,Afternoon,Mon,Feb,1,2,2025-02-03,14:06:36.519000,2025-02-03 14:06:36.519,2025,1,6,3,34,0,Coffee - Black,Standard,Lunch Time
14,card,35.76,Latte,Afternoon,Mon,Feb,1,2,2025-02-03,14:47:02.198000,2025-02-03 14:47:02.198,2025,1,6,3,34,0,Coffee - Milk,Premium,Lunch Time
14,card,35.76,Latte,Afternoon,Mon,Feb,1,2,2025-02-03,14:50:20.575000,2025-02-03 14:50:20.575,2025,1,6,3,34,0,Coffee - Milk,Premium,Lunch Time
15,card,35.76,Latte,Afternoon,Mon,Feb,1,2,2025-02-03,15:01:44.613000,2025-02-03 15:01:44.613,2025,1,6,3,34,0,Coffee - Milk,Premium,Afternoon
15,card,25.96,Americano,Afternoon,Mon,Feb,1,2,2025-02-03,15:41:27.205000,2025-02-03 15:41:27.205,2025,1,6,3,34,0,Coffee - Black,Standard,Afternoon
17,card,35.76,Cocoa,Night,Mon,Feb,1,2,2025-02-03,17:01:26.871000,2025-02-03 17:01:26.871,2025,1,6,3,34,0,Non-Coffee,Premium,Afternoon
17,card,30.86,Americano with Milk,Night,Mon,Feb,1,2,2025-02-03,17:09:55.135000,2025-02-03 17:09:55.135,2025,1,6,3,34,0,Coffee - Milk,Mid-Range,Afternoon
17,card,30.86,Americano with Milk,Night,Mon,Feb,1,2,2025-02-03,17:11:07.189000,2025-02-03 17:11:07.189,2025,1,6,3,34,0,Coffee - Milk,Mid-Range,Afternoon
17,card,30.86,Americano with Milk,Night,Mon,Feb,1,2,2025-02-03,17:12:05.215000,2025-02-03 17:12:05.215,2025,1,6,3,34,0,Coffee - Milk,Mid-Range,Afternoon
17,card,35.76,Hot Chocolate,Night,Mon,Feb,1,2,2025-02-03,17:13:21.519000,2025-02-03 17:13:21.519,2025,1,6,3,34,0,Non-Coffee,Premium,Afternoon
17,card,35.76,Latte,Night,Mon,Feb,1,2,2025-02-03,17:14:18.374000,2025-02-03 17:14:18.374,2025,1,6,3,34,0,Coffee - Milk,Premium,Afternoon
17,card,35.76,Hot Chocolate,Night,Mon,Feb,1,2,2025-02-03,17:15:40.901000,2025-02-03 17:15:40.901,2025,1,6,3,34,0,Non-Coffee,Premium,Afternoon
17,card,30.86,Americano with Milk,Night,Mon,Feb,1,2,2025-02-03,17:44:17.695000,2025-02-03 17:44:17.695,2025,1,6,3,34,0,Coffee - Milk,Mid-Range,Afternoon
18,card,25.96,Americano,Night,Mon,Feb,1,2,2025-02-03,18:09:00.486000,2025-02-03 18:09:00.486,2025,1,6,3,34,0,Coffee - Black,Standard,Evening
20,card,35.76,Cocoa,Night,Mon,Feb,1,2,2025-02-03,20:44:14.131000,2025-02-03 20:44:14.131,2025,1,6,3,34,0,Non-Coffee,Premium,Evening
10,card,30.86,Americano with Milk,Morning,Tue,Feb,2,2,2025-02-04,10:04:56.809000,2025-02-04 10:04:56.809,2025,1,6,4,35,0,Coffee - Milk,Mid-Range,Mid Morning
10,card,25.96,Americano,Morning,Tue,Feb,2,2,2025-02-04,10:11:31.338000,2025-02-04 10:11:31.338,2025,1,6,4,35,0,Coffee - Black,Standard,Mid Morning
12,card,30.86,Americano with Milk,Afternoon,Tue,Feb,2,2,2025-02-04,12:35:58.283000,2025-02-04 12:35:58.283,2025,1,6,4,35,0,Coffee - Milk,Mid-Range,Lunch Time
13,card,25.96,Cortado,Afternoon,Tue,Feb,2,2,2025-02-04,13:07:39.018000,2025-02-04 13:07:39.018,2025,1,6,4,35,0,Coffee - Milk,Standard,Lunch Time
14,card,25.96,Americano,Afternoon,Tue,Feb,2,2,2025-02-04,14:15:14.010000,2025-02-04 14:15:14.010,2025,1,6,4,35,0,Coffee - Black,Standard,Lunch Time
14,card,30.86,Americano with Milk,Afternoon,Tue,Feb,2,2,2025-02-04,14:17:36.486000,2025-02-04 14:17:36.486,2025,1,6,4,35,0,Coffee - Milk,Mid-Range,Lunch Time
14,card,25.96,Americano,Afternoon,Tue,Feb,2,2,2025-02-04,14:19:48.544000,2025-02-04 14:19:48.544,2025,1,6,4,35,0,Coffee - Black,Standard,Lunch Time
18,card,30.86,Americano with Milk,Night,Tue,Feb,2,2,2025-02-04,18:13:41.792000,2025-02-04 18:13:41.792,2025,1,6,4,35,0,Coffee - Milk,Mid-Range,Evening
19,card,35.76,Cocoa,Night,Tue,Feb,2,2,2025-02-04,19:05:21.915000,2025-02-04 19:05:21.915,2025,1,6,4,35,0,Non-Coffee,Premium,Evening
19,card,35.76,Cocoa,Night,Tue,Feb,2,2,2025-02-04,19:09:36.727000,2025-02-04 19:09:36.727,2025,1,6,4,35,0,Non-Coffee,Premium,Evening
19,card,35.76,Cocoa,Night,Tue,Feb,2,2,2025-02-04,19:10:27.574000,2025-02-04 19:10:27.574,2025,1,6,4,35,0,Non-Coffee,Premium,Evening
19,card,25.96,Cortado,Night,Tue,Feb,2,2,2025-02-04,19:27:27.283000,2025-02-04 19:27:27.283,2025,1,6,4,35,0,Coffee - Milk,Standard,Evening
8,card,30.86,Americano with Milk,Morning,Wed,Feb,3,2,2025-02-05,08:42:10.512000,2025-02-05 08:42:10.512,2025,1,6,5,36,0,Coffee - Milk,Mid-Range,Early Morning
9,card,30.86,Americano with Milk,Morning,Wed,Feb,3,2,2025-02-05,09:10:43.723000,2025-02-05 09:10:43.723,2025,1,6,5,36,0,Coffee - Milk,Mid-Range,Mid Morning
11,card,25.96,Americano,Morning,Wed,Feb,3,2,2025-02-05,11:49:35.788000,2025-02-05 11:49:35.788,2025,1,6,5,36,0,Coffee - Black,Standard,Mid Morning
11,card,25.96,Americano,Morning,Wed,Feb,3,2,2025-02-05,11:50:41.585000,2025-02-05 11:50:41.585,2025,1,6,5,36,0,Coffee - Black,Standard,Mid Morning
11,card,25.96,Americano,Morning,Wed,Feb,3,2,2025-02-05,11:51:45.385000,2025-02-05 11:51:45.385,2025,1,6,5,36,0,Coffee - Black,Standard,Mid Morning
11,card,30.86,Americano with Milk,Morning,Wed,Feb,3,2,2025-02-05,11:58:36.442000,2025-02-05 11:58:36.442,2025,1,6,5,36,0,Coffee - Milk,Mid-Range,Mid Morning
12,card,25.96,Americano,Afternoon,Wed,Feb,3,2,2025-02-05,12:10:46.876000,2025-02-05 12:10:46.876,2025,1,6,5,36,0,Coffee - Black,Standard,Lunch Time
13,card,25.96,Americano,Afternoon,Wed,Feb,3,2,2025-02-05,13:20:46.169000,2025-02-05 13:20:46.169,2025,1,6,5,36,0,Coffee - Black,Standard,Lunch Time
13,card,21.06,Espresso,Afternoon,Wed,Feb,3,2,2025-02-05,13:43:42.825000,2025-02-05 13:43:42.825,2025,1,6,5,36,0,Coffee - Black,Standard,Lunch Time
13,card,21.06,Espresso,Afternoon,Wed,Feb,3,2,2025-02-05,13:44:29.310000,2025-02-05 13:44:29.310,2025,1,6,5,36,0,Coffee - Black,Standard,Lunch Time
14,card,35.76,Cappuccino,Afternoon,Wed,Feb,3,2,2025-02-05,14:57:52.705000,2025-02-05 14:57:52.705,2025,1,6,5,36,0,Coffee - Milk,Premium,Lunch Time
15,card,35.76,Cappuccino,Afternoon,Wed,Feb,3,2,2025-02-05,15:50:58.774000,2025-02-05 15:50:58.774,2025,1,6,5,36,0,Coffee - Milk,Premium,Afternoon
16,card,35.76,Hot Chocolate,Afternoon,Wed,Feb,3,2,2025-02-05,16:34:20.397000,2025-02-05 16:34:20.397,2025,1,6,5,36,0,Non-Coffee,Premium,Afternoon
16,card,35.76,Latte,Afternoon,Wed,Feb,3,2,2025-02-05,16:35:33.007000,2025-02-05 16:35:33.007,2025,1,6,5,36,0,Coffee - Milk,Premium,Afternoon
16,card,35.76,Latte,Afternoon,Wed,Feb,3,2,2025-02-05,16:36:34.191000,2025-02-05 16:36:34.191,2025,1,6,5,36,0,Coffee - Milk,Premium,Afternoon
16,card,35.76,Cocoa,Afternoon,Wed,Feb,3,2,2025-02-05,16:39:01.735000,2025-02-05 16:39:01.735,2025,1,6,5,36,0,Non-Coffee,Premium,Afternoon
16,card,35.76,Hot Chocolate,Afternoon,Wed,Feb,3,2,2025-02-05,16:41:09.994000,2025-02-05 16:41:09.994,2025,1,6,5,36,0,Non-Coffee,Premium,Afternoon
18,card,35.76,Cappuccino,Night,Wed,Feb,3,2,2025-02-05,18:18:34.427000,2025-02-05 18:18:34.427,2025,1,6,5,36,0,Coffee - Milk,Premium,Evening
18,card,35.76,Cappuccino,Night,Wed,Feb,3,2,2025-02-05,18:19:49.078000,2025-02-05 18:19:49.078,2025,1,6,5,36,0,Coffee - Milk,Premium,Evening
18,card,35.76,Cocoa,Night,Wed,Feb,3,2,2025-02-05,18:20:51.486000,2025-02-05 18:20:51.486,2025,1,6,5,36,0,Non-Coffee,Premium,Evening
18,card,30.86,Americano with Milk,Night,Wed,Feb,3,2,2025-02-05,18:25:29.322000,2025-02-05 18:25:29.322,2025,1,6,5,36,0,Coffee - Milk,Mid-Range,Evening
18,card,35.76,Cappuccino,Night,Wed,Feb,3,2,2025-02-05,18:45:42.132000,2025-02-05 18:45:42.132,2025,1,6,5,36,0,Coffee - Milk,Premium,Evening
19,card,35.76,Hot Chocolate,Night,Wed,Feb,3,2,2025-02-05,19:06:46.262000,2025-02-05 19:06:46.262,2025,1,6,5,36,0,Non-Coffee,Premium,Evening
20,card,35.76,Cocoa,Night,Wed,Feb,3,2,2025-02-05,20:03:20.629000,2025-02-05 20:03:20.629,2025,1,6,5,36,0,Non-Coffee,Premium,Evening
7,card,30.86,Americano with Milk,Morning,Thu,Feb,4,2,2025-02-06,07:16:48.645000,2025-02-06 07:16:48.645,2025,1,6,6,37,0,Coffee - Milk,Mid-Range,Early Morning
13,card,25.96,Americano,Afternoon,Thu,Feb,4,2,2025-02-06,13:59:21.456000,2025-02-06 13:59:21.456,2025,1,6,6,37,0,Coffee - Black,Standard,Lunch Time
14,card,30.86,Americano with Milk,Afternoon,Thu,Feb,4,2,2025-02-06,14:55:31.564000,2025-02-06 14:55:31.564,2025,1,6,6,37,0,Coffee - Milk,Mid-Range,Lunch Time
14,card,35.76,Cappuccino,Afternoon,Thu,Feb,4,2,2025-02-06,14:59:22.422000,2025-02-06 14:59:22.422,2025,1,6,6,37,0,Coffee - Milk,Premium,Lunch Time
16,card,35.76,Cocoa,Afternoon,Thu,Feb,4,2,2025-02-06,16:14:49.801000,2025-02-06 16:14:49.801,2025,1,6,6,37,0,Non-Coffee,Premium,Afternoon
17,card,35.76,Cocoa,Night,Thu,Feb,4,2,2025-02-06,17:09:45.604000,2025-02-06 17:09:45.604,2025,1,6,6,37,0,Non-Coffee,Premium,Afternoon
17,card,35.76,Cocoa,Night,Thu,Feb,4,2,2025-02-06,17:54:25.041000,2025-02-06 17:54:25.041,2025,1,6,6,37,0,Non-Coffee,Premium,Afternoon
19,card,35.76,Cappuccino,Night,Thu,Feb,4,2,2025-02-06,19:53:12.674000,2025-02-06 19:53:12.674,2025,1,6,6,37,0,Coffee - Milk,Premium,Evening
19,card,21.06,Espresso,Night,Thu,Feb,4,2,2025-02-06,19:55:06.501000,2025-02-06 19:55:06.501,2025,1,6,6,37,0,Coffee - Black,Standard,Evening
20,card,35.76,Cocoa,Night,Thu,Feb,4,2,2025-02-06,20:06:59.305000,2025-02-06 20:06:59.305,2025,1,6,6,37,0,Non-Coffee,Premium,Evening
20,card,35.76,Cocoa,Night,Thu,Feb,4,2,2025-02-06,20:07:47.105000,2025-02-06 20:07:47.105,2025,1,6,6,37,0,Non-Coffee,Premium,Evening
20,card,35.76,Latte,Night,Thu,Feb,4,2,2025-02-06,20:23:13.537000,2025-02-06 20:23:13.537,2025,1,6,6,37,0,Coffee - Milk,Premium,Evening
8,card,30.86,Americano with Milk,Morning,Fri,Feb,5,2,2025-02-07,08:44:49.968000,2025-02-07 08:44:49.968,2025,1,6,7,38,0,Coffee - Milk,Mid-Range,Early Morning
9,card,30.86,Americano with Milk,Morning,Fri,Feb,5,2,2025-02-07,09:07:04.654000,2025-02-07 09:07:04.654,2025,1,6,7,38,0,Coffee - Milk,Mid-Range,Mid Morning
10,card,25.96,Americano,Morning,Fri,Feb,5,2,2025-02-07,10:49:23.202000,2025-02-07 10:49:23.202,2025,1,6,7,38,0,Coffee - Black,Standard,Mid Morning
12,card,35.76,Cocoa,Afternoon,Fri,Feb,5,2,2025-02-07,12:09:38.592000,2025-02-07 12:09:38.592,2025,1,6,7,38,0,Non-Coffee,Premium,Lunch Time
12,card,30.86,Americano with Milk,Afternoon,Fri,Feb,5,2,2025-02-07,12:51:22.367000,2025-02-07 12:51:22.367,2025,1,6,7,38,0,Coffee - Milk,Mid-Range,Lunch Time
12,card,25.96,Americano,Afternoon,Fri,Feb,5,2,2025-02-07,12:58:51.777000,2025-02-07 12:58:51.777,2025,1,6,7,38,0,Coffee - Black,Standard,Lunch Time
16,card,25.96,Cortado,Afternoon,Fri,Feb,5,2,2025-02-07,16:04:10.943000,2025-02-07 16:04:10.943,2025,1,6,7,38,0,Coffee - Milk,Standard,Afternoon
16,card,35.76,Latte,Afternoon,Fri,Feb,5,2,2025-02-07,16:22:13.091000,2025-02-07 16:22:13.091,2025,1,6,7,38,0,Coffee - Milk,Premium,Afternoon
16,card,35.76,Hot Chocolate,Afternoon,Fri,Feb,5,2,2025-02-07,16:23:14.076000,2025-02-07 16:23:14.076,2025,1,6,7,38,0,Non-Coffee,Premium,Afternoon
16,card,35.76,Latte,Afternoon,Fri,Feb,5,2,2025-02-07,16:24:35.194000,2025-02-07 16:24:35.194,2025,1,6,7,38,0,Coffee - Milk,Premium,Afternoon
18,card,35.76,Cocoa,Night,Fri,Feb,5,2,2025-02-07,18:42:36.741000,2025-02-07 18:42:36.741,2025,1,6,7,38,0,Non-Coffee,Premium,Evening
18,card,35.76,Cocoa,Night,Fri,Feb,5,2,2025-02-07,18:43:36.084000,2025-02-07 18:43:36.084,2025,1,6,7,38,0,Non-Coffee,Premium,Evening
18,card,25.96,Cortado,Night,Fri,Feb,5,2,2025-02-07,18:44:30.842000,2025-02-07 18:44:30.842,2025,1,6,7,38,0,Coffee - Milk,Standard,Evening
18,card,35.76,Cocoa,Night,Fri,Feb,5,2,2025-02-07,18:45:23.077000,2025-02-07 18:45:23.077,2025,1,6,7,38,0,Non-Coffee,Premium,Evening
20,card,35.76,Cocoa,Night,Fri,Feb,5,2,2025-02-07,20:10:59.413000,2025-02-07 20:10:59.413,2025,1,6,7,38,0,Non-Coffee,Premium,Evening
20,card,25.96,Cortado,Night,Fri,Feb,5,2,2025-02-07,20:30:56.938000,2025-02-07 20:30:56.938,2025,1,6,7,38,0,Coffee - Milk,Standard,Evening
9,card,25.96,Americano,Morning,Sat,Feb,6,2,2025-02-08,09:01:42.933000,2025-02-08 09:01:42.933,2025,1,6,8,39,1,Coffee - Black,Standard,Mid Morning
10,card,30.86,Americano with Milk,Morning,Sat,Feb,6,2,2025-02-08,10:56:17.090000,2025-02-08 10:56:17.090,2025,1,6,8,39,1,Coffee - Milk,Mid-Range,Mid Morning
11,card,25.96,Cortado,Morning,Sat,Feb,6,2,2025-02-08,11:02:41.385000,2025-02-08 11:02:41.385,2025,1,6,8,39,1,Coffee - Milk,Standard,Mid Morning
11,card,25.96,Americano,Morning,Sat,Feb,6,2,2025-02-08,11:39:33.882000,2025-02-08 11:39:33.882,2025,1,6,8,39,1,Coffee - Black,Standard,Mid Morning
12,card,25.96,Americano,Afternoon,Sat,Feb,6,2,2025-02-08,12:46:12.840000,2025-02-08 12:46:12.840,2025,1,6,8,39,1,Coffee - Black,Standard,Lunch Time
13,card,25.96,Americano,Afternoon,Sat,Feb,6,2,2025-02-08,13:26:47.588000,2025-02-08 13:26:47.588,2025,1,6,8,39,1,Coffee - Black,Standard,Lunch Time
15,card,25.96,Americano,Afternoon,Sat,Feb,6,2,2025-02-08,15:07:04.164000,2025-02-08 15:07:04.164,2025,1,6,8,39,1,Coffee - Black,Standard,Afternoon
15,card,25.96,Americano,Afternoon,Sat,Feb,6,2,2025-02-08,15:08:09.210000,2025-02-08 15:08:09.210,2025,1,6,8,39,1,Coffee - Black,Standard,Afternoon
8,card,35.76,Cocoa,Morning,Sun,Feb,7,2,2025-02-09,08:49:24.111000,2025-02-09 08:49:24.111,2025,1,6,9,40,1,Non-Coffee,Premium,Early Morning
10,card,30.86,Americano with Milk,Morning,Sun,Feb,7,2,2025-02-09,10:31:09.185000,2025-02-09 10:31:09.185,2025,1,6,9,40,1,Coffee - Milk,Mid-Range,Mid Morning
10,card,25.96,Americano,Morning,Sun,Feb,7,2,2025-02-09,10:51:28.019000,2025-02-09 10:51:28.019,2025,1,6,9,40,1,Coffee - Black,Standard,Mid Morning
12,card,35.76,Latte,Afternoon,Sun,Feb,7,2,2025-02-09,12:05:05.007000,2025-02-09 12:05:05.007,2025,1,6,9,40,1,Coffee - Milk,Premium,Lunch Time
15,card,35.76,Cocoa,Afternoon,Sun,Feb,7,2,2025-02-09,15:13:09.171000,2025-02-09 15:13:09.171,2025,1,6,9,40,1,Non-Coffee,Premium,Afternoon
15,card,35.76,Latte,Afternoon,Sun,Feb,7,2,2025-02-09,15:14:02.345000,2025-02-09 15:14:02.345,2025,1,6,9,40,1,Coffee - Milk,Premium,Afternoon
15,card,35.76,Hot Chocolate,Afternoon,Sun,Feb,7,2,2025-02-09,15:15:57.899000,2025-02-09 15:15:57.899,2025,1,6,9,40,1,Non-Coffee,Premium,Afternoon
15,card,35.76,Cocoa,Afternoon,Sun,Feb,7,2,2025-02-09,15:16:52.224000,2025-02-09 15:16:52.224,2025,1,6,9,40,1,Non-Coffee,Premium,Afternoon
16,card,25.96,Cortado,Afternoon,Sun,Feb,7,2,2025-02-09,16:20:18.825000,2025-02-09 16:20:18.825,2025,1,6,9,40,1,Coffee - Milk,Standard,Afternoon
7,card,25.96,Americano,Morning,Mon,Feb,1,2,2025-02-10,07:01:46.579000,2025-02-10 07:01:46.579,2025,1,7,10,41,0,Coffee - Black,Standard,Early Morning
8,card,25.96,Americano,Morning,Mon,Feb,1,2,2025-02-10,08:16:32.125000,2025-02-10 08:16:32.125,2025,1,7,10,41,0,Coffee - Black,Standard,Early Morning
8,card,25.96,Americano,Morning,Mon,Feb,1,2,2025-02-10,08:24:56.389000,2025-02-10 08:24:56.389,2025,1,7,10,41,0,Coffee - Black,Standard,Early Morning
11,card,30.86,Americano with Milk,Morning,Mon,Feb,1,2,2025-02-10,11:11:43.020000,2025-02-10 11:11:43.020,2025,1,7,10,41,0,Coffee - Milk,Mid-Range,Mid Morning
13,card,25.96,Americano,Afternoon,Mon,Feb,1,2,2025-02-10,13:08:50.162000,2025-02-10 13:08:50.162,2025,1,7,10,41,0,Coffee - Black,Standard,Lunch Time
13,card,35.76,Cocoa,Afternoon,Mon,Feb,1,2,2025-02-10,13:11:05.976000,2025-02-10 13:11:05.976,2025,1,7,10,41,0,Non-Coffee,Premium,Lunch Time
13,card,30.86,Americano with Milk,Afternoon,Mon,Feb,1,2,2025-02-10,13:26:54.671000,2025-02-10 13:26:54.671,2025,1,7,10,41,0,Coffee - Milk,Mid-Range,Lunch Time
13,card,25.96,Americano,Afternoon,Mon,Feb,1,2,2025-02-10,13:40:13.329000,2025-02-10 13:40:13.329,2025,1,7,10,41,0,Coffee - Black,Standard,Lunch Time
14,card,35.76,Latte,Afternoon,Mon,Feb,1,2,2025-02-10,14:01:52.039000,2025-02-10 14:01:52.039,2025,1,7,10,41,0,Coffee - Milk,Premium,Lunch Time
14,card,25.96,Americano,Afternoon,Mon,Feb,1,2,2025-02-10,14:07:41.358000,2025-02-10 14:07:41.358,2025,1,7,10,41,0,Coffee - Black,Standard,Lunch Time
14,card,35.76,Cocoa,Afternoon,Mon,Feb,1,2,2025-02-10,14:11:46.466000,2025-02-10 14:11:46.466,2025,1,7,10,41,0,Non-Coffee,Premium,Lunch Time
14,card,35.76,Cocoa,Afternoon,Mon,Feb,1,2,2025-02-10,14:15:44.582000,2025-02-10 14:15:44.582,2025,1,7,10,41,0,Non-Coffee,Premium,Lunch Time
15,card,35.76,Cappuccino,Afternoon,Mon,Feb,1,2,2025-02-10,15:01:54.950000,2025-02-10 15:01:54.950,2025,1,7,10,41,0,Coffee - Milk,Premium,Afternoon
15,card,30.86,Americano with Milk,Afternoon,Mon,Feb,1,2,2025-02-10,15:14:01.175000,2025-02-10 15:14:01.175,2025,1,7,10,41,0,Coffee - Milk,Mid-Range,Afternoon
15,card,35.76,Latte,Afternoon,Mon,Feb,1,2,2025-02-10,15:46:02.637000,2025-02-10 15:46:02.637,2025,1,7,10,41,0,Coffee - Milk,Premium,Afternoon
15,card,35.76,Hot Chocolate,Afternoon,Mon,Feb,1,2,2025-02-10,15:47:44.088000,2025-02-10 15:47:44.088,2025,1,7,10,41,0,Non-Coffee,Premium,Afternoon
16,card,35.76,Cocoa,Afternoon,Mon,Feb,1,2,2025-02-10,16:20:55.047000,2025-02-10 16:20:55.047,2025,1,7,10,41,0,Non-Coffee,Premium,Afternoon
17,card,25.96,Americano,Night,Mon,Feb,1,2,2025-02-10,17:12:02.356000,2025-02-10 17:12:02.356,2025,1,7,10,41,0,Coffee - Black,Standard,Afternoon
18,card,30.86,Americano with Milk,Night,Mon,Feb,1,2,2025-02-10,18:27:14.597000,2025-02-10 18:27:14.597,2025,1,7,10,41,0,Coffee - Milk,Mid-Range,Evening
19,card,35.76,Latte,Night,Mon,Feb,1,2,2025-02-10,19:14:01.461000,2025-02-10 19:14:01.461,2025,1,7,10,41,0,Coffee - Milk,Premium,Evening
19,card,35.76,Latte,Night,Mon,Feb,1,2,2025-02-10,19:14:53.526000,2025-02-10 19:14:53.526,2025,1,7,10,41,0,Coffee - Milk,Premium,Evening
10,card,25.96,Americano,Morning,Tue,Feb,2,2,2025-02-11,10:38:26.035000,2025-02-11 10:38:26.035,2025,1,7,11,42,0,Coffee - Black,Standard,Mid Morning
11,card,25.96,Americano,Morning,Tue,Feb,2,2,2025-02-11,11:19:15.478000,2025-02-11 11:19:15.478,2025,1,7,11,42,0,Coffee - Black,Standard,Mid Morning
11,card,30.86,Americano with Milk,Morning,Tue,Feb,2,2,2025-02-11,11:20:12.152000,2025-02-11 11:20:12.152,2025,1,7,11,42,0,Coffee - Milk,Mid-Range,Mid Morning
11,card,35.76,Cocoa,Morning,Tue,Feb,2,2,2025-02-11,11:21:08.002000,2025-02-11 11:21:08.002,2025,1,7,11,42,0,Non-Coffee,Premium,Mid Morning
15,card,35.76,Hot Chocolate,Afternoon,Tue,Feb,2,2,2025-02-11,15:56:49.868000,2025-02-11 15:56:49.868,2025,1,7,11,42,0,Non-Coffee,Premium,Afternoon
16,card,30.86,Americano with Milk,Afternoon,Tue,Feb,2,2,2025-02-11,16:09:08.439000,2025-02-11 16:09:08.439,2025,1,7,11,42,0,Coffee - Milk,Mid-Range,Afternoon
16,card,21.06,Espresso,Afternoon,Tue,Feb,2,2,2025-02-11,16:49:40.995000,2025-02-11 16:49:40.995,2025,1,7,11,42,0,Coffee - Black,Standard,Afternoon
17,card,35.76,Latte,Night,Tue,Feb,2,2,2025-02-11,17:35:34.920000,2025-02-11 17:35:34.920,2025,1,7,11,42,0,Coffee - Milk,Premium,Afternoon
17,card,30.86,Americano with Milk,Night,Tue,Feb,2,2,2025-02-11,17:36:42.232000,2025-02-11 17:36:42.232,2025,1,7,11,42,0,Coffee - Milk,Mid-Range,Afternoon
17,card,30.86,Americano with Milk,Night,Tue,Feb,2,2,2025-02-11,17:44:12.594000,2025-02-11 17:44:12.594,2025,1,7,11,42,0,Coffee - Milk,Mid-Range,Afternoon
17,card,25.96,Americano,Night,Tue,Feb,2,2,2025-02-11,17:50:40.426000,2025-02-11 17:50:40.426,2025,1,7,11,42,0,Coffee - Black,Standard,Afternoon
17,card,30.86,Americano with Milk,Night,Tue,Feb,2,2,2025-02-11,17:54:37.833000,2025-02-11 17:54:37.833,2025,1,7,11,42,0,Coffee - Milk,Mid-Range,Afternoon
19,card,35.76,Latte,Night,Tue,Feb,2,2,2025-02-11,19:04:11.037000,2025-02-11 19:04:11.037,2025,1,7,11,42,0,Coffee - Milk,Premium,Evening
19,card,35.76,Cocoa,Night,Tue,Feb,2,2,2025-02-11,19:05:03.830000,2025-02-11 19:05:03.830,2025,1,7,11,42,0,Non-Coffee,Premium,Evening
7,card,35.76,Cappuccino,Morning,Wed,Feb,3,2,2025-02-12,07:16:57.164000,2025-02-12 07:16:57.164,2025,1,7,12,43,0,Coffee - Milk,Premium,Early Morning
7,card,25.96,Americano,Morning,Wed,Feb,3,2,2025-02-12,07:35:37.551000,2025-02-12 07:35:37.551,2025,1,7,12,43,0,Coffee - Black,Standard,Early Morning
8,card,35.76,Cocoa,Morning,Wed,Feb,3,2,2025-02-12,08:54:35.758000,2025-02-12 08:54:35.758,2025,1,7,12,43,0,Non-Coffee,Premium,Early Morning
9,card,30.86,Americano with Milk,Morning,Wed,Feb,3,2,2025-02-12,09:19:45.900000,2025-02-12 09:19:45.900,2025,1,7,12,43,0,Coffee - Milk,Mid-Range,Mid Morning
10,card,25.96,Americano,Morning,Wed,Feb,3,2,2025-02-12,10:43:13.475000,2025-02-12 10:43:13.475,2025,1,7,12,43,0,Coffee - Black,Standard,Mid Morning
12,card,25.96,Americano,Afternoon,Wed,Feb,3,2,2025-02-12,12:43:29.084000,2025-02-12 12:43:29.084,2025,1,7,12,43,0,Coffee - Black,Standard,Lunch Time
13,card,25.96,Americano,Afternoon,Wed,Feb,3,2,2025-02-12,13:08:09.325000,2025-02-12 13:08:09.325,2025,1,7,12,43,0,Coffee - Black,Standard,Lunch Time
13,card,35.76,Hot Chocolate,Afternoon,Wed,Feb,3,2,2025-02-12,13:41:39.723000,2025-02-12 13:41:39.723,2025,1,7,12,43,0,Non-Coffee,Premium,Lunch Time
15,card,35.76,Hot Chocolate,Afternoon,Wed,Feb,3,2,2025-02-12,15:41:24.777000,2025-02-12 15:41:24.777,2025,1,7,12,43,0,Non-Coffee,Premium,Afternoon
15,card,35.76,Latte,Afternoon,Wed,Feb,3,2,2025-02-12,15:42:16.575000,2025-02-12 15:42:16.575,2025,1,7,12,43,0,Coffee - Milk,Premium,Afternoon
15,card,35.76,Hot Chocolate,Afternoon,Wed,Feb,3,2,2025-02-12,15:43:34.522000,2025-02-12 15:43:34.522,2025,1,7,12,43,0,Non-Coffee,Premium,Afternoon
16,card,25.96,Americano,Afternoon,Wed,Feb,3,2,2025-02-12,16:12:58.376000,2025-02-12 16:12:58.376,2025,1,7,12,43,0,Coffee - Black,Standard,Afternoon
16,card,25.96,Americano,Afternoon,Wed,Feb,3,2,2025-02-12,16:26:08.533000,2025-02-12 16:26:08.533,2025,1,7,12,43,0,Coffee - Black,Standard,Afternoon
17,card,35.76,Cappuccino,Night,Wed,Feb,3,2,2025-02-12,17:05:31.989000,2025-02-12 17:05:31.989,2025,1,7,12,43,0,Coffee - Milk,Premium,Afternoon
17,card,25.96,Americano,Night,Wed,Feb,3,2,2025-02-12,17:42:51.484000,2025-02-12 17:42:51.484,2025,1,7,12,43,0,Coffee - Black,Standard,Afternoon
20,card,35.76,Latte,Night,Wed,Feb,3,2,2025-02-12,20:05:40.740000,2025-02-12 20:05:40.740,2025,1,7,12,43,0,Coffee - Milk,Premium,Evening
20,card,35.76,Cocoa,Night,Wed,Feb,3,2,2025-02-12,20:23:13.374000,2025-02-12 20:23:13.374,2025,1,7,12,43,0,Non-Coffee,Premium,Evening
21,card,35.76,Cappuccino,Night,Wed,Feb,3,2,2025-02-12,21:17:04.272000,2025-02-12 21:17:04.272,2025,1,7,12,43,0,Coffee - Milk,Premium,Evening
7,card,30.86,Americano with Milk,Morning,Thu,Feb,4,2,2025-02-13,07:38:47.907000,2025-02-13 07:38:47.907,2025,1,7,13,44,0,Coffee - Milk,Mid-Range,Early Morning
8,card,25.96,Americano,Morning,Thu,Feb,4,2,2025-02-13,08:45:57.062000,2025-02-13 08:45:57.062,2025,1,7,13,44,0,Coffee - Black,Standard,Early Morning
9,card,21.06,Espresso,Morning,Thu,Feb,4,2,2025-02-13,09:17:21.021000,2025-02-13 09:17:21.021,2025,1,7,13,44,0,Coffee - Black,Standard,Mid Morning
9,card,35.76,Cocoa,Morning,Thu,Feb,4,2,2025-02-13,09:36:05.130000,2025-02-13 09:36:05.130,2025,1,7,13,44,0,Non-Coffee,Premium,Mid Morning
10,card,30.86,Americano with Milk,Morning,Thu,Feb,4,2,2025-02-13,10:29:32.655000,2025-02-13 10:29:32.655,2025,1,7,13,44,0,Coffee - Milk,Mid-Range,Mid Morning
10,card,30.86,Americano with Milk,Morning,Thu,Feb,4,2,2025-02-13,10:59:27.048000,2025-02-13 10:59:27.048,2025,1,7,13,44,0,Coffee - Milk,Mid-Range,Mid Morning
16,card,25.96,Americano,Afternoon,Thu,Feb,4,2,2025-02-13,16:30:39.247000,2025-02-13 16:30:39.247,2025,1,7,13,44,0,Coffee - Black,Standard,Afternoon
16,card,25.96,Americano,Afternoon,Thu,Feb,4,2,2025-02-13,16:31:33.722000,2025-02-13 16:31:33.722,2025,1,7,13,44,0,Coffee - Black,Standard,Afternoon
17,card,30.86,Americano with Milk,Night,Thu,Feb,4,2,2025-02-13,17:16:11.630000,2025-02-13 17:16:11.630,2025,1,7,13,44,0,Coffee - Milk,Mid-Range,Afternoon
17,card,30.86,Americano with Milk,Night,Thu,Feb,4,2,2025-02-13,17:17:20.197000,2025-02-13 17:17:20.197,2025,1,7,13,44,0,Coffee - Milk,Mid-Range,Afternoon
18,card,35.76,Latte,Night,Thu,Feb,4,2,2025-02-13,18:01:35.454000,2025-02-13 18:01:35.454,2025,1,7,13,44,0,Coffee - Milk,Premium,Evening
18,card,35.76,Cappuccino,Night,Thu,Feb,4,2,2025-02-13,18:15:08.550000,2025-02-13 18:15:08.550,2025,1,7,13,44,0,Coffee - Milk,Premium,Evening
19,card,35.76,Latte,Night,Thu,Feb,4,2,2025-02-13,19:06:30.373000,2025-02-13 19:06:30.373,2025,1,7,13,44,0,Coffee - Milk,Premium,Evening
11,card,25.96,Americano,Morning,Fri,Feb,5,2,2025-02-14,11:38:55.705000,2025-02-14 11:38:55.705,2025,1,7,14,45,0,Coffee - Black,Standard,Mid Morning
14,card,35.76,Hot Chocolate,Afternoon,Fri,Feb,5,2,2025-02-14,14:07:09.333000,2025-02-14 14:07:09.333,2025,1,7,14,45,0,Non-Coffee,Premium,Lunch Time
14,card,25.96,Americano,Afternoon,Fri,Feb,5,2,2025-02-14,14:45:59.806000,2025-02-14 14:45:59.806,2025,1,7,14,45,0,Coffee - Black,Standard,Lunch Time
14,card,21.06,Espresso,Afternoon,Fri,Feb,5,2,2025-02-14,14:46:45.108000,2025-02-14 14:46:45.108,2025,1,7,14,45,0,Coffee - Black,Standard,Lunch Time
14,card,30.86,Americano with Milk,Afternoon,Fri,Feb,5,2,2025-02-14,14:58:12.247000,2025-02-14 14:58:12.247,2025,1,7,14,45,0,Coffee - Milk,Mid-Range,Lunch Time
15,card,35.76,Cappuccino,Afternoon,Fri,Feb,5,2,2025-02-14,15:00:16.743000,2025-02-14 15:00:16.743,2025,1,7,14,45,0,Coffee - Milk,Premium,Afternoon
15,card,35.76,Cappuccino,Afternoon,Fri,Feb,5,2,2025-02-14,15:36:40.857000,2025-02-14 15:36:40.857,2025,1,7,14,45,0,Coffee - Milk,Premium,Afternoon
15,card,35.76,Latte,Afternoon,Fri,Feb,5,2,2025-02-14,15:38:47.478000,2025-02-14 15:38:47.478,2025,1,7,14,45,0,Coffee - Milk,Premium,Afternoon
15,card,35.76,Hot Chocolate,Afternoon,Fri,Feb,5,2,2025-02-14,15:53:56.467000,2025-02-14 15:53:56.467,2025,1,7,14,45,0,Non-Coffee,Premium,Afternoon
15,card,35.76,Cappuccino,Afternoon,Fri,Feb,5,2,2025-02-14,15:54:57.220000,2025-02-14 15:54:57.220,2025,1,7,14,45,0,Coffee - Milk,Premium,Afternoon
17,card,25.96,Americano,Night,Fri,Feb,5,2,2025-02-14,17:03:16.068000,2025-02-14 17:03:16.068,2025,1,7,14,45,0,Coffee - Black,Standard,Afternoon
17,card,35.76,Cocoa,Night,Fri,Feb,5,2,2025-02-14,17:04:29.509000,2025-02-14 17:04:29.509,2025,1,7,14,45,0,Non-Coffee,Premium,Afternoon
17,card,21.06,Espresso,Night,Fri,Feb,5,2,2025-02-14,17:09:07.646000,2025-02-14 17:09:07.646,2025,1,7,14,45,0,Coffee - Black,Standard,Afternoon
17,card,30.86,Americano with Milk,Night,Fri,Feb,5,2,2025-02-14,17:25:24.871000,2025-02-14 17:25:24.871,2025,1,7,14,45,0,Coffee - Milk,Mid-Range,Afternoon
21,card,25.96,Americano,Night,Fri,Feb,5,2,2025-02-14,21:18:29.956000,2025-02-14 21:18:29.956,2025,1,7,14,45,0,Coffee - Black,Standard,Evening
9,card,35.76,Cappuccino,Morning,Sat,Feb,6,2,2025-02-15,09:22:51.930000,2025-02-15 09:22:51.930,2025,1,7,15,46,1,Coffee - Milk,Premium,Mid Morning
12,card,35.76,Cappuccino,Afternoon,Sat,Feb,6,2,2025-02-15,12:41:53.830000,2025-02-15 12:41:53.830,2025,1,7,15,46,1,Coffee - Milk,Premium,Lunch Time
12,card,25.96,Americano,Afternoon,Sat,Feb,6,2,2025-02-15,12:44:26.571000,2025-02-15 12:44:26.571,2025,1,7,15,46,1,Coffee - Black,Standard,Lunch Time
13,card,30.86,Americano with Milk,Afternoon,Sat,Feb,6,2,2025-02-15,13:02:19.867000,2025-02-15 13:02:19.867,2025,1,7,15,46,1,Coffee - Milk,Mid-Range,Lunch Time
13,card,30.86,Americano with Milk,Afternoon,Sat,Feb,6,2,2025-02-15,13:32:05.734000,2025-02-15 13:32:05.734,2025,1,7,15,46,1,Coffee - Milk,Mid-Range,Lunch Time
14,card,35.76,Cappuccino,Afternoon,Sat,Feb,6,2,2025-02-15,14:01:51.228000,2025-02-15 14:01:51.228,2025,1,7,15,46,1,Coffee - Milk,Premium,Lunch Time
14,card,25.96,Americano,Afternoon,Sat,Feb,6,2,2025-02-15,14:11:53.922000,2025-02-15 14:11:53.922,2025,1,7,15,46,1,Coffee - Black,Standard,Lunch Time
15,card,35.76,Hot Chocolate,Afternoon,Sat,Feb,6,2,2025-02-15,15:40:07.667000,2025-02-15 15:40:07.667,2025,1,7,15,46,1,Non-Coffee,Premium,Afternoon
15,card,35.76,Hot Chocolate,Afternoon,Sat,Feb,6,2,2025-02-15,15:40:59.443000,2025-02-15 15:40:59.443,2025,1,7,15,46,1,Non-Coffee,Premium,Afternoon
10,card,25.96,Americano,Morning,Sun,Feb,7,2,2025-02-16,10:46:43.223000,2025-02-16 10:46:43.223,2025,1,7,16,47,1,Coffee - Black,Standard,Mid Morning
10,card,25.96,Americano,Morning,Sun,Feb,7,2,2025-02-16,10:50:00.616000,2025-02-16 10:50:00.616,2025,1,7,16,47,1,Coffee - Black,Standard,Mid Morning
10,card,30.86,Americano with Milk,Morning,Sun,Feb,7,2,2025-02-16,10:51:03.967000,2025-02-16 10:51:03.967,2025,1,7,16,47,1,Coffee - Milk,Mid-Range,Mid Morning
11,card,35.76,Hot Chocolate,Morning,Sun,Feb,7,2,2025-02-16,11:04:47.894000,2025-02-16 11:04:47.894,2025,1,7,16,47,1,Non-Coffee,Premium,Mid Morning
11,card,25.96,Americano,Morning,Sun,Feb,7,2,2025-02-16,11:32:29.055000,2025-02-16 11:32:29.055,2025,1,7,16,47,1,Coffee - Black,Standard,Mid Morning
14,card,35.76,Hot Chocolate,Afternoon,Sun,Feb,7,2,2025-02-16,14:15:37.049000,2025-02-16 14:15:37.049,2025,1,7,16,47,1,Non-Coffee,Premium,Lunch Time
14,card,35.76,Latte,Afternoon,Sun,Feb,7,2,2025-02-16,14:16:41.124000,2025-02-16 14:16:41.124,2025,1,7,16,47,1,Coffee - Milk,Premium,Lunch Time
17,card,35.76,Hot Chocolate,Night,Sun,Feb,7,2,2025-02-16,17:12:27.402000,2025-02-16 17:12:27.402,2025,1,7,16,47,1,Non-Coffee,Premium,Afternoon
17,card,30.86,Americano with Milk,Night,Sun,Feb,7,2,2025-02-16,17:13:32.973000,2025-02-16 17:13:32.973,2025,1,7,16,47,1,Coffee - Milk,Mid-Range,Afternoon
17,card,30.86,Americano with Milk,Night,Sun,Feb,7,2,2025-02-16,17:44:32.781000,2025-02-16 17:44:32.781,2025,1,7,16,47,1,Coffee - Milk,Mid-Range,Afternoon
6,card,35.76,Cappuccino,Morning,Mon,Feb,1,2,2025-02-17,06:50:04.455000,2025-02-17 06:50:04.455,2025,1,8,17,48,0,Coffee - Milk,Premium,Early Morning
8,card,25.96,Americano,Morning,Mon,Feb,1,2,2025-02-17,08:53:13.808000,2025-02-17 08:53:13.808,2025,1,8,17,48,0,Coffee - Black,Standard,Early Morning
9,card,25.96,Americano,Morning,Mon,Feb,1,2,2025-02-17,09:00:55.147000,2025-02-17 09:00:55.147,2025,1,8,17,48,0,Coffee - Black,Standard,Mid Morning
9,card,30.86,Americano with Milk,Morning,Mon,Feb,1,2,2025-02-17,09:28:06.582000,2025-02-17 09:28:06.582,2025,1,8,17,48,0,Coffee - Milk,Mid-Range,Mid Morning
9,card,35.76,Hot Chocolate,Morning,Mon,Feb,1,2,2025-02-17,09:56:59.212000,2025-02-17 09:56:59.212,2025,1,8,17,48,0,Non-Coffee,Premium,Mid Morning
10,card,30.86,Americano with Milk,Morning,Mon,Feb,1,2,2025-02-17,10:20:12.065000,2025-02-17 10:20:12.065,2025,1,8,17,48,0,Coffee - Milk,Mid-Range,Mid Morning
10,card,25.96,Americano,Morning,Mon,Feb,1,2,2025-02-17,10:44:48.005000,2025-02-17 10:44:48.005,2025,1,8,17,48,0,Coffee - Black,Standard,Mid Morning
11,card,30.86,Americano with Milk,Morning,Mon,Feb,1,2,2025-02-17,11:53:58.611000,2025-02-17 11:53:58.611,2025,1,8,17,48,0,Coffee - Milk,Mid-Range,Mid Morning
11,card,21.06,Espresso,Morning,Mon,Feb,1,2,2025-02-17,11:55:02.203000,2025-02-17 11:55:02.203,2025,1,8,17,48,0,Coffee - Black,Standard,Mid Morning
12,card,35.76,Cappuccino,Afternoon,Mon,Feb,1,2,2025-02-17,12:48:58.321000,2025-02-17 12:48:58.321,2025,1,8,17,48,0,Coffee - Milk,Premium,Lunch Time
14,card,35.76,Latte,Afternoon,Mon,Feb,1,2,2025-02-17,14:23:01.905000,2025-02-17 14:23:01.905,2025,1,8,17,48,0,Coffee - Milk,Premium,Lunch Time
15,card,30.86,Americano with Milk,Afternoon,Mon,Feb,1,2,2025-02-17,15:05:41.697000,2025-02-17 15:05:41.697,2025,1,8,17,48,0,Coffee - Milk,Mid-Range,Afternoon
15,card,35.76,Latte,Afternoon,Mon,Feb,1,2,2025-02-17,15:33:19.567000,2025-02-17 15:33:19.567,2025,1,8,17,48,0,Coffee - Milk,Premium,Afternoon
16,card,21.06,Espresso,Afternoon,Mon,Feb,1,2,2025-02-17,16:19:06.398000,2025-02-17 16:19:06.398,2025,1,8,17,48,0,Coffee - Black,Standard,Afternoon
16,card,25.96,Americano,Afternoon,Mon,Feb,1,2,2025-02-17,16:22:42.001000,2025-02-17 16:22:42.001,2025,1,8,17,48,0,Coffee - Black,Standard,Afternoon
17,card,30.86,Americano with Milk,Night,Mon,Feb,1,2,2025-02-17,17:31:14.111000,2025-02-17 17:31:14.111,2025,1,8,17,48,0,Coffee - Milk,Mid-Range,Afternoon
18,card,25.96,Americano,Night,Mon,Feb,1,2,2025-02-17,18:23:52.638000,2025-02-17 18:23:52.638,2025,1,8,17,48,0,Coffee - Black,Standard,Evening
19,card,25.96,Americano,Night,Mon,Feb,1,2,2025-02-17,19:13:51.838000,2025-02-17 19:13:51.838,2025,1,8,17,48,0,Coffee - Black,Standard,Evening
19,card,25.96,Americano,Night,Mon,Feb,1,2,2025-02-17,19:15:00.877000,2025-02-17 19:15:00.877,2025,1,8,17,48,0,Coffee - Black,Standard,Evening
20,card,35.76,Latte,Night,Mon,Feb,1,2,2025-02-17,20:18:17.498000,2025-02-17 20:18:17.498,2025,1,8,17,48,0,Coffee - Milk,Premium,Evening
8,card,25.96,Americano,Morning,Tue,Feb,2,2,2025-02-18,08:53:08.743000,2025-02-18 08:53:08.743,2025,1,8,18,49,0,Coffee - Black,Standard,Early Morning
8,card,25.96,Americano,Morning,Tue,Feb,2,2,2025-02-18,08:54:14.493000,2025-02-18 08:54:14.493,2025,1,8,18,49,0,Coffee - Black,Standard,Early Morning
11,card,25.96,Americano,Morning,Tue,Feb,2,2,2025-02-18,11:07:35.321000,2025-02-18 11:07:35.321,2025,1,8,18,49,0,Coffee - Black,Standard,Mid Morning
11,card,25.96,Americano,Morning,Tue,Feb,2,2,2025-02-18,11:30:06.156000,2025-02-18 11:30:06.156,2025,1,8,18,49,0,Coffee - Black,Standard,Mid Morning
11,card,30.86,Americano with Milk,Morning,Tue,Feb,2,2,2025-02-18,11:38:23.547000,2025-02-18 11:38:23.547,2025,1,8,18,49,0,Coffee - Milk,Mid-Range,Mid Morning
12,card,30.86,Americano with Milk,Afternoon,Tue,Feb,2,2,2025-02-18,12:15:26.575000,2025-02-18 12:15:26.575,2025,1,8,18,49,0,Coffee - Milk,Mid-Range,Lunch Time
13,card,35.76,Cocoa,Afternoon,Tue,Feb,2,2,2025-02-18,13:04:27.249000,2025-02-18 13:04:27.249,2025,1,8,18,49,0,Non-Coffee,Premium,Lunch Time
13,card,25.96,Americano,Afternoon,Tue,Feb,2,2,2025-02-18,13:25:45.108000,2025-02-18 13:25:45.108,2025,1,8,18,49,0,Coffee - Black,Standard,Lunch Time
13,card,30.86,Americano with Milk,Afternoon,Tue,Feb,2,2,2025-02-18,13:27:05.310000,2025-02-18 13:27:05.310,2025,1,8,18,49,0,Coffee - Milk,Mid-Range,Lunch Time
17,card,35.76,Hot Chocolate,Night,Tue,Feb,2,2,2025-02-18,17:05:28.048000,2025-02-18 17:05:28.048,2025,1,8,18,49,0,Non-Coffee,Premium,Afternoon
17,card,30.86,Americano with Milk,Night,Tue,Feb,2,2,2025-02-18,17:08:19.308000,2025-02-18 17:08:19.308,2025,1,8,18,49,0,Coffee - Milk,Mid-Range,Afternoon
17,card,21.06,Espresso,Night,Tue,Feb,2,2,2025-02-18,17:09:17.261000,2025-02-18 17:09:17.261,2025,1,8,18,49,0,Coffee - Black,Standard,Afternoon
17,card,35.76,Cocoa,Night,Tue,Feb,2,2,2025-02-18,17:10:22.869000,2025-02-18 17:10:22.869,2025,1,8,18,49,0,Non-Coffee,Premium,Afternoon
17,card,35.76,Cocoa,Night,Tue,Feb,2,2,2025-02-18,17:11:35.709000,2025-02-18 17:11:35.709,2025,1,8,18,49,0,Non-Coffee,Premium,Afternoon
19,card,35.76,Cocoa,Night,Tue,Feb,2,2,2025-02-18,19:36:27.317000,2025-02-18 19:36:27.317,2025,1,8,18,49,0,Non-Coffee,Premium,Evening
20,card,35.76,Cocoa,Night,Tue,Feb,2,2,2025-02-18,20:06:56.196000,2025-02-18 20:06:56.196,2025,1,8,18,49,0,Non-Coffee,Premium,Evening
20,card,35.76,Hot Chocolate,Night,Tue,Feb,2,2,2025-02-18,20:58:12.599000,2025-02-18 20:58:12.599,2025,1,8,18,49,0,Non-Coffee,Premium,Evening
21,card,30.86,Americano with Milk,Night,Tue,Feb,2,2,2025-02-18,21:01:59.629000,2025-02-18 21:01:59.629,2025,1,8,18,49,0,Coffee - Milk,Mid-Range,Evening
8,card,35.76,Cappuccino,Morning,Wed,Feb,3,2,2025-02-19,08:08:52.951000,2025-02-19 08:08:52.951,2025,1,8,19,50,0,Coffee - Milk,Premium,Early Morning
8,card,25.96,Americano,Morning,Wed,Feb,3,2,2025-02-19,08:09:54.081000,2025-02-19 08:09:54.081,2025,1,8,19,50,0,Coffee - Black,Standard,Early Morning
8,card,25.96,Americano,Morning,Wed,Feb,3,2,2025-02-19,08:47:32.785000,2025-02-19 08:47:32.785,2025,1,8,19,50,0,Coffee - Black,Standard,Early Morning
9,card,35.76,Cappuccino,Morning,Wed,Feb,3,2,2025-02-19,09:24:31.977000,2025-02-19 09:24:31.977,2025,1,8,19,50,0,Coffee - Milk,Premium,Mid Morning
10,card,25.96,Americano,Morning,Wed,Feb,3,2,2025-02-19,10:09:51.001000,2025-02-19 10:09:51.001,2025,1,8,19,50,0,Coffee - Black,Standard,Mid Morning
10,card,35.76,Hot Chocolate,Morning,Wed,Feb,3,2,2025-02-19,10:19:01.276000,2025-02-19 10:19:01.276,2025,1,8,19,50,0,Non-Coffee,Premium,Mid Morning
10,card,30.86,Americano with Milk,Morning,Wed,Feb,3,2,2025-02-19,10:40:51.590000,2025-02-19 10:40:51.590,2025,1,8,19,50,0,Coffee - Milk,Mid-Range,Mid Morning
12,card,25.96,Americano,Afternoon,Wed,Feb,3,2,2025-02-19,12:45:06.072000,2025-02-19 12:45:06.072,2025,1,8,19,50,0,Coffee - Black,Standard,Lunch Time
12,card,35.76,Cocoa,Afternoon,Wed,Feb,3,2,2025-02-19,12:46:03.964000,2025-02-19 12:46:03.964,2025,1,8,19,50,0,Non-Coffee,Premium,Lunch Time
13,card,25.96,Americano,Afternoon,Wed,Feb,3,2,2025-02-19,13:06:54.382000,2025-02-19 13:06:54.382,2025,1,8,19,50,0,Coffee - Black,Standard,Lunch Time
15,card,35.76,Cappuccino,Afternoon,Wed,Feb,3,2,2025-02-19,15:50:42.815000,2025-02-19 15:50:42.815,2025,1,8,19,50,0,Coffee - Milk,Premium,Afternoon
17,card,25.96,Americano,Night,Wed,Feb,3,2,2025-02-19,17:04:00.258000,2025-02-19 17:04:00.258,2025,1,8,19,50,0,Coffee - Black,Standard,Afternoon
17,card,35.76,Cappuccino,Night,Wed,Feb,3,2,2025-02-19,17:34:49.096000,2025-02-19 17:34:49.096,2025,1,8,19,50,0,Coffee - Milk,Premium,Afternoon
17,card,30.86,Americano with Milk,Night,Wed,Feb,3,2,2025-02-19,17:57:52.035000,2025-02-19 17:57:52.035,2025,1,8,19,50,0,Coffee - Milk,Mid-Range,Afternoon
18,card,35.76,Cappuccino,Night,Wed,Feb,3,2,2025-02-19,18:35:38.827000,2025-02-19 18:35:38.827,2025,1,8,19,50,0,Coffee - Milk,Premium,Evening
19,card,35.76,Latte,Night,Wed,Feb,3,2,2025-02-19,19:01:33.088000,2025-02-19 19:01:33.088,2025,1,8,19,50,0,Coffee - Milk,Premium,Evening
19,card,35.76,Cocoa,Night,Wed,Feb,3,2,2025-02-19,19:11:49.990000,2025-02-19 19:11:49.990,2025,1,8,19,50,0,Non-Coffee,Premium,Evening
19,card,35.76,Hot Chocolate,Night,Wed,Feb,3,2,2025-02-19,19:12:42.778000,2025-02-19 19:12:42.778,2025,1,8,19,50,0,Non-Coffee,Premium,Evening
19,card,35.76,Latte,Night,Wed,Feb,3,2,2025-02-19,19:26:22.966000,2025-02-19 19:26:22.966,2025,1,8,19,50,0,Coffee - Milk,Premium,Evening
20,card,35.76,Cocoa,Night,Wed,Feb,3,2,2025-02-19,20:05:28.372000,2025-02-19 20:05:28.372,2025,1,8,19,50,0,Non-Coffee,Premium,Evening
7,card,35.76,Cappuccino,Morning,Thu,Feb,4,2,2025-02-20,07:56:24.575000,2025-02-20 07:56:24.575,2025,1,8,20,51,0,Coffee - Milk,Premium,Early Morning
9,card,25.96,Americano,Morning,Thu,Feb,4,2,2025-02-20,09:17:53.311000,2025-02-20 09:17:53.311,2025,1,8,20,51,0,Coffee - Black,Standard,Mid Morning
10,card,35.76,Cappuccino,Morning,Thu,Feb,4,2,2025-02-20,10:16:40.424000,2025-02-20 10:16:40.424,2025,1,8,20,51,0,Coffee - Milk,Premium,Mid Morning
10,card,25.96,Americano,Morning,Thu,Feb,4,2,2025-02-20,10:17:38.671000,2025-02-20 10:17:38.671,2025,1,8,20,51,0,Coffee - Black,Standard,Mid Morning
10,card,25.96,Americano,Morning,Thu,Feb,4,2,2025-02-20,10:20:24.946000,2025-02-20 10:20:24.946,2025,1,8,20,51,0,Coffee - Black,Standard,Mid Morning
10,card,25.96,Americano,Morning,Thu,Feb,4,2,2025-02-20,10:24:23.547000,2025-02-20 10:24:23.547,2025,1,8,20,51,0,Coffee - Black,Standard,Mid Morning
13,card,30.86,Americano with Milk,Afternoon,Thu,Feb,4,2,2025-02-20,13:02:19.848000,2025-02-20 13:02:19.848,2025,1,8,20,51,0,Coffee - Milk,Mid-Range,Lunch Time
14,card,35.76,Latte,Afternoon,Thu,Feb,4,2,2025-02-20,14:20:33.099000,2025-02-20 14:20:33.099,2025,1,8,20,51,0,Coffee - Milk,Premium,Lunch Time
14,card,25.96,Americano,Afternoon,Thu,Feb,4,2,2025-02-20,14:37:59.781000,2025-02-20 14:37:59.781,2025,1,8,20,51,0,Coffee - Black,Standard,Lunch Time
14,card,25.96,Americano,Afternoon,Thu,Feb,4,2,2025-02-20,14:38:49.319000,2025-02-20 14:38:49.319,2025,1,8,20,51,0,Coffee - Black,Standard,Lunch Time
15,card,21.06,Espresso,Afternoon,Thu,Feb,4,2,2025-02-20,15:19:45.555000,2025-02-20 15:19:45.555,2025,1,8,20,51,0,Coffee - Black,Standard,Afternoon
16,card,35.76,Cappuccino,Afternoon,Thu,Feb,4,2,2025-02-20,16:05:49.514000,2025-02-20 16:05:49.514,2025,1,8,20,51,0,Coffee - Milk,Premium,Afternoon
16,card,35.76,Cappuccino,Afternoon,Thu,Feb,4,2,2025-02-20,16:59:06.628000,2025-02-20 16:59:06.628,2025,1,8,20,51,0,Coffee - Milk,Premium,Afternoon
17,card,35.76,Hot Chocolate,Night,Thu,Feb,4,2,2025-02-20,17:00:36.942000,2025-02-20 17:00:36.942,2025,1,8,20,51,0,Non-Coffee,Premium,Afternoon
17,card,25.96,Americano,Night,Thu,Feb,4,2,2025-02-20,17:07:27.986000,2025-02-20 17:07:27.986,2025,1,8,20,51,0,Coffee - Black,Standard,Afternoon
18,card,25.96,Americano,Night,Thu,Feb,4,2,2025-02-20,18:57:34.629000,2025-02-20 18:57:34.629,2025,1,8,20,51,0,Coffee - Black,Standard,Evening
19,card,35.76,Hot Chocolate,Night,Thu,Feb,4,2,2025-02-20,19:01:51.276000,2025-02-20 19:01:51.276,2025,1,8,20,51,0,Non-Coffee,Premium,Evening
19,card,35.76,Cocoa,Night,Thu,Feb,4,2,2025-02-20,19:07:25.568000,2025-02-20 19:07:25.568,2025,1,8,20,51,0,Non-Coffee,Premium,Evening
20,card,35.76,Latte,Night,Thu,Feb,4,2,2025-02-20,20:07:03.598000,2025-02-20 20:07:03.598,2025,1,8,20,51,0,Coffee - Milk,Premium,Evening
6,card,25.96,Americano,Morning,Fri,Feb,5,2,2025-02-21,06:59:08.408000,2025-02-21 06:59:08.408,2025,1,8,21,52,0,Coffee - Black,Standard,Early Morning
9,card,35.76,Latte,Morning,Fri,Feb,5,2,2025-02-21,09:41:29.609000,2025-02-21 09:41:29.609,2025,1,8,21,52,0,Coffee - Milk,Premium,Mid Morning
9,card,35.76,Cappuccino,Morning,Fri,Feb,5,2,2025-02-21,09:49:20.918000,2025-02-21 09:49:20.918,2025,1,8,21,52,0,Coffee - Milk,Premium,Mid Morning
9,card,21.06,Espresso,Morning,Fri,Feb,5,2,2025-02-21,09:51:12.605000,2025-02-21 09:51:12.605,2025,1,8,21,52,0,Coffee - Black,Standard,Mid Morning
10,card,25.96,Americano,Morning,Fri,Feb,5,2,2025-02-21,10:18:10.978000,2025-02-21 10:18:10.978,2025,1,8,21,52,0,Coffee - Black,Standard,Mid Morning
11,card,30.86,Americano with Milk,Morning,Fri,Feb,5,2,2025-02-21,11:10:07.529000,2025-02-21 11:10:07.529,2025,1,8,21,52,0,Coffee - Milk,Mid-Range,Mid Morning
12,card,25.96,Americano,Afternoon,Fri,Feb,5,2,2025-02-21,12:04:49.232000,2025-02-21 12:04:49.232,2025,1,8,21,52,0,Coffee - Black,Standard,Lunch Time
12,card,25.96,Americano,Afternoon,Fri,Feb,5,2,2025-02-21,12:07:42.766000,2025-02-21 12:07:42.766,2025,1,8,21,52,0,Coffee - Black,Standard,Lunch Time
12,card,25.96,Americano,Afternoon,Fri,Feb,5,2,2025-02-21,12:56:17.998000,2025-02-21 12:56:17.998,2025,1,8,21,52,0,Coffee - Black,Standard,Lunch Time
12,card,25.96,Americano,Afternoon,Fri,Feb,5,2,2025-02-21,12:57:02.860000,2025-02-21 12:57:02.860,2025,1,8,21,52,0,Coffee - Black,Standard,Lunch Time
13,card,25.96,Americano,Afternoon,Fri,Feb,5,2,2025-02-21,13:06:42.927000,2025-02-21 13:06:42.927,2025,1,8,21,52,0,Coffee - Black,Standard,Lunch Time
14,card,25.96,Americano,Afternoon,Fri,Feb,5,2,2025-02-21,14:17:54.803000,2025-02-21 14:17:54.803,2025,1,8,21,52,0,Coffee - Black,Standard,Lunch Time
15,card,35.76,Cappuccino,Afternoon,Fri,Feb,5,2,2025-02-21,15:18:31.267000,2025-02-21 15:18:31.267,2025,1,8,21,52,0,Coffee - Milk,Premium,Afternoon
15,card,25.96,Americano,Afternoon,Fri,Feb,5,2,2025-02-21,15:45:54.235000,2025-02-21 15:45:54.235,2025,1,8,21,52,0,Coffee - Black,Standard,Afternoon
15,card,25.96,Americano,Afternoon,Fri,Feb,5,2,2025-02-21,15:46:48.335000,2025-02-21 15:46:48.335,2025,1,8,21,52,0,Coffee - Black,Standard,Afternoon
15,card,25.96,Americano,Afternoon,Fri,Feb,5,2,2025-02-21,15:52:48.020000,2025-02-21 15:52:48.020,2025,1,8,21,52,0,Coffee - Black,Standard,Afternoon
16,card,35.76,Cocoa,Afternoon,Fri,Feb,5,2,2025-02-21,16:10:06.125000,2025-02-21 16:10:06.125,2025,1,8,21,52,0,Non-Coffee,Premium,Afternoon
16,card,35.76,Latte,Afternoon,Fri,Feb,5,2,2025-02-21,16:46:58.673000,2025-02-21 16:46:58.673,2025,1,8,21,52,0,Coffee - Milk,Premium,Afternoon
16,card,35.76,Hot Chocolate,Afternoon,Fri,Feb,5,2,2025-02-21,16:48:58.515000,2025-02-21 16:48:58.515,2025,1,8,21,52,0,Non-Coffee,Premium,Afternoon
16,card,35.76,Latte,Afternoon,Fri,Feb,5,2,2025-02-21,16:50:13.417000,2025-02-21 16:50:13.417,2025,1,8,21,52,0,Coffee - Milk,Premium,Afternoon
19,card,35.76,Cocoa,Night,Fri,Feb,5,2,2025-02-21,19:08:18.825000,2025-02-21 19:08:18.825,2025,1,8,21,52,0,Non-Coffee,Premium,Evening
19,card,35.76,Cocoa,Night,Fri,Feb,5,2,2025-02-21,19:09:09.551000,2025-02-21 19:09:09.551,2025,1,8,21,52,0,Non-Coffee,Premium,Evening
19,card,35.76,Cappuccino,Night,Fri,Feb,5,2,2025-02-21,19:59:24.115000,2025-02-21 19:59:24.115,2025,1,8,21,52,0,Coffee - Milk,Premium,Evening
10,card,35.76,Hot Chocolate,Morning,Sat,Feb,6,2,2025-02-22,10:52:18.682000,2025-02-22 10:52:18.682,2025,1,8,22,53,1,Non-Coffee,Premium,Mid Morning
11,card,25.96,Americano,Morning,Sat,Feb,6,2,2025-02-22,11:28:30.453000,2025-02-22 11:28:30.453,2025,1,8,22,53,1,Coffee - Black,Standard,Mid Morning
11,card,25.96,Americano,Morning,Sat,Feb,6,2,2025-02-22,11:41:12.848000,2025-02-22 11:41:12.848,2025,1,8,22,53,1,Coffee - Black,Standard,Mid Morning
12,card,21.06,Espresso,Afternoon,Sat,Feb,6,2,2025-02-22,12:59:41.853000,2025-02-22 12:59:41.853,2025,1,8,22,53,1,Coffee - Black,Standard,Lunch Time
15,card,30.86,Americano with Milk,Afternoon,Sat,Feb,6,2,2025-02-22,15:03:03.270000,2025-02-22 15:03:03.270,2025,1,8,22,53,1,Coffee - Milk,Mid-Range,Afternoon
10,card,30.86,Americano with Milk,Morning,Sun,Feb,7,2,2025-02-23,10:33:11.517000,2025-02-23 10:33:11.517,2025,1,8,23,54,1,Coffee - Milk,Mid-Range,Mid Morning
12,card,30.86,Americano with Milk,Afternoon,Sun,Feb,7,2,2025-02-23,12:52:26.405000,2025-02-23 12:52:26.405,2025,1,8,23,54,1,Coffee - Milk,Mid-Range,Lunch Time
12,card,30.86,Americano with Milk,Afternoon,Sun,Feb,7,2,2025-02-23,12:54:06.170000,2025-02-23 12:54:06.170,2025,1,8,23,54,1,Coffee - Milk,Mid-Range,Lunch Time
13,card,35.76,Cappuccino,Afternoon,Sun,Feb,7,2,2025-02-23,13:50:21.627000,2025-02-23 13:50:21.627,2025,1,8,23,54,1,Coffee - Milk,Premium,Lunch Time
14,card,35.76,Cocoa,Afternoon,Sun,Feb,7,2,2025-02-23,14:02:03.441000,2025-02-23 14:02:03.441,2025,1,8,23,54,1,Non-Coffee,Premium,Lunch Time
17,card,25.96,Americano,Night,Sun,Feb,7,2,2025-02-23,17:27:44.922000,2025-02-23 17:27:44.922,2025,1,8,23,54,1,Coffee - Black,Standard,Afternoon
9,card,30.86,Americano with Milk,Morning,Mon,Feb,1,2,2025-02-24,09:14:53.565000,2025-02-24 09:14:53.565,2025,1,9,24,55,0,Coffee - Milk,Mid-Range,Mid Morning
9,card,35.76,Latte,Morning,Mon,Feb,1,2,2025-02-24,09:45:10.699000,2025-02-24 09:45:10.699,2025,1,9,24,55,0,Coffee - Milk,Premium,Mid Morning
10,card,25.96,Americano,Morning,Mon,Feb,1,2,2025-02-24,10:02:48.501000,2025-02-24 10:02:48.501,2025,1,9,24,55,0,Coffee - Black,Standard,Mid Morning
10,card,30.86,Americano with Milk,Morning,Mon,Feb,1,2,2025-02-24,10:09:12.494000,2025-02-24 10:09:12.494,2025,1,9,24,55,0,Coffee - Milk,Mid-Range,Mid Morning
10,card,30.86,Americano with Milk,Morning,Mon,Feb,1,2,2025-02-24,10:10:21.726000,2025-02-24 10:10:21.726,2025,1,9,24,55,0,Coffee - Milk,Mid-Range,Mid Morning
10,card,35.76,Cocoa,Morning,Mon,Feb,1,2,2025-02-24,10:47:47.680000,2025-02-24 10:47:47.680,2025,1,9,24,55,0,Non-Coffee,Premium,Mid Morning
12,card,35.76,Latte,Afternoon,Mon,Feb,1,2,2025-02-24,12:58:41.309000,2025-02-24 12:58:41.309,2025,1,9,24,55,0,Coffee - Milk,Premium,Lunch Time
13,card,35.76,Cocoa,Afternoon,Mon,Feb,1,2,2025-02-24,13:00:01.278000,2025-02-24 13:00:01.278,2025,1,9,24,55,0,Non-Coffee,Premium,Lunch Time
15,card,30.86,Americano with Milk,Afternoon,Mon,Feb,1,2,2025-02-24,15:40:01.820000,2025-02-24 15:40:01.820,2025,1,9,24,55,0,Coffee - Milk,Mid-Range,Afternoon
16,card,35.76,Cocoa,Afternoon,Mon,Feb,1,2,2025-02-24,16:00:06.327000,2025-02-24 16:00:06.327,2025,1,9,24,55,0,Non-Coffee,Premium,Afternoon
16,card,35.76,Cappuccino,Afternoon,Mon,Feb,1,2,2025-02-24,16:10:23.971000,2025-02-24 16:10:23.971,2025,1,9,24,55,0,Coffee - Milk,Premium,Afternoon
16,card,35.76,Latte,Afternoon,Mon,Feb,1,2,2025-02-24,16:28:52.132000,2025-02-24 16:28:52.132,2025,1,9,24,55,0,Coffee - Milk,Premium,Afternoon
16,card,25.96,Americano,Afternoon,Mon,Feb,1,2,2025-02-24,16:59:38.528000,2025-02-24 16:59:38.528,2025,1,9,24,55,0,Coffee - Black,Standard,Afternoon
17,card,25.96,Americano,Night,Mon,Feb,1,2,2025-02-24,17:00:44.935000,2025-02-24 17:00:44.935,2025,1,9,24,55,0,Coffee - Black,Standard,Afternoon
17,card,30.86,Americano with Milk,Night,Mon,Feb,1,2,2025-02-24,17:37:38.947000,2025-02-24 17:37:38.947,2025,1,9,24,55,0,Coffee - Milk,Mid-Range,Afternoon
18,card,30.86,Americano with Milk,Night,Mon,Feb,1,2,2025-02-24,18:07:01.699000,2025-02-24 18:07:01.699,2025,1,9,24,55,0,Coffee - Milk,Mid-Range,Evening
18,card,35.76,Latte,Night,Mon,Feb,1,2,2025-02-24,18:21:57.165000,2025-02-24 18:21:57.165,2025,1,9,24,55,0,Coffee - Milk,Premium,Evening
19,card,30.86,Americano with Milk,Night,Mon,Feb,1,2,2025-02-24,19:04:34.437000,2025-02-24 19:04:34.437,2025,1,9,24,55,0,Coffee - Milk,Mid-Range,Evening
19,card,35.76,Hot Chocolate,Night,Mon,Feb,1,2,2025-02-24,19:24:10.809000,2025-02-24 19:24:10.809,2025,1,9,24,55,0,Non-Coffee,Premium,Evening
19,card,35.76,Latte,Night,Mon,Feb,1,2,2025-02-24,19:24:54.411000,2025-02-24 19:24:54.411,2025,1,9,24,55,0,Coffee - Milk,Premium,Evening
19,card,35.76,Cocoa,Night,Mon,Feb,1,2,2025-02-24,19:26:14.767000,2025-02-24 19:26:14.767,2025,1,9,24,55,0,Non-Coffee,Premium,Evening
20,card,35.76,Cocoa,Night,Mon,Feb,1,2,2025-02-24,20:14:51.303000,2025-02-24 20:14:51.303,2025,1,9,24,55,0,Non-Coffee,Premium,Evening
8,card,30.86,Americano with Milk,Morning,Tue,Feb,2,2,2025-02-25,08:00:39.257000,2025-02-25 08:00:39.257,2025,1,9,25,56,0,Coffee - Milk,Mid-Range,Early Morning
8,card,25.96,Americano,Morning,Tue,Feb,2,2,2025-02-25,08:49:21.068000,2025-02-25 08:49:21.068,2025,1,9,25,56,0,Coffee - Black,Standard,Early Morning
8,card,30.86,Americano with Milk,Morning,Tue,Feb,2,2,2025-02-25,08:50:14.259000,2025-02-25 08:50:14.259,2025,1,9,25,56,0,Coffee - Milk,Mid-Range,Early Morning
10,card,21.06,Espresso,Morning,Tue,Feb,2,2,2025-02-25,10:02:44.852000,2025-02-25 10:02:44.852,2025,1,9,25,56,0,Coffee - Black,Standard,Mid Morning
11,card,25.96,Americano,Morning,Tue,Feb,2,2,2025-02-25,11:03:33.850000,2025-02-25 11:03:33.850,2025,1,9,25,56,0,Coffee - Black,Standard,Mid Morning
11,card,25.96,Americano,Morning,Tue,Feb,2,2,2025-02-25,11:04:26.917000,2025-02-25 11:04:26.917,2025,1,9,25,56,0,Coffee - Black,Standard,Mid Morning
12,card,35.76,Cappuccino,Afternoon,Tue,Feb,2,2,2025-02-25,12:20:41.507000,2025-02-25 12:20:41.507,2025,1,9,25,56,0,Coffee - Milk,Premium,Lunch Time
14,card,35.76,Cappuccino,Afternoon,Tue,Feb,2,2,2025-02-25,14:14:18.541000,2025-02-25 14:14:18.541,2025,1,9,25,56,0,Coffee - Milk,Premium,Lunch Time
16,card,25.96,Americano,Afternoon,Tue,Feb,2,2,2025-02-25,16:49:37.395000,2025-02-25 16:49:37.395,2025,1,9,25,56,0,Coffee - Black,Standard,Afternoon
16,card,25.96,Americano,Afternoon,Tue,Feb,2,2,2025-02-25,16:50:35.811000,2025-02-25 16:50:35.811,2025,1,9,25,56,0,Coffee - Black,Standard,Afternoon
18,card,35.76,Cocoa,Night,Tue,Feb,2,2,2025-02-25,18:19:09.057000,2025-02-25 18:19:09.057,2025,1,9,25,56,0,Non-Coffee,Premium,Evening
19,card,35.76,Cappuccino,Night,Tue,Feb,2,2,2025-02-25,19:32:40.434000,2025-02-25 19:32:40.434,2025,1,9,25,56,0,Coffee - Milk,Premium,Evening
8,card,25.96,Americano,Morning,Wed,Feb,3,2,2025-02-26,08:57:37.237000,2025-02-26 08:57:37.237,2025,1,9,26,57,0,Coffee - Black,Standard,Early Morning
10,card,30.86,Americano with Milk,Morning,Wed,Feb,3,2,2025-02-26,10:11:27.140000,2025-02-26 10:11:27.140,2025,1,9,26,57,0,Coffee - Milk,Mid-Range,Mid Morning
10,card,30.86,Americano with Milk,Morning,Wed,Feb,3,2,2025-02-26,10:12:25.513000,2025-02-26 10:12:25.513,2025,1,9,26,57,0,Coffee - Milk,Mid-Range,Mid Morning
10,card,35.76,Hot Chocolate,Morning,Wed,Feb,3,2,2025-02-26,10:16:57.091000,2025-02-26 10:16:57.091,2025,1,9,26,57,0,Non-Coffee,Premium,Mid Morning
13,card,35.76,Cocoa,Afternoon,Wed,Feb,3,2,2025-02-26,13:13:26.877000,2025-02-26 13:13:26.877,2025,1,9,26,57,0,Non-Coffee,Premium,Lunch Time
13,card,35.76,Latte,Afternoon,Wed,Feb,3,2,2025-02-26,13:31:23.611000,2025-02-26 13:31:23.611,2025,1,9,26,57,0,Coffee - Milk,Premium,Lunch Time
15,card,25.96,Americano,Afternoon,Wed,Feb,3,2,2025-02-26,15:01:58.636000,2025-02-26 15:01:58.636,2025,1,9,26,57,0,Coffee - Black,Standard,Afternoon
15,card,25.96,Americano,Afternoon,Wed,Feb,3,2,2025-02-26,15:14:47.989000,2025-02-26 15:14:47.989,2025,1,9,26,57,0,Coffee - Black,Standard,Afternoon
15,card,25.96,Cortado,Afternoon,Wed,Feb,3,2,2025-02-26,15:17:24.547000,2025-02-26 15:17:24.547,2025,1,9,26,57,0,Coffee - Milk,Standard,Afternoon
15,card,35.76,Hot Chocolate,Afternoon,Wed,Feb,3,2,2025-02-26,15:20:02.820000,2025-02-26 15:20:02.820,2025,1,9,26,57,0,Non-Coffee,Premium,Afternoon
15,card,25.96,Americano,Afternoon,Wed,Feb,3,2,2025-02-26,15:20:48.805000,2025-02-26 15:20:48.805,2025,1,9,26,57,0,Coffee - Black,Standard,Afternoon
15,card,25.96,Americano,Afternoon,Wed,Feb,3,2,2025-02-26,15:28:45.256000,2025-02-26 15:28:45.256,2025,1,9,26,57,0,Coffee - Black,Standard,Afternoon
16,card,35.76,Latte,Afternoon,Wed,Feb,3,2,2025-02-26,16:20:46.792000,2025-02-26 16:20:46.792,2025,1,9,26,57,0,Coffee - Milk,Premium,Afternoon
16,card,35.76,Hot Chocolate,Afternoon,Wed,Feb,3,2,2025-02-26,16:55:13.614000,2025-02-26 16:55:13.614,2025,1,9,26,57,0,Non-Coffee,Premium,Afternoon
16,card,35.76,Latte,Afternoon,Wed,Feb,3,2,2025-02-26,16:55:59.649000,2025-02-26 16:55:59.649,2025,1,9,26,57,0,Coffee - Milk,Premium,Afternoon
17,card,30.86,Americano with Milk,Night,Wed,Feb,3,2,2025-02-26,17:22:44.573000,2025-02-26 17:22:44.573,2025,1,9,26,57,0,Coffee - Milk,Mid-Range,Afternoon
18,card,35.76,Latte,Night,Wed,Feb,3,2,2025-02-26,18:11:24.140000,2025-02-26 18:11:24.140,2025,1,9,26,57,0,Coffee - Milk,Premium,Evening
18,card,35.76,Cappuccino,Night,Wed,Feb,3,2,2025-02-26,18:13:50.419000,2025-02-26 18:13:50.419,2025,1,9,26,57,0,Coffee - Milk,Premium,Evening
7,card,35.76,Cappuccino,Morning,Thu,Feb,4,2,2025-02-27,07:19:00.322000,2025-02-27 07:19:00.322,2025,1,9,27,58,0,Coffee - Milk,Premium,Early Morning
7,card,35.76,Cappuccino,Morning,Thu,Feb,4,2,2025-02-27,07:21:00.583000,2025-02-27 07:21:00.583,2025,1,9,27,58,0,Coffee - Milk,Premium,Early Morning
10,card,21.06,Espresso,Morning,Thu,Feb,4,2,2025-02-27,10:52:29.153000,2025-02-27 10:52:29.153,2025,1,9,27,58,0,Coffee - Black,Standard,Mid Morning
11,card,35.76,Cocoa,Morning,Thu,Feb,4,2,2025-02-27,11:08:16.864000,2025-02-27 11:08:16.864,2025,1,9,27,58,0,Non-Coffee,Premium,Mid Morning
12,card,35.76,Cocoa,Afternoon,Thu,Feb,4,2,2025-02-27,12:48:15.878000,2025-02-27 12:48:15.878,2025,1,9,27,58,0,Non-Coffee,Premium,Lunch Time
13,card,30.86,Americano with Milk,Afternoon,Thu,Feb,4,2,2025-02-27,13:29:48.424000,2025-02-27 13:29:48.424,2025,1,9,27,58,0,Coffee - Milk,Mid-Range,Lunch Time
14,card,25.96,Americano,Afternoon,Thu,Feb,4,2,2025-02-27,14:23:16.499000,2025-02-27 14:23:16.499,2025,1,9,27,58,0,Coffee - Black,Standard,Lunch Time
14,card,35.76,Latte,Afternoon,Thu,Feb,4,2,2025-02-27,14:43:19.325000,2025-02-27 14:43:19.325,2025,1,9,27,58,0,Coffee - Milk,Premium,Lunch Time
15,card,25.96,Americano,Afternoon,Thu,Feb,4,2,2025-02-27,15:47:50.692000,2025-02-27 15:47:50.692,2025,1,9,27,58,0,Coffee - Black,Standard,Afternoon
16,card,25.96,Americano,Afternoon,Thu,Feb,4,2,2025-02-27,16:28:28.103000,2025-02-27 16:28:28.103,2025,1,9,27,58,0,Coffee - Black,Standard,Afternoon
17,card,25.96,Americano,Night,Thu,Feb,4,2,2025-02-27,17:12:55.999000,2025-02-27 17:12:55.999,2025,1,9,27,58,0,Coffee - Black,Standard,Afternoon
17,card,25.96,Americano,Night,Thu,Feb,4,2,2025-02-27,17:23:10.042000,2025-02-27 17:23:10.042,2025,1,9,27,58,0,Coffee - Black,Standard,Afternoon
17,card,35.76,Latte,Night,Thu,Feb,4,2,2025-02-27,17:53:13.054000,2025-02-27 17:53:13.054,2025,1,9,27,58,0,Coffee - Milk,Premium,Afternoon
18,card,35.76,Latte,Night,Thu,Feb,4,2,2025-02-27,18:17:28.969000,2025-02-27 18:17:28.969,2025,1,9,27,58,0,Coffee - Milk,Premium,Evening
18,card,35.76,Cappuccino,Night,Thu,Feb,4,2,2025-02-27,18:38:40.856000,2025-02-27 18:38:40.856,2025,1,9,27,58,0,Coffee - Milk,Premium,Evening
18,card,35.76,Cocoa,Night,Thu,Feb,4,2,2025-02-27,18:40:01.843000,2025-02-27 18:40:01.843,2025,1,9,27,58,0,Non-Coffee,Premium,Evening
18,card,35.76,Cocoa,Night,Thu,Feb,4,2,2025-02-27,18:40:52.049000,2025-02-27 18:40:52.049,2025,1,9,27,58,0,Non-Coffee,Premium,Evening
19,card,35.76,Latte,Night,Thu,Feb,4,2,2025-02-27,19:14:15.622000,2025-02-27 19:14:15.622,2025,1,9,27,58,0,Coffee - Milk,Premium,Evening
20,card,35.76,Cappuccino,Night,Thu,Feb,4,2,2025-02-27,20:02:07.207000,2025-02-27 20:02:07.207,2025,1,9,27,58,0,Coffee - Milk,Premium,Evening
6,card,30.86,Americano with Milk,Morning,Fri,Feb,5,2,2025-02-28,06:52:45.591000,2025-02-28 06:52:45.591,2025,1,9,28,59,0,Coffee - Milk,Mid-Range,Early Morning
6,card,30.86,Americano with Milk,Morning,Fri,Feb,5,2,2025-02-28,06:54:59.973000,2025-02-28 06:54:59.973,2025,1,9,28,59,0,Coffee - Milk,Mid-Range,Early Morning
7,card,35.76,Cappuccino,Morning,Fri,Feb,5,2,2025-02-28,07:18:36.920000,2025-02-28 07:18:36.920,2025,1,9,28,59,0,Coffee - Milk,Premium,Early Morning
8,card,21.06,Espresso,Morning,Fri,Feb,5,2,2025-02-28,08:09:57.784000,2025-02-28 08:09:57.784,2025,1,9,28,59,0,Coffee - Black,Standard,Early Morning
9,card,30.86,Americano with Milk,Morning,Fri,Feb,5,2,2025-02-28,09:02:38.061000,2025-02-28 09:02:38.061,2025,1,9,28,59,0,Coffee - Milk,Mid-Range,Mid Morning
14,card,25.96,Americano,Afternoon,Fri,Feb,5,2,2025-02-28,14:44:28.113000,2025-02-28 14:44:28.113,2025,1,9,28,59,0,Coffee - Black,Standard,Lunch Time
14,card,25.96,Americano,Afternoon,Fri,Feb,5,2,2025-02-28,14:45:22.024000,2025-02-28 14:45:22.024,2025,1,9,28,59,0,Coffee - Black,Standard,Lunch Time
14,card,25.96,Americano,Afternoon,Fri,Feb,5,2,2025-02-28,14:47:52.342000,2025-02-28 14:47:52.342,2025,1,9,28,59,0,Coffee - Black,Standard,Lunch Time
14,card,35.76,Latte,Afternoon,Fri,Feb,5,2,2025-02-28,14:52:02.209000,2025-02-28 14:52:02.209,2025,1,9,28,59,0,Coffee - Milk,Premium,Lunch Time
15,card,25.96,Americano,Afternoon,Fri,Feb,5,2,2025-02-28,15:19:18.675000,2025-02-28 15:19:18.675,2025,1,9,28,59,0,Coffee - Black,Standard,Afternoon
16,card,35.76,Cocoa,Afternoon,Fri,Feb,5,2,2025-02-28,16:22:27.380000,2025-02-28 16:22:27.380,2025,1,9,28,59,0,Non-Coffee,Premium,Afternoon
16,card,25.96,Americano,Afternoon,Fri,Feb,5,2,2025-02-28,16:30:06.695000,2025-02-28 16:30:06.695,2025,1,9,28,59,0,Coffee - Black,Standard,Afternoon
17,card,35.76,Latte,Night,Fri,Feb,5,2,2025-02-28,17:21:00.889000,2025-02-28 17:21:00.889,2025,1,9,28,59,0,Coffee - Milk,Premium,Afternoon
17,card,30.86,Americano with Milk,Night,Fri,Feb,5,2,2025-02-28,17:31:04.347000,2025-02-28 17:31:04.347,2025,1,9,28,59,0,Coffee - Milk,Mid-Range,Afternoon
17,card,25.96,Americano,Night,Fri,Feb,5,2,2025-02-28,17:32:16.632000,2025-02-28 17:32:16.632,2025,1,9,28,59,0,Coffee - Black,Standard,Afternoon
17,card,25.96,Americano,Night,Fri,Feb,5,2,2025-02-28,17:33:49.148000,2025-02-28 17:33:49.148,2025,1,9,28,59,0,Coffee - Black,Standard,Afternoon
18,card,35.76,Latte,Night,Fri,Feb,5,2,2025-02-28,18:53:49.487000,2025-02-28 18:53:49.487,2025,1,9,28,59,0,Coffee - Milk,Premium,Evening
10,card,35.76,Cappuccino,Morning,Sat,Mar,6,3,2025-03-01,10:31:45.742000,2025-03-01 10:31:45.742,2025,1,9,1,60,1,Coffee - Milk,Premium,Mid Morning
11,card,25.96,Americano,Morning,Sat,Mar,6,3,2025-03-01,11:24:04.507000,2025-03-01 11:24:04.507,2025,1,9,1,60,1,Coffee - Black,Standard,Mid Morning
11,card,25.96,Americano,Morning,Sat,Mar,6,3,2025-03-01,11:27:58.402000,2025-03-01 11:27:58.402,2025,1,9,1,60,1,Coffee - Black,Standard,Mid Morning
14,card,35.76,Latte,Afternoon,Sat,Mar,6,3,2025-03-01,14:43:23.827000,2025-03-01 14:43:23.827,2025,1,9,1,60,1,Coffee - Milk,Premium,Lunch Time
15,card,25.96,Americano,Afternoon,Sat,Mar,6,3,2025-03-01,15:02:31.500000,2025-03-01 15:02:31.500,2025,1,9,1,60,1,Coffee - Black,Standard,Afternoon
15,card,30.86,Americano with Milk,Afternoon,Sat,Mar,6,3,2025-03-01,15:08:20.223000,2025-03-01 15:08:20.223,2025,1,9,1,60,1,Coffee - Milk,Mid-Range,Afternoon
16,card,35.76,Cappuccino,Afternoon,Sat,Mar,6,3,2025-03-01,16:42:13.049000,2025-03-01 16:42:13.049,2025,1,9,1,60,1,Coffee - Milk,Premium,Afternoon
17,card,25.96,Americano,Night,Sat,Mar,6,3,2025-03-01,17:08:33.502000,2025-03-01 17:08:33.502,2025,1,9,1,60,1,Coffee - Black,Standard,Afternoon
9,card,35.76,Cocoa,Morning,Sun,Mar,7,3,2025-03-02,09:58:15.295000,2025-03-02 09:58:15.295,2025,1,9,2,61,1,Non-Coffee,Premium,Mid Morning
12,card,35.76,Latte,Afternoon,Sun,Mar,7,3,2025-03-02,12:17:36.376000,2025-03-02 12:17:36.376,2025,1,9,2,61,1,Coffee - Milk,Premium,Lunch Time
13,card,30.86,Americano with Milk,Afternoon,Sun,Mar,7,3,2025-03-02,13:36:19.536000,2025-03-02 13:36:19.536,2025,1,9,2,61,1,Coffee - Milk,Mid-Range,Lunch Time
15,card,30.86,Americano with Milk,Afternoon,Sun,Mar,7,3,2025-03-02,15:22:17.476000,2025-03-02 15:22:17.476,2025,1,9,2,61,1,Coffee - Milk,Mid-Range,Afternoon
15,card,25.96,Americano,Afternoon,Sun,Mar,7,3,2025-03-02,15:23:15.736000,2025-03-02 15:23:15.736,2025,1,9,2,61,1,Coffee - Black,Standard,Afternoon
15,card,25.96,Americano,Afternoon,Sun,Mar,7,3,2025-03-02,15:24:45.231000,2025-03-02 15:24:45.231,2025,1,9,2,61,1,Coffee - Black,Standard,Afternoon
8,card,35.76,Cappuccino,Morning,Mon,Mar,1,3,2025-03-03,08:24:01.942000,2025-03-03 08:24:01.942,2025,1,10,3,62,0,Coffee - Milk,Premium,Early Morning
9,card,35.76,Cocoa,Morning,Mon,Mar,1,3,2025-03-03,09:46:51.968000,2025-03-03 09:46:51.968,2025,1,10,3,62,0,Non-Coffee,Premium,Mid Morning
9,card,35.76,Latte,Morning,Mon,Mar,1,3,2025-03-03,09:48:39.338000,2025-03-03 09:48:39.338,2025,1,10,3,62,0,Coffee - Milk,Premium,Mid Morning
10,card,35.76,Hot Chocolate,Morning,Mon,Mar,1,3,2025-03-03,10:21:24.640000,2025-03-03 10:21:24.640,2025,1,10,3,62,0,Non-Coffee,Premium,Mid Morning
10,card,35.76,Hot Chocolate,Morning,Mon,Mar,1,3,2025-03-03,10:24:46.716000,2025-03-03 10:24:46.716,2025,1,10,3,62,0,Non-Coffee,Premium,Mid Morning
12,card,35.76,Cappuccino,Afternoon,Mon,Mar,1,3,2025-03-03,12:58:08.052000,2025-03-03 12:58:08.052,2025,1,10,3,62,0,Coffee - Milk,Premium,Lunch Time
15,card,35.76,Latte,Afternoon,Mon,Mar,1,3,2025-03-03,15:11:01.202000,2025-03-03 15:11:01.202,2025,1,10,3,62,0,Coffee - Milk,Premium,Afternoon
15,card,25.96,Americano,Afternoon,Mon,Mar,1,3,2025-03-03,15:47:58.817000,2025-03-03 15:47:58.817,2025,1,10,3,62,0,Coffee - Black,Standard,Afternoon
16,card,35.76,Cocoa,Afternoon,Mon,Mar,1,3,2025-03-03,16:14:50.464000,2025-03-03 16:14:50.464,2025,1,10,3,62,0,Non-Coffee,Premium,Afternoon
16,card,35.76,Latte,Afternoon,Mon,Mar,1,3,2025-03-03,16:16:35.240000,2025-03-03 16:16:35.240,2025,1,10,3,62,0,Coffee - Milk,Premium,Afternoon
16,card,35.76,Latte,Afternoon,Mon,Mar,1,3,2025-03-03,16:18:27.089000,2025-03-03 16:18:27.089,2025,1,10,3,62,0,Coffee - Milk,Premium,Afternoon
16,card,35.76,Cappuccino,Afternoon,Mon,Mar,1,3,2025-03-03,16:40:29.304000,2025-03-03 16:40:29.304,2025,1,10,3,62,0,Coffee - Milk,Premium,Afternoon
16,card,35.76,Cappuccino,Afternoon,Mon,Mar,1,3,2025-03-03,16:42:22.611000,2025-03-03 16:42:22.611,2025,1,10,3,62,0,Coffee - Milk,Premium,Afternoon
16,card,25.96,Americano,Afternoon,Mon,Mar,1,3,2025-03-03,16:52:11.629000,2025-03-03 16:52:11.629,2025,1,10,3,62,0,Coffee - Black,Standard,Afternoon
17,card,30.86,Americano with Milk,Night,Mon,Mar,1,3,2025-03-03,17:28:42.804000,2025-03-03 17:28:42.804,2025,1,10,3,62,0,Coffee - Milk,Mid-Range,Afternoon
17,card,25.96,Americano,Night,Mon,Mar,1,3,2025-03-03,17:31:22.380000,2025-03-03 17:31:22.380,2025,1,10,3,62,0,Coffee - Black,Standard,Afternoon
17,card,35.76,Hot Chocolate,Night,Mon,Mar,1,3,2025-03-03,17:32:18.437000,2025-03-03 17:32:18.437,2025,1,10,3,62,0,Non-Coffee,Premium,Afternoon
17,card,25.96,Americano,Night,Mon,Mar,1,3,2025-03-03,17:32:58.753000,2025-03-03 17:32:58.753,2025,1,10,3,62,0,Coffee - Black,Standard,Afternoon
17,card,35.76,Hot Chocolate,Night,Mon,Mar,1,3,2025-03-03,17:57:32.688000,2025-03-03 17:57:32.688,2025,1,10,3,62,0,Non-Coffee,Premium,Afternoon
17,card,35.76,Hot Chocolate,Night,Mon,Mar,1,3,2025-03-03,17:58:27.343000,2025-03-03 17:58:27.343,2025,1,10,3,62,0,Non-Coffee,Premium,Afternoon
18,card,30.86,Americano with Milk,Night,Mon,Mar,1,3,2025-03-03,18:03:05.008000,2025-03-03 18:03:05.008,2025,1,10,3,62,0,Coffee - Milk,Mid-Range,Evening
18,card,35.76,Latte,Night,Mon,Mar,1,3,2025-03-03,18:46:52.609000,2025-03-03 18:46:52.609,2025,1,10,3,62,0,Coffee - Milk,Premium,Evening
7,card,35.76,Cappuccino,Morning,Tue,Mar,2,3,2025-03-04,07:19:21.939000,2025-03-04 07:19:21.939,2025,1,10,4,63,0,Coffee - Milk,Premium,Early Morning
7,card,25.96,Americano,Morning,Tue,Mar,2,3,2025-03-04,07:31:55.409000,2025-03-04 07:31:55.409,2025,1,10,4,63,0,Coffee - Black,Standard,Early Morning
8,card,30.86,Americano with Milk,Morning,Tue,Mar,2,3,2025-03-04,08:51:45.272000,2025-03-04 08:51:45.272,2025,1,10,4,63,0,Coffee - Milk,Mid-Range,Early Morning
9,card,25.96,Americano,Morning,Tue,Mar,2,3,2025-03-04,09:09:31.929000,2025-03-04 09:09:31.929,2025,1,10,4,63,0,Coffee - Black,Standard,Mid Morning
9,card,25.96,Americano,Morning,Tue,Mar,2,3,2025-03-04,09:10:22.201000,2025-03-04 09:10:22.201,2025,1,10,4,63,0,Coffee - Black,Standard,Mid Morning
9,card,25.96,Americano,Morning,Tue,Mar,2,3,2025-03-04,09:58:37.168000,2025-03-04 09:58:37.168,2025,1,10,4,63,0,Coffee - Black,Standard,Mid Morning
11,card,30.86,Americano with Milk,Morning,Tue,Mar,2,3,2025-03-04,11:04:01.957000,2025-03-04 11:04:01.957,2025,1,10,4,63,0,Coffee - Milk,Mid-Range,Mid Morning
11,card,25.96,Americano,Morning,Tue,Mar,2,3,2025-03-04,11:05:06.974000,2025-03-04 11:05:06.974,2025,1,10,4,63,0,Coffee - Black,Standard,Mid Morning
11,card,25.96,Americano,Morning,Tue,Mar,2,3,2025-03-04,11:46:41.064000,2025-03-04 11:46:41.064,2025,1,10,4,63,0,Coffee - Black,Standard,Mid Morning
11,card,25.96,Americano,Morning,Tue,Mar,2,3,2025-03-04,11:47:24.511000,2025-03-04 11:47:24.511,2025,1,10,4,63,0,Coffee - Black,Standard,Mid Morning
11,card,25.96,Americano,Morning,Tue,Mar,2,3,2025-03-04,11:51:34.795000,2025-03-04 11:51:34.795,2025,1,10,4,63,0,Coffee - Black,Standard,Mid Morning
12,card,35.76,Cocoa,Afternoon,Tue,Mar,2,3,2025-03-04,12:25:59.172000,2025-03-04 12:25:59.172,2025,1,10,4,63,0,Non-Coffee,Premium,Lunch Time
16,card,25.96,Americano,Afternoon,Tue,Mar,2,3,2025-03-04,16:48:58.420000,2025-03-04 16:48:58.420,2025,1,10,4,63,0,Coffee - Black,Standard,Afternoon
18,card,35.76,Cocoa,Night,Tue,Mar,2,3,2025-03-04,18:43:21.868000,2025-03-04 18:43:21.868,2025,1,10,4,63,0,Non-Coffee,Premium,Evening
19,card,35.76,Latte,Night,Tue,Mar,2,3,2025-03-04,19:10:09.471000,2025-03-04 19:10:09.471,2025,1,10,4,63,0,Coffee - Milk,Premium,Evening
20,card,35.76,Latte,Night,Tue,Mar,2,3,2025-03-04,20:09:00.555000,2025-03-04 20:09:00.555,2025,1,10,4,63,0,Coffee - Milk,Premium,Evening
8,card,30.86,Americano with Milk,Morning,Wed,Mar,3,3,2025-03-05,08:39:51.618000,2025-03-05 08:39:51.618,2025,1,10,5,64,0,Coffee - Milk,Mid-Range,Early Morning
9,card,25.96,Americano,Morning,Wed,Mar,3,3,2025-03-05,09:38:24.258000,2025-03-05 09:38:24.258,2025,1,10,5,64,0,Coffee - Black,Standard,Mid Morning
10,card,25.96,Americano,Morning,Wed,Mar,3,3,2025-03-05,10:01:14.296000,2025-03-05 10:01:14.296,2025,1,10,5,64,0,Coffee - Black,Standard,Mid Morning
10,card,25.96,Americano,Morning,Wed,Mar,3,3,2025-03-05,10:02:04.297000,2025-03-05 10:02:04.297,2025,1,10,5,64,0,Coffee - Black,Standard,Mid Morning
10,card,35.76,Cappuccino,Morning,Wed,Mar,3,3,2025-03-05,10:10:50.521000,2025-03-05 10:10:50.521,2025,1,10,5,64,0,Coffee - Milk,Premium,Mid Morning
10,card,30.86,Americano with Milk,Morning,Wed,Mar,3,3,2025-03-05,10:40:34.821000,2025-03-05 10:40:34.821,2025,1,10,5,64,0,Coffee - Milk,Mid-Range,Mid Morning
11,card,35.76,Cappuccino,Morning,Wed,Mar,3,3,2025-03-05,11:08:31.568000,2025-03-05 11:08:31.568,2025,1,10,5,64,0,Coffee - Milk,Premium,Mid Morning
11,card,35.76,Cocoa,Morning,Wed,Mar,3,3,2025-03-05,11:10:54.165000,2025-03-05 11:10:54.165,2025,1,10,5,64,0,Non-Coffee,Premium,Mid Morning
11,card,25.96,Americano,Morning,Wed,Mar,3,3,2025-03-05,11:38:51.182000,2025-03-05 11:38:51.182,2025,1,10,5,64,0,Coffee - Black,Standard,Mid Morning
11,card,25.96,Americano,Morning,Wed,Mar,3,3,2025-03-05,11:41:22.429000,2025-03-05 11:41:22.429,2025,1,10,5,64,0,Coffee - Black,Standard,Mid Morning
12,card,25.96,Americano,Afternoon,Wed,Mar,3,3,2025-03-05,12:12:56.269000,2025-03-05 12:12:56.269,2025,1,10,5,64,0,Coffee - Black,Standard,Lunch Time
15,card,35.76,Latte,Afternoon,Wed,Mar,3,3,2025-03-05,15:07:50.623000,2025-03-05 15:07:50.623,2025,1,10,5,64,0,Coffee - Milk,Premium,Afternoon
15,card,35.76,Latte,Afternoon,Wed,Mar,3,3,2025-03-05,15:21:35.832000,2025-03-05 15:21:35.832,2025,1,10,5,64,0,Coffee - Milk,Premium,Afternoon
15,card,35.76,Hot Chocolate,Afternoon,Wed,Mar,3,3,2025-03-05,15:25:11.415000,2025-03-05 15:25:11.415,2025,1,10,5,64,0,Non-Coffee,Premium,Afternoon
17,card,30.86,Americano with Milk,Night,Wed,Mar,3,3,2025-03-05,17:09:56.990000,2025-03-05 17:09:56.990,2025,1,10,5,64,0,Coffee - Milk,Mid-Range,Afternoon
17,card,21.06,Espresso,Night,Wed,Mar,3,3,2025-03-05,17:16:23.550000,2025-03-05 17:16:23.550,2025,1,10,5,64,0,Coffee - Black,Standard,Afternoon
17,card,35.76,Latte,Night,Wed,Mar,3,3,2025-03-05,17:31:40.879000,2025-03-05 17:31:40.879,2025,1,10,5,64,0,Coffee - Milk,Premium,Afternoon
18,card,35.76,Cappuccino,Night,Wed,Mar,3,3,2025-03-05,18:13:26.969000,2025-03-05 18:13:26.969,2025,1,10,5,64,0,Coffee - Milk,Premium,Evening
19,card,35.76,Cocoa,Night,Wed,Mar,3,3,2025-03-05,19:02:56.818000,2025-03-05 19:02:56.818,2025,1,10,5,64,0,Non-Coffee,Premium,Evening
9,card,35.76,Hot Chocolate,Morning,Thu,Mar,4,3,2025-03-06,09:33:39.296000,2025-03-06 09:33:39.296,2025,1,10,6,65,0,Non-Coffee,Premium,Mid Morning
9,card,21.06,Espresso,Morning,Thu,Mar,4,3,2025-03-06,09:35:52.935000,2025-03-06 09:35:52.935,2025,1,10,6,65,0,Coffee - Black,Standard,Mid Morning
10,card,30.86,Americano with Milk,Morning,Thu,Mar,4,3,2025-03-06,10:48:04.907000,2025-03-06 10:48:04.907,2025,1,10,6,65,0,Coffee - Milk,Mid-Range,Mid Morning
10,card,25.96,Americano,Morning,Thu,Mar,4,3,2025-03-06,10:56:47.365000,2025-03-06 10:56:47.365,2025,1,10,6,65,0,Coffee - Black,Standard,Mid Morning
10,card,25.96,Americano,Morning,Thu,Mar,4,3,2025-03-06,10:57:35.031000,2025-03-06 10:57:35.031,2025,1,10,6,65,0,Coffee - Black,Standard,Mid Morning
11,card,25.96,Americano,Morning,Thu,Mar,4,3,2025-03-06,11:05:43.624000,2025-03-06 11:05:43.624,2025,1,10,6,65,0,Coffee - Black,Standard,Mid Morning
11,card,35.76,Cappuccino,Morning,Thu,Mar,4,3,2025-03-06,11:17:38.018000,2025-03-06 11:17:38.018,2025,1,10,6,65,0,Coffee - Milk,Premium,Mid Morning
13,card,35.76,Latte,Afternoon,Thu,Mar,4,3,2025-03-06,13:51:33.101000,2025-03-06 13:51:33.101,2025,1,10,6,65,0,Coffee - Milk,Premium,Lunch Time
16,card,30.86,Americano with Milk,Afternoon,Thu,Mar,4,3,2025-03-06,16:06:47.303000,2025-03-06 16:06:47.303,2025,1,10,6,65,0,Coffee - Milk,Mid-Range,Afternoon
17,card,35.76,Cocoa,Night,Thu,Mar,4,3,2025-03-06,17:49:11.208000,2025-03-06 17:49:11.208,2025,1,10,6,65,0,Non-Coffee,Premium,Afternoon
18,card,35.76,Cappuccino,Night,Thu,Mar,4,3,2025-03-06,18:27:11.724000,2025-03-06 18:27:11.724,2025,1,10,6,65,0,Coffee - Milk,Premium,Evening
19,card,30.86,Americano with Milk,Night,Thu,Mar,4,3,2025-03-06,19:22:10.719000,2025-03-06 19:22:10.719,2025,1,10,6,65,0,Coffee - Milk,Mid-Range,Evening
7,card,35.76,Cappuccino,Morning,Fri,Mar,5,3,2025-03-07,07:05:42.321000,2025-03-07 07:05:42.321,2025,1,10,7,66,0,Coffee - Milk,Premium,Early Morning
8,card,25.96,Americano,Morning,Fri,Mar,5,3,2025-03-07,08:45:10.887000,2025-03-07 08:45:10.887,2025,1,10,7,66,0,Coffee - Black,Standard,Early Morning
8,card,25.96,Americano,Morning,Fri,Mar,5,3,2025-03-07,08:46:03.828000,2025-03-07 08:46:03.828,2025,1,10,7,66,0,Coffee - Black,Standard,Early Morning
9,card,25.96,Americano,Morning,Fri,Mar,5,3,2025-03-07,09:02:40.792000,2025-03-07 09:02:40.792,2025,1,10,7,66,0,Coffee - Black,Standard,Mid Morning
10,card,35.76,Hot Chocolate,Morning,Fri,Mar,5,3,2025-03-07,10:09:57.931000,2025-03-07 10:09:57.931,2025,1,10,7,66,0,Non-Coffee,Premium,Mid Morning
10,card,30.86,Americano with Milk,Morning,Fri,Mar,5,3,2025-03-07,10:26:34.938000,2025-03-07 10:26:34.938,2025,1,10,7,66,0,Coffee - Milk,Mid-Range,Mid Morning
10,card,30.86,Americano with Milk,Morning,Fri,Mar,5,3,2025-03-07,10:27:32.541000,2025-03-07 10:27:32.541,2025,1,10,7,66,0,Coffee - Milk,Mid-Range,Mid Morning
10,card,35.76,Cocoa,Morning,Fri,Mar,5,3,2025-03-07,10:41:45.791000,2025-03-07 10:41:45.791,2025,1,10,7,66,0,Non-Coffee,Premium,Mid Morning
11,card,35.76,Cocoa,Morning,Fri,Mar,5,3,2025-03-07,11:50:59.454000,2025-03-07 11:50:59.454,2025,1,10,7,66,0,Non-Coffee,Premium,Mid Morning
12,card,30.86,Americano with Milk,Afternoon,Fri,Mar,5,3,2025-03-07,12:03:46.247000,2025-03-07 12:03:46.247,2025,1,10,7,66,0,Coffee - Milk,Mid-Range,Lunch Time
13,card,35.76,Hot Chocolate,Afternoon,Fri,Mar,5,3,2025-03-07,13:43:48.445000,2025-03-07 13:43:48.445,2025,1,10,7,66,0,Non-Coffee,Premium,Lunch Time
13,card,25.96,Americano,Afternoon,Fri,Mar,5,3,2025-03-07,13:55:31.605000,2025-03-07 13:55:31.605,2025,1,10,7,66,0,Coffee - Black,Standard,Lunch Time
14,card,35.76,Cappuccino,Afternoon,Fri,Mar,5,3,2025-03-07,14:53:30.160000,2025-03-07 14:53:30.160,2025,1,10,7,66,0,Coffee - Milk,Premium,Lunch Time
15,card,35.76,Latte,Afternoon,Fri,Mar,5,3,2025-03-07,15:09:04.325000,2025-03-07 15:09:04.325,2025,1,10,7,66,0,Coffee - Milk,Premium,Afternoon
15,card,35.76,Latte,Afternoon,Fri,Mar,5,3,2025-03-07,15:52:52.989000,2025-03-07 15:52:52.989,2025,1,10,7,66,0,Coffee - Milk,Premium,Afternoon
17,card,35.76,Latte,Night,Fri,Mar,5,3,2025-03-07,17:10:29.285000,2025-03-07 17:10:29.285,2025,1,10,7,66,0,Coffee - Milk,Premium,Afternoon
17,card,35.76,Hot Chocolate,Night,Fri,Mar,5,3,2025-03-07,17:12:23.608000,2025-03-07 17:12:23.608,2025,1,10,7,66,0,Non-Coffee,Premium,Afternoon
9,card,30.86,Americano with Milk,Morning,Sat,Mar,6,3,2025-03-08,09:23:44.544000,2025-03-08 09:23:44.544,2025,1,10,8,67,1,Coffee - Milk,Mid-Range,Mid Morning
9,card,30.86,Americano with Milk,Morning,Sat,Mar,6,3,2025-03-08,09:41:52.900000,2025-03-08 09:41:52.900,2025,1,10,8,67,1,Coffee - Milk,Mid-Range,Mid Morning
10,card,25.96,Americano,Morning,Sat,Mar,6,3,2025-03-08,10:54:13.634000,2025-03-08 10:54:13.634,2025,1,10,8,67,1,Coffee - Black,Standard,Mid Morning
11,card,25.96,Americano,Morning,Sat,Mar,6,3,2025-03-08,11:19:45.578000,2025-03-08 11:19:45.578,2025,1,10,8,67,1,Coffee - Black,Standard,Mid Morning
11,card,25.96,Americano,Morning,Sat,Mar,6,3,2025-03-08,11:20:32.377000,2025-03-08 11:20:32.377,2025,1,10,8,67,1,Coffee - Black,Standard,Mid Morning
12,card,30.86,Americano with Milk,Afternoon,Sat,Mar,6,3,2025-03-08,12:41:19.836000,2025-03-08 12:41:19.836,2025,1,10,8,67,1,Coffee - Milk,Mid-Range,Lunch Time
12,card,25.96,Americano,Afternoon,Sat,Mar,6,3,2025-03-08,12:45:05.337000,2025-03-08 12:45:05.337,2025,1,10,8,67,1,Coffee - Black,Standard,Lunch Time
13,card,35.76,Cappuccino,Afternoon,Sat,Mar,6,3,2025-03-08,13:40:06.054000,2025-03-08 13:40:06.054,2025,1,10,8,67,1,Coffee - Milk,Premium,Lunch Time
9,card,21.06,Espresso,Morning,Sun,Mar,7,3,2025-03-09,09:42:03.883000,2025-03-09 09:42:03.883,2025,1,10,9,68,1,Coffee - Black,Standard,Mid Morning
11,card,30.86,Americano with Milk,Morning,Sun,Mar,7,3,2025-03-09,11:25:53.184000,2025-03-09 11:25:53.184,2025,1,10,9,68,1,Coffee - Milk,Mid-Range,Mid Morning
13,card,35.76,Cappuccino,Afternoon,Sun,Mar,7,3,2025-03-09,13:51:56.278000,2025-03-09 13:51:56.278,2025,1,10,9,68,1,Coffee - Milk,Premium,Lunch Time
14,card,25.96,Americano,Afternoon,Sun,Mar,7,3,2025-03-09,14:18:30.062000,2025-03-09 14:18:30.062,2025,1,10,9,68,1,Coffee - Black,Standard,Lunch Time
15,card,35.76,Cappuccino,Afternoon,Sun,Mar,7,3,2025-03-09,15:12:41.404000,2025-03-09 15:12:41.404,2025,1,10,9,68,1,Coffee - Milk,Premium,Afternoon
15,card,25.96,Americano,Afternoon,Sun,Mar,7,3,2025-03-09,15:39:07.132000,2025-03-09 15:39:07.132,2025,1,10,9,68,1,Coffee - Black,Standard,Afternoon
15,card,30.86,Americano with Milk,Afternoon,Sun,Mar,7,3,2025-03-09,15:52:39.328000,2025-03-09 15:52:39.328,2025,1,10,9,68,1,Coffee - Milk,Mid-Range,Afternoon
15,card,35.76,Cocoa,Afternoon,Sun,Mar,7,3,2025-03-09,15:53:40.394000,2025-03-09 15:53:40.394,2025,1,10,9,68,1,Non-Coffee,Premium,Afternoon
8,card,25.96,Americano,Morning,Mon,Mar,1,3,2025-03-10,08:34:43.483000,2025-03-10 08:34:43.483,2025,1,11,10,69,0,Coffee - Black,Standard,Early Morning
8,card,35.76,Latte,Morning,Mon,Mar,1,3,2025-03-10,08:35:40.478000,2025-03-10 08:35:40.478,2025,1,11,10,69,0,Coffee - Milk,Premium,Early Morning
9,card,30.86,Americano with Milk,Morning,Mon,Mar,1,3,2025-03-10,09:06:27.613000,2025-03-10 09:06:27.613,2025,1,11,10,69,0,Coffee - Milk,Mid-Range,Mid Morning
9,card,35.76,Hot Chocolate,Morning,Mon,Mar,1,3,2025-03-10,09:19:28.887000,2025-03-10 09:19:28.887,2025,1,11,10,69,0,Non-Coffee,Premium,Mid Morning
9,card,35.76,Cocoa,Morning,Mon,Mar,1,3,2025-03-10,09:50:54.123000,2025-03-10 09:50:54.123,2025,1,11,10,69,0,Non-Coffee,Premium,Mid Morning
10,card,35.76,Hot Chocolate,Morning,Mon,Mar,1,3,2025-03-10,10:18:57.060000,2025-03-10 10:18:57.060,2025,1,11,10,69,0,Non-Coffee,Premium,Mid Morning
12,card,25.96,Americano,Afternoon,Mon,Mar,1,3,2025-03-10,12:36:14.796000,2025-03-10 12:36:14.796,2025,1,11,10,69,0,Coffee - Black,Standard,Lunch Time
15,card,25.96,Americano,Afternoon,Mon,Mar,1,3,2025-03-10,15:32:09.477000,2025-03-10 15:32:09.477,2025,1,11,10,69,0,Coffee - Black,Standard,Afternoon
15,card,35.76,Hot Chocolate,Afternoon,Mon,Mar,1,3,2025-03-10,15:41:57.873000,2025-03-10 15:41:57.873,2025,1,11,10,69,0,Non-Coffee,Premium,Afternoon
16,card,35.76,Latte,Afternoon,Mon,Mar,1,3,2025-03-10,16:18:00.593000,2025-03-10 16:18:00.593,2025,1,11,10,69,0,Coffee - Milk,Premium,Afternoon
16,card,35.76,Latte,Afternoon,Mon,Mar,1,3,2025-03-10,16:18:54.225000,2025-03-10 16:18:54.225,2025,1,11,10,69,0,Coffee - Milk,Premium,Afternoon
16,card,35.76,Cappuccino,Afternoon,Mon,Mar,1,3,2025-03-10,16:24:25.439000,2025-03-10 16:24:25.439,2025,1,11,10,69,0,Coffee - Milk,Premium,Afternoon
16,card,30.86,Americano with Milk,Afternoon,Mon,Mar,1,3,2025-03-10,16:25:32.458000,2025-03-10 16:25:32.458,2025,1,11,10,69,0,Coffee - Milk,Mid-Range,Afternoon
18,card,25.96,Americano,Night,Mon,Mar,1,3,2025-03-10,18:15:54.241000,2025-03-10 18:15:54.241,2025,1,11,10,69,0,Coffee - Black,Standard,Evening
18,card,35.76,Latte,Night,Mon,Mar,1,3,2025-03-10,18:48:30.228000,2025-03-10 18:48:30.228,2025,1,11,10,69,0,Coffee - Milk,Premium,Evening
18,card,35.76,Latte,Night,Mon,Mar,1,3,2025-03-10,18:49:22.317000,2025-03-10 18:49:22.317,2025,1,11,10,69,0,Coffee - Milk,Premium,Evening
19,card,30.86,Americano with Milk,Night,Mon,Mar,1,3,2025-03-10,19:26:42.875000,2025-03-10 19:26:42.875,2025,1,11,10,69,0,Coffee - Milk,Mid-Range,Evening
8,card,25.96,Americano,Morning,Tue,Mar,2,3,2025-03-11,08:46:25.572000,2025-03-11 08:46:25.572,2025,1,11,11,70,0,Coffee - Black,Standard,Early Morning
9,card,35.76,Cappuccino,Morning,Tue,Mar,2,3,2025-03-11,09:12:27.690000,2025-03-11 09:12:27.690,2025,1,11,11,70,0,Coffee - Milk,Premium,Mid Morning
9,card,35.76,Latte,Morning,Tue,Mar,2,3,2025-03-11,09:27:04.403000,2025-03-11 09:27:04.403,2025,1,11,11,70,0,Coffee - Milk,Premium,Mid Morning
10,card,25.96,Americano,Morning,Tue,Mar,2,3,2025-03-11,10:26:57.814000,2025-03-11 10:26:57.814,2025,1,11,11,70,0,Coffee - Black,Standard,Mid Morning
12,card,25.96,Americano,Afternoon,Tue,Mar,2,3,2025-03-11,12:33:20.355000,2025-03-11 12:33:20.355,2025,1,11,11,70,0,Coffee - Black,Standard,Lunch Time
13,card,25.96,Americano,Afternoon,Tue,Mar,2,3,2025-03-11,13:16:54.690000,2025-03-11 13:16:54.690,2025,1,11,11,70,0,Coffee - Black,Standard,Lunch Time
16,card,35.76,Hot Chocolate,Afternoon,Tue,Mar,2,3,2025-03-11,16:29:31.062000,2025-03-11 16:29:31.062,2025,1,11,11,70,0,Non-Coffee,Premium,Afternoon
16,card,35.76,Cocoa,Afternoon,Tue,Mar,2,3,2025-03-11,16:30:16.089000,2025-03-11 16:30:16.089,2025,1,11,11,70,0,Non-Coffee,Premium,Afternoon
16,card,35.76,Hot Chocolate,Afternoon,Tue,Mar,2,3,2025-03-11,16:49:40.750000,2025-03-11 16:49:40.750,2025,1,11,11,70,0,Non-Coffee,Premium,Afternoon
17,card,35.76,Cappuccino,Night,Tue,Mar,2,3,2025-03-11,17:46:50.233000,2025-03-11 17:46:50.233,2025,1,11,11,70,0,Coffee - Milk,Premium,Afternoon
18,card,30.86,Americano with Milk,Night,Tue,Mar,2,3,2025-03-11,18:56:52.112000,2025-03-11 18:56:52.112,2025,1,11,11,70,0,Coffee - Milk,Mid-Range,Evening
19,card,35.76,Latte,Night,Tue,Mar,2,3,2025-03-11,19:07:14.374000,2025-03-11 19:07:14.374,2025,1,11,11,70,0,Coffee - Milk,Premium,Evening
20,card,35.76,Cocoa,Night,Tue,Mar,2,3,2025-03-11,20:08:56.329000,2025-03-11 20:08:56.329,2025,1,11,11,70,0,Non-Coffee,Premium,Evening
11,card,35.76,Cocoa,Morning,Wed,Mar,3,3,2025-03-12,11:11:39.446000,2025-03-12 11:11:39.446,2025,1,11,12,71,0,Non-Coffee,Premium,Mid Morning
11,card,30.86,Americano with Milk,Morning,Wed,Mar,3,3,2025-03-12,11:47:34.257000,2025-03-12 11:47:34.257,2025,1,11,12,71,0,Coffee - Milk,Mid-Range,Mid Morning
11,card,35.76,Cappuccino,Morning,Wed,Mar,3,3,2025-03-12,11:50:15.399000,2025-03-12 11:50:15.399,2025,1,11,12,71,0,Coffee - Milk,Premium,Mid Morning
11,card,25.96,Americano,Morning,Wed,Mar,3,3,2025-03-12,11:55:55.859000,2025-03-12 11:55:55.859,2025,1,11,12,71,0,Coffee - Black,Standard,Mid Morning
11,card,25.96,Americano,Morning,Wed,Mar,3,3,2025-03-12,11:56:48.899000,2025-03-12 11:56:48.899,2025,1,11,12,71,0,Coffee - Black,Standard,Mid Morning
12,card,25.96,Americano,Afternoon,Wed,Mar,3,3,2025-03-12,12:06:11.058000,2025-03-12 12:06:11.058,2025,1,11,12,71,0,Coffee - Black,Standard,Lunch Time
12,card,35.76,Hot Chocolate,Afternoon,Wed,Mar,3,3,2025-03-12,12:55:38.412000,2025-03-12 12:55:38.412,2025,1,11,12,71,0,Non-Coffee,Premium,Lunch Time
13,card,35.76,Latte,Afternoon,Wed,Mar,3,3,2025-03-12,13:01:49.309000,2025-03-12 13:01:49.309,2025,1,11,12,71,0,Coffee - Milk,Premium,Lunch Time
13,card,35.76,Latte,Afternoon,Wed,Mar,3,3,2025-03-12,13:56:23.641000,2025-03-12 13:56:23.641,2025,1,11,12,71,0,Coffee - Milk,Premium,Lunch Time
16,card,35.76,Cappuccino,Afternoon,Wed,Mar,3,3,2025-03-12,16:27:37.181000,2025-03-12 16:27:37.181,2025,1,11,12,71,0,Coffee - Milk,Premium,Afternoon
16,card,35.76,Latte,Afternoon,Wed,Mar,3,3,2025-03-12,16:35:03.980000,2025-03-12 16:35:03.980,2025,1,11,12,71,0,Coffee - Milk,Premium,Afternoon
16,card,35.76,Latte,Afternoon,Wed,Mar,3,3,2025-03-12,16:36:00.656000,2025-03-12 16:36:00.656,2025,1,11,12,71,0,Coffee - Milk,Premium,Afternoon
18,card,25.96,Americano,Night,Wed,Mar,3,3,2025-03-12,18:10:34.209000,2025-03-12 18:10:34.209,2025,1,11,12,71,0,Coffee - Black,Standard,Evening
18,card,35.76,Cocoa,Night,Wed,Mar,3,3,2025-03-12,18:17:17.844000,2025-03-12 18:17:17.844,2025,1,11,12,71,0,Non-Coffee,Premium,Evening
18,card,25.96,Americano,Night,Wed,Mar,3,3,2025-03-12,18:24:40.491000,2025-03-12 18:24:40.491,2025,1,11,12,71,0,Coffee - Black,Standard,Evening
18,card,35.76,Cappuccino,Night,Wed,Mar,3,3,2025-03-12,18:38:56.648000,2025-03-12 18:38:56.648,2025,1,11,12,71,0,Coffee - Milk,Premium,Evening
18,card,25.96,Americano,Night,Wed,Mar,3,3,2025-03-12,18:42:13.656000,2025-03-12 18:42:13.656,2025,1,11,12,71,0,Coffee - Black,Standard,Evening
7,card,35.76,Cappuccino,Morning,Thu,Mar,4,3,2025-03-13,07:01:36.408000,2025-03-13 07:01:36.408,2025,1,11,13,72,0,Coffee - Milk,Premium,Early Morning
8,card,30.86,Americano with Milk,Morning,Thu,Mar,4,3,2025-03-13,08:23:17.476000,2025-03-13 08:23:17.476,2025,1,11,13,72,0,Coffee - Milk,Mid-Range,Early Morning
9,card,30.86,Americano with Milk,Morning,Thu,Mar,4,3,2025-03-13,09:04:47.284000,2025-03-13 09:04:47.284,2025,1,11,13,72,0,Coffee - Milk,Mid-Range,Mid Morning
9,card,35.76,Latte,Morning,Thu,Mar,4,3,2025-03-13,09:20:09.466000,2025-03-13 09:20:09.466,2025,1,11,13,72,0,Coffee - Milk,Premium,Mid Morning
9,card,21.06,Espresso,Morning,Thu,Mar,4,3,2025-03-13,09:22:04.621000,2025-03-13 09:22:04.621,2025,1,11,13,72,0,Coffee - Black,Standard,Mid Morning
9,card,25.96,Americano,Morning,Thu,Mar,4,3,2025-03-13,09:38:19.627000,2025-03-13 09:38:19.627,2025,1,11,13,72,0,Coffee - Black,Standard,Mid Morning
9,card,30.86,Americano with Milk,Morning,Thu,Mar,4,3,2025-03-13,09:39:14.588000,2025-03-13 09:39:14.588,2025,1,11,13,72,0,Coffee - Milk,Mid-Range,Mid Morning
11,card,25.96,Americano,Morning,Thu,Mar,4,3,2025-03-13,11:18:02.309000,2025-03-13 11:18:02.309,2025,1,11,13,72,0,Coffee - Black,Standard,Mid Morning
12,card,35.76,Latte,Afternoon,Thu,Mar,4,3,2025-03-13,12:13:37.365000,2025-03-13 12:13:37.365,2025,1,11,13,72,0,Coffee - Milk,Premium,Lunch Time
14,card,30.86,Americano with Milk,Afternoon,Thu,Mar,4,3,2025-03-13,14:53:50.007000,2025-03-13 14:53:50.007,2025,1,11,13,72,0,Coffee - Milk,Mid-Range,Lunch Time
14,card,25.96,Americano,Afternoon,Thu,Mar,4,3,2025-03-13,14:55:31.554000,2025-03-13 14:55:31.554,2025,1,11,13,72,0,Coffee - Black,Standard,Lunch Time
18,card,35.76,Cappuccino,Night,Thu,Mar,4,3,2025-03-13,18:47:43.645000,2025-03-13 18:47:43.645,2025,1,11,13,72,0,Coffee - Milk,Premium,Evening
7,card,25.96,Americano,Morning,Fri,Mar,5,3,2025-03-14,07:55:05.952000,2025-03-14 07:55:05.952,2025,1,11,14,73,0,Coffee - Black,Standard,Early Morning
8,card,30.86,Americano with Milk,Morning,Fri,Mar,5,3,2025-03-14,08:13:40.184000,2025-03-14 08:13:40.184,2025,1,11,14,73,0,Coffee - Milk,Mid-Range,Early Morning
8,card,25.96,Americano,Morning,Fri,Mar,5,3,2025-03-14,08:59:26.828000,2025-03-14 08:59:26.828,2025,1,11,14,73,0,Coffee - Black,Standard,Early Morning
9,card,35.76,Latte,Morning,Fri,Mar,5,3,2025-03-14,09:00:29.883000,2025-03-14 09:00:29.883,2025,1,11,14,73,0,Coffee - Milk,Premium,Mid Morning
9,card,21.06,Espresso,Morning,Fri,Mar,5,3,2025-03-14,09:26:07.904000,2025-03-14 09:26:07.904,2025,1,11,14,73,0,Coffee - Black,Standard,Mid Morning
9,card,25.96,Americano,Morning,Fri,Mar,5,3,2025-03-14,09:28:37.201000,2025-03-14 09:28:37.201,2025,1,11,14,73,0,Coffee - Black,Standard,Mid Morning
10,card,25.96,Americano,Morning,Fri,Mar,5,3,2025-03-14,10:20:51.345000,2025-03-14 10:20:51.345,2025,1,11,14,73,0,Coffee - Black,Standard,Mid Morning
10,card,35.76,Latte,Morning,Fri,Mar,5,3,2025-03-14,10:48:22.804000,2025-03-14 10:48:22.804,2025,1,11,14,73,0,Coffee - Milk,Premium,Mid Morning
10,card,35.76,Cappuccino,Morning,Fri,Mar,5,3,2025-03-14,10:49:27.796000,2025-03-14 10:49:27.796,2025,1,11,14,73,0,Coffee - Milk,Premium,Mid Morning
14,card,25.96,Americano,Afternoon,Fri,Mar,5,3,2025-03-14,14:35:17.282000,2025-03-14 14:35:17.282,2025,1,11,14,73,0,Coffee - Black,Standard,Lunch Time
14,card,35.76,Latte,Afternoon,Fri,Mar,5,3,2025-03-14,14:36:21.815000,2025-03-14 14:36:21.815,2025,1,11,14,73,0,Coffee - Milk,Premium,Lunch Time
15,card,35.76,Latte,Afternoon,Fri,Mar,5,3,2025-03-14,15:54:20.979000,2025-03-14 15:54:20.979,2025,1,11,14,73,0,Coffee - Milk,Premium,Afternoon
15,card,35.76,Latte,Afternoon,Fri,Mar,5,3,2025-03-14,15:55:40.848000,2025-03-14 15:55:40.848,2025,1,11,14,73,0,Coffee - Milk,Premium,Afternoon
16,card,25.96,Americano,Afternoon,Fri,Mar,5,3,2025-03-14,16:27:04.016000,2025-03-14 16:27:04.016,2025,1,11,14,73,0,Coffee - Black,Standard,Afternoon
16,card,35.76,Cocoa,Afternoon,Fri,Mar,5,3,2025-03-14,16:31:00.187000,2025-03-14 16:31:00.187,2025,1,11,14,73,0,Non-Coffee,Premium,Afternoon
16,card,35.76,Cocoa,Afternoon,Fri,Mar,5,3,2025-03-14,16:31:55.078000,2025-03-14 16:31:55.078,2025,1,11,14,73,0,Non-Coffee,Premium,Afternoon
16,card,35.76,Cocoa,Afternoon,Fri,Mar,5,3,2025-03-14,16:32:40.221000,2025-03-14 16:32:40.221,2025,1,11,14,73,0,Non-Coffee,Premium,Afternoon
17,card,25.96,Americano,Night,Fri,Mar,5,3,2025-03-14,17:05:24.113000,2025-03-14 17:05:24.113,2025,1,11,14,73,0,Coffee - Black,Standard,Afternoon
17,card,25.96,Americano,Night,Fri,Mar,5,3,2025-03-14,17:22:14.665000,2025-03-14 17:22:14.665,2025,1,11,14,73,0,Coffee - Black,Standard,Afternoon
17,card,35.76,Latte,Night,Fri,Mar,5,3,2025-03-14,17:27:15.280000,2025-03-14 17:27:15.280,2025,1,11,14,73,0,Coffee - Milk,Premium,Afternoon
17,card,35.76,Latte,Night,Fri,Mar,5,3,2025-03-14,17:28:38.332000,2025-03-14 17:28:38.332,2025,1,11,14,73,0,Coffee - Milk,Premium,Afternoon
20,card,25.96,Americano,Night,Fri,Mar,5,3,2025-03-14,20:20:22.022000,2025-03-14 20:20:22.022,2025,1,11,14,73,0,Coffee - Black,Standard,Evening
21,card,25.96,Americano,Night,Fri,Mar,5,3,2025-03-14,21:40:43.586000,2025-03-14 21:40:43.586,2025,1,11,14,73,0,Coffee - Black,Standard,Evening
9,card,30.86,Americano with Milk,Morning,Sat,Mar,6,3,2025-03-15,09:53:22.276000,2025-03-15 09:53:22.276,2025,1,11,15,74,1,Coffee - Milk,Mid-Range,Mid Morning
10,card,35.76,Cappuccino,Morning,Sat,Mar,6,3,2025-03-15,10:03:22.542000,2025-03-15 10:03:22.542,2025,1,11,15,74,1,Coffee - Milk,Premium,Mid Morning
13,card,25.96,Americano,Afternoon,Sat,Mar,6,3,2025-03-15,13:55:41.953000,2025-03-15 13:55:41.953,2025,1,11,15,74,1,Coffee - Black,Standard,Lunch Time
17,card,35.76,Cappuccino,Night,Sat,Mar,6,3,2025-03-15,17:10:23.402000,2025-03-15 17:10:23.402,2025,1,11,15,74,1,Coffee - Milk,Premium,Afternoon
17,card,30.86,Americano with Milk,Night,Sat,Mar,6,3,2025-03-15,17:12:08.359000,2025-03-15 17:12:08.359,2025,1,11,15,74,1,Coffee - Milk,Mid-Range,Afternoon
19,card,30.86,Americano with Milk,Night,Sat,Mar,6,3,2025-03-15,19:30:36.505000,2025-03-15 19:30:36.505,2025,1,11,15,74,1,Coffee - Milk,Mid-Range,Evening
19,card,35.76,Cappuccino,Night,Sat,Mar,6,3,2025-03-15,19:51:27.089000,2025-03-15 19:51:27.089,2025,1,11,15,74,1,Coffee - Milk,Premium,Evening
9,card,35.76,Cappuccino,Morning,Sun,Mar,7,3,2025-03-16,09:32:17.307000,2025-03-16 09:32:17.307,2025,1,11,16,75,1,Coffee - Milk,Premium,Mid Morning
9,card,30.86,Americano with Milk,Morning,Sun,Mar,7,3,2025-03-16,09:36:23.195000,2025-03-16 09:36:23.195,2025,1,11,16,75,1,Coffee - Milk,Mid-Range,Mid Morning
10,card,35.76,Latte,Morning,Sun,Mar,7,3,2025-03-16,10:50:09.372000,2025-03-16 10:50:09.372,2025,1,11,16,75,1,Coffee - Milk,Premium,Mid Morning
12,card,35.76,Hot Chocolate,Afternoon,Sun,Mar,7,3,2025-03-16,12:00:47.135000,2025-03-16 12:00:47.135,2025,1,11,16,75,1,Non-Coffee,Premium,Lunch Time
14,card,25.96,Americano,Afternoon,Sun,Mar,7,3,2025-03-16,14:22:42.633000,2025-03-16 14:22:42.633,2025,1,11,16,75,1,Coffee - Black,Standard,Lunch Time
6,card,25.96,Americano,Morning,Mon,Mar,1,3,2025-03-17,06:54:40.633000,2025-03-17 06:54:40.633,2025,1,12,17,76,0,Coffee - Black,Standard,Early Morning
8,card,25.96,Americano,Morning,Mon,Mar,1,3,2025-03-17,08:09:50.056000,2025-03-17 08:09:50.056,2025,1,12,17,76,0,Coffee - Black,Standard,Early Morning
8,card,25.96,Americano,Morning,Mon,Mar,1,3,2025-03-17,08:18:02.658000,2025-03-17 08:18:02.658,2025,1,12,17,76,0,Coffee - Black,Standard,Early Morning
9,card,30.86,Americano with Milk,Morning,Mon,Mar,1,3,2025-03-17,09:02:58.954000,2025-03-17 09:02:58.954,2025,1,12,17,76,0,Coffee - Milk,Mid-Range,Mid Morning
10,card,25.96,Americano,Morning,Mon,Mar,1,3,2025-03-17,10:32:39.537000,2025-03-17 10:32:39.537,2025,1,12,17,76,0,Coffee - Black,Standard,Mid Morning
13,card,25.96,Americano,Afternoon,Mon,Mar,1,3,2025-03-17,13:59:00.995000,2025-03-17 13:59:00.995,2025,1,12,17,76,0,Coffee - Black,Standard,Lunch Time
14,card,35.76,Cocoa,Afternoon,Mon,Mar,1,3,2025-03-17,14:21:24.547000,2025-03-17 14:21:24.547,2025,1,12,17,76,0,Non-Coffee,Premium,Lunch Time
14,card,35.76,Cocoa,Afternoon,Mon,Mar,1,3,2025-03-17,14:22:19.742000,2025-03-17 14:22:19.742,2025,1,12,17,76,0,Non-Coffee,Premium,Lunch Time
14,card,35.76,Latte,Afternoon,Mon,Mar,1,3,2025-03-17,14:48:03.518000,2025-03-17 14:48:03.518,2025,1,12,17,76,0,Coffee - Milk,Premium,Lunch Time
15,card,35.76,Cappuccino,Afternoon,Mon,Mar,1,3,2025-03-17,15:11:17.288000,2025-03-17 15:11:17.288,2025,1,12,17,76,0,Coffee - Milk,Premium,Afternoon
15,card,35.76,Latte,Afternoon,Mon,Mar,1,3,2025-03-17,15:47:15.913000,2025-03-17 15:47:15.913,2025,1,12,17,76,0,Coffee - Milk,Premium,Afternoon
15,card,35.76,Latte,Afternoon,Mon,Mar,1,3,2025-03-17,15:48:58.455000,2025-03-17 15:48:58.455,2025,1,12,17,76,0,Coffee - Milk,Premium,Afternoon
16,card,25.96,Americano,Afternoon,Mon,Mar,1,3,2025-03-17,16:46:44.575000,2025-03-17 16:46:44.575,2025,1,12,17,76,0,Coffee - Black,Standard,Afternoon
8,card,30.86,Americano with Milk,Morning,Tue,Mar,2,3,2025-03-18,08:23:10.985000,2025-03-18 08:23:10.985,2025,1,12,18,77,0,Coffee - Milk,Mid-Range,Early Morning
8,card,35.76,Latte,Morning,Tue,Mar,2,3,2025-03-18,08:33:49.559000,2025-03-18 08:33:49.559,2025,1,12,18,77,0,Coffee - Milk,Premium,Early Morning
10,card,35.76,Latte,Morning,Tue,Mar,2,3,2025-03-18,10:49:51.408000,2025-03-18 10:49:51.408,2025,1,12,18,77,0,Coffee - Milk,Premium,Mid Morning
10,card,25.96,Americano,Morning,Tue,Mar,2,3,2025-03-18,10:51:17.714000,2025-03-18 10:51:17.714,2025,1,12,18,77,0,Coffee - Black,Standard,Mid Morning
11,card,35.76,Hot Chocolate,Morning,Tue,Mar,2,3,2025-03-18,11:47:19.969000,2025-03-18 11:47:19.969,2025,1,12,18,77,0,Non-Coffee,Premium,Mid Morning
11,card,35.76,Hot Chocolate,Morning,Tue,Mar,2,3,2025-03-18,11:48:55.654000,2025-03-18 11:48:55.654,2025,1,12,18,77,0,Non-Coffee,Premium,Mid Morning
14,card,30.86,Americano with Milk,Afternoon,Tue,Mar,2,3,2025-03-18,14:43:35.117000,2025-03-18 14:43:35.117,2025,1,12,18,77,0,Coffee - Milk,Mid-Range,Lunch Time
15,card,25.96,Americano,Afternoon,Tue,Mar,2,3,2025-03-18,15:03:53.426000,2025-03-18 15:03:53.426,2025,1,12,18,77,0,Coffee - Black,Standard,Afternoon
15,card,30.86,Americano with Milk,Afternoon,Tue,Mar,2,3,2025-03-18,15:11:07.394000,2025-03-18 15:11:07.394,2025,1,12,18,77,0,Coffee - Milk,Mid-Range,Afternoon
16,card,25.96,Americano,Afternoon,Tue,Mar,2,3,2025-03-18,16:09:07.577000,2025-03-18 16:09:07.577,2025,1,12,18,77,0,Coffee - Black,Standard,Afternoon
16,card,35.76,Latte,Afternoon,Tue,Mar,2,3,2025-03-18,16:11:45.142000,2025-03-18 16:11:45.142,2025,1,12,18,77,0,Coffee - Milk,Premium,Afternoon
16,card,21.06,Espresso,Afternoon,Tue,Mar,2,3,2025-03-18,16:23:20.622000,2025-03-18 16:23:20.622,2025,1,12,18,77,0,Coffee - Black,Standard,Afternoon
18,card,35.76,Cocoa,Night,Tue,Mar,2,3,2025-03-18,18:42:30.606000,2025-03-18 18:42:30.606,2025,1,12,18,77,0,Non-Coffee,Premium,Evening
18,card,35.76,Cocoa,Night,Tue,Mar,2,3,2025-03-18,18:43:17.494000,2025-03-18 18:43:17.494,2025,1,12,18,77,0,Non-Coffee,Premium,Evening
20,card,35.76,Cocoa,Night,Tue,Mar,2,3,2025-03-18,20:00:34.963000,2025-03-18 20:00:34.963,2025,1,12,18,77,0,Non-Coffee,Premium,Evening
20,card,35.76,Cocoa,Night,Tue,Mar,2,3,2025-03-18,20:01:37.737000,2025-03-18 20:01:37.737,2025,1,12,18,77,0,Non-Coffee,Premium,Evening
21,card,35.76,Latte,Night,Tue,Mar,2,3,2025-03-18,21:20:40.031000,2025-03-18 21:20:40.031,2025,1,12,18,77,0,Coffee - Milk,Premium,Evening
7,card,25.96,Americano,Morning,Wed,Mar,3,3,2025-03-19,07:03:07.073000,2025-03-19 07:03:07.073,2025,1,12,19,78,0,Coffee - Black,Standard,Early Morning
7,card,25.96,Americano,Morning,Wed,Mar,3,3,2025-03-19,07:04:08.618000,2025-03-19 07:04:08.618,2025,1,12,19,78,0,Coffee - Black,Standard,Early Morning
7,card,35.76,Cappuccino,Morning,Wed,Mar,3,3,2025-03-19,07:06:34.913000,2025-03-19 07:06:34.913,2025,1,12,19,78,0,Coffee - Milk,Premium,Early Morning
8,card,25.96,Americano,Morning,Wed,Mar,3,3,2025-03-19,08:03:18.296000,2025-03-19 08:03:18.296,2025,1,12,19,78,0,Coffee - Black,Standard,Early Morning
10,card,35.76,Hot Chocolate,Morning,Wed,Mar,3,3,2025-03-19,10:18:39.225000,2025-03-19 10:18:39.225,2025,1,12,19,78,0,Non-Coffee,Premium,Mid Morning
11,card,25.96,Americano,Morning,Wed,Mar,3,3,2025-03-19,11:55:39.825000,2025-03-19 11:55:39.825,2025,1,12,19,78,0,Coffee - Black,Standard,Mid Morning
12,card,25.96,Americano,Afternoon,Wed,Mar,3,3,2025-03-19,12:58:27.177000,2025-03-19 12:58:27.177,2025,1,12,19,78,0,Coffee - Black,Standard,Lunch Time
15,card,35.76,Latte,Afternoon,Wed,Mar,3,3,2025-03-19,15:12:53.164000,2025-03-19 15:12:53.164,2025,1,12,19,78,0,Coffee - Milk,Premium,Afternoon
15,card,35.76,Latte,Afternoon,Wed,Mar,3,3,2025-03-19,15:14:23.419000,2025-03-19 15:14:23.419,2025,1,12,19,78,0,Coffee - Milk,Premium,Afternoon
16,card,35.76,Latte,Afternoon,Wed,Mar,3,3,2025-03-19,16:19:33.938000,2025-03-19 16:19:33.938,2025,1,12,19,78,0,Coffee - Milk,Premium,Afternoon
16,card,25.96,Americano,Afternoon,Wed,Mar,3,3,2025-03-19,16:29:56.276000,2025-03-19 16:29:56.276,2025,1,12,19,78,0,Coffee - Black,Standard,Afternoon
16,card,35.76,Cappuccino,Afternoon,Wed,Mar,3,3,2025-03-19,16:40:33.766000,2025-03-19 16:40:33.766,2025,1,12,19,78,0,Coffee - Milk,Premium,Afternoon
16,card,35.76,Cappuccino,Afternoon,Wed,Mar,3,3,2025-03-19,16:42:16.035000,2025-03-19 16:42:16.035,2025,1,12,19,78,0,Coffee - Milk,Premium,Afternoon
16,card,25.96,Americano,Afternoon,Wed,Mar,3,3,2025-03-19,16:51:35.154000,2025-03-19 16:51:35.154,2025,1,12,19,78,0,Coffee - Black,Standard,Afternoon
16,card,25.96,Americano,Afternoon,Wed,Mar,3,3,2025-03-19,16:52:29.653000,2025-03-19 16:52:29.653,2025,1,12,19,78,0,Coffee - Black,Standard,Afternoon
17,card,35.76,Cocoa,Night,Wed,Mar,3,3,2025-03-19,16:59:59.993000,2025-03-19 16:59:59.993,2025,1,12,19,78,0,Non-Coffee,Premium,Afternoon
17,card,30.86,Americano with Milk,Night,Wed,Mar,3,3,2025-03-19,17:09:55.033000,2025-03-19 17:09:55.033,2025,1,12,19,78,0,Coffee - Milk,Mid-Range,Afternoon
17,card,30.86,Americano with Milk,Night,Wed,Mar,3,3,2025-03-19,17:27:39.671000,2025-03-19 17:27:39.671,2025,1,12,19,78,0,Coffee - Milk,Mid-Range,Afternoon
18,card,25.96,Cortado,Night,Wed,Mar,3,3,2025-03-19,18:29:50.378000,2025-03-19 18:29:50.378,2025,1,12,19,78,0,Coffee - Milk,Standard,Evening
18,card,21.06,Espresso,Night,Wed,Mar,3,3,2025-03-19,18:30:44.007000,2025-03-19 18:30:44.007,2025,1,12,19,78,0,Coffee - Black,Standard,Evening
18,card,21.06,Espresso,Night,Wed,Mar,3,3,2025-03-19,18:31:25.990000,2025-03-19 18:31:25.990,2025,1,12,19,78,0,Coffee - Black,Standard,Evening
8,card,30.86,Americano with Milk,Morning,Thu,Mar,4,3,2025-03-20,08:13:16.283000,2025-03-20 08:13:16.283,2025,1,12,20,79,0,Coffee - Milk,Mid-Range,Early Morning
9,card,30.86,Americano with Milk,Morning,Thu,Mar,4,3,2025-03-20,09:52:04.770000,2025-03-20 09:52:04.770,2025,1,12,20,79,0,Coffee - Milk,Mid-Range,Mid Morning
10,card,30.86,Americano with Milk,Morning,Thu,Mar,4,3,2025-03-20,10:06:44.316000,2025-03-20 10:06:44.316,2025,1,12,20,79,0,Coffee - Milk,Mid-Range,Mid Morning
10,card,25.96,Americano,Morning,Thu,Mar,4,3,2025-03-20,10:45:44.187000,2025-03-20 10:45:44.187,2025,1,12,20,79,0,Coffee - Black,Standard,Mid Morning
10,card,25.96,Americano,Morning,Thu,Mar,4,3,2025-03-20,10:55:17.442000,2025-03-20 10:55:17.442,2025,1,12,20,79,0,Coffee - Black,Standard,Mid Morning
12,card,25.96,Americano,Afternoon,Thu,Mar,4,3,2025-03-20,12:48:24.389000,2025-03-20 12:48:24.389,2025,1,12,20,79,0,Coffee - Black,Standard,Lunch Time
14,card,25.96,Americano,Afternoon,Thu,Mar,4,3,2025-03-20,14:04:43.871000,2025-03-20 14:04:43.871,2025,1,12,20,79,0,Coffee - Black,Standard,Lunch Time
14,card,25.96,Americano,Afternoon,Thu,Mar,4,3,2025-03-20,14:20:37.878000,2025-03-20 14:20:37.878,2025,1,12,20,79,0,Coffee - Black,Standard,Lunch Time
14,card,21.06,Espresso,Afternoon,Thu,Mar,4,3,2025-03-20,14:21:41.901000,2025-03-20 14:21:41.901,2025,1,12,20,79,0,Coffee - Black,Standard,Lunch Time
14,card,25.96,Cortado,Afternoon,Thu,Mar,4,3,2025-03-20,14:25:04.690000,2025-03-20 14:25:04.690,2025,1,12,20,79,0,Coffee - Milk,Standard,Lunch Time
14,card,35.76,Cappuccino,Afternoon,Thu,Mar,4,3,2025-03-20,14:26:46.715000,2025-03-20 14:26:46.715,2025,1,12,20,79,0,Coffee - Milk,Premium,Lunch Time
14,card,35.76,Cappuccino,Afternoon,Thu,Mar,4,3,2025-03-20,14:59:47.451000,2025-03-20 14:59:47.451,2025,1,12,20,79,0,Coffee - Milk,Premium,Lunch Time
15,card,25.96,Americano,Afternoon,Thu,Mar,4,3,2025-03-20,15:05:22.395000,2025-03-20 15:05:22.395,2025,1,12,20,79,0,Coffee - Black,Standard,Afternoon
15,card,25.96,Americano,Afternoon,Thu,Mar,4,3,2025-03-20,15:21:51.822000,2025-03-20 15:21:51.822,2025,1,12,20,79,0,Coffee - Black,Standard,Afternoon
16,card,35.76,Cappuccino,Afternoon,Thu,Mar,4,3,2025-03-20,16:45:44.972000,2025-03-20 16:45:44.972,2025,1,12,20,79,0,Coffee - Milk,Premium,Afternoon
17,card,25.96,Americano,Night,Thu,Mar,4,3,2025-03-20,17:23:51.421000,2025-03-20 17:23:51.421,2025,1,12,20,79,0,Coffee - Black,Standard,Afternoon
18,card,35.76,Hot Chocolate,Night,Thu,Mar,4,3,2025-03-20,18:55:58.672000,2025-03-20 18:55:58.672,2025,1,12,20,79,0,Non-Coffee,Premium,Evening
19,card,35.76,Cocoa,Night,Thu,Mar,4,3,2025-03-20,19:36:41.600000,2025-03-20 19:36:41.600,2025,1,12,20,79,0,Non-Coffee,Premium,Evening
19,card,35.76,Cappuccino,Night,Thu,Mar,4,3,2025-03-20,19:57:48.479000,2025-03-20 19:57:48.479,2025,1,12,20,79,0,Coffee - Milk,Premium,Evening
21,card,35.76,Latte,Night,Thu,Mar,4,3,2025-03-20,21:50:15.613000,2025-03-20 21:50:15.613,2025,1,12,20,79,0,Coffee - Milk,Premium,Evening
7,card,30.86,Americano with Milk,Morning,Fri,Mar,5,3,2025-03-21,07:06:11.979000,2025-03-21 07:06:11.979,2025,1,12,21,80,0,Coffee - Milk,Mid-Range,Early Morning
7,card,30.86,Americano with Milk,Morning,Fri,Mar,5,3,2025-03-21,07:09:08.106000,2025-03-21 07:09:08.106,2025,1,12,21,80,0,Coffee - Milk,Mid-Range,Early Morning
8,card,25.96,Americano,Morning,Fri,Mar,5,3,2025-03-21,08:16:43.719000,2025-03-21 08:16:43.719,2025,1,12,21,80,0,Coffee - Black,Standard,Early Morning
8,card,25.96,Americano,Morning,Fri,Mar,5,3,2025-03-21,08:28:36.520000,2025-03-21 08:28:36.520,2025,1,12,21,80,0,Coffee - Black,Standard,Early Morning
8,card,25.96,Americano,Morning,Fri,Mar,5,3,2025-03-21,08:29:20.898000,2025-03-21 08:29:20.898,2025,1,12,21,80,0,Coffee - Black,Standard,Early Morning
8,card,35.76,Cappuccino,Morning,Fri,Mar,5,3,2025-03-21,08:35:18.996000,2025-03-21 08:35:18.996,2025,1,12,21,80,0,Coffee - Milk,Premium,Early Morning
11,card,25.96,Americano,Morning,Fri,Mar,5,3,2025-03-21,11:50:09.303000,2025-03-21 11:50:09.303,2025,1,12,21,80,0,Coffee - Black,Standard,Mid Morning
11,card,35.76,Latte,Morning,Fri,Mar,5,3,2025-03-21,11:51:07.530000,2025-03-21 11:51:07.530,2025,1,12,21,80,0,Coffee - Milk,Premium,Mid Morning
13,card,25.96,Americano,Afternoon,Fri,Mar,5,3,2025-03-21,13:02:48.347000,2025-03-21 13:02:48.347,2025,1,12,21,80,0,Coffee - Black,Standard,Lunch Time
13,card,35.76,Latte,Afternoon,Fri,Mar,5,3,2025-03-21,13:23:57.002000,2025-03-21 13:23:57.002,2025,1,12,21,80,0,Coffee - Milk,Premium,Lunch Time
14,card,35.76,Cappuccino,Afternoon,Fri,Mar,5,3,2025-03-21,14:11:44.055000,2025-03-21 14:11:44.055,2025,1,12,21,80,0,Coffee - Milk,Premium,Lunch Time
15,card,35.76,Cappuccino,Afternoon,Fri,Mar,5,3,2025-03-21,15:09:03.022000,2025-03-21 15:09:03.022,2025,1,12,21,80,0,Coffee - Milk,Premium,Afternoon
15,card,25.96,Americano,Afternoon,Fri,Mar,5,3,2025-03-21,15:24:42.515000,2025-03-21 15:24:42.515,2025,1,12,21,80,0,Coffee - Black,Standard,Afternoon
15,card,35.76,Latte,Afternoon,Fri,Mar,5,3,2025-03-21,15:28:19.564000,2025-03-21 15:28:19.564,2025,1,12,21,80,0,Coffee - Milk,Premium,Afternoon
15,card,35.76,Cappuccino,Afternoon,Fri,Mar,5,3,2025-03-21,15:29:32.330000,2025-03-21 15:29:32.330,2025,1,12,21,80,0,Coffee - Milk,Premium,Afternoon
17,card,35.76,Hot Chocolate,Night,Fri,Mar,5,3,2025-03-21,17:01:28.771000,2025-03-21 17:01:28.771,2025,1,12,21,80,0,Non-Coffee,Premium,Afternoon
17,card,35.76,Latte,Night,Fri,Mar,5,3,2025-03-21,17:21:16.930000,2025-03-21 17:21:16.930,2025,1,12,21,80,0,Coffee - Milk,Premium,Afternoon
17,card,35.76,Latte,Night,Fri,Mar,5,3,2025-03-21,17:22:49.875000,2025-03-21 17:22:49.875,2025,1,12,21,80,0,Coffee - Milk,Premium,Afternoon
18,card,35.76,Latte,Night,Fri,Mar,5,3,2025-03-21,18:52:12.666000,2025-03-21 18:52:12.666,2025,1,12,21,80,0,Coffee - Milk,Premium,Evening
18,card,25.96,Americano,Night,Fri,Mar,5,3,2025-03-21,18:59:24.271000,2025-03-21 18:59:24.271,2025,1,12,21,80,0,Coffee - Black,Standard,Evening
9,card,30.86,Americano with Milk,Morning,Sat,Mar,6,3,2025-03-22,09:05:13.059000,2025-03-22 09:05:13.059,2025,1,12,22,81,1,Coffee - Milk,Mid-Range,Mid Morning
10,card,30.86,Americano with Milk,Morning,Sat,Mar,6,3,2025-03-22,10:30:09.403000,2025-03-22 10:30:09.403,2025,1,12,22,81,1,Coffee - Milk,Mid-Range,Mid Morning
11,card,35.76,Hot Chocolate,Morning,Sat,Mar,6,3,2025-03-22,11:14:05.960000,2025-03-22 11:14:05.960,2025,1,12,22,81,1,Non-Coffee,Premium,Mid Morning
11,card,35.76,Cocoa,Morning,Sat,Mar,6,3,2025-03-22,11:41:20.579000,2025-03-22 11:41:20.579,2025,1,12,22,81,1,Non-Coffee,Premium,Mid Morning
12,card,30.86,Americano with Milk,Afternoon,Sat,Mar,6,3,2025-03-22,12:18:27.491000,2025-03-22 12:18:27.491,2025,1,12,22,81,1,Coffee - Milk,Mid-Range,Lunch Time
12,card,25.96,Americano,Afternoon,Sat,Mar,6,3,2025-03-22,12:25:59.676000,2025-03-22 12:25:59.676,2025,1,12,22,81,1,Coffee - Black,Standard,Lunch Time
13,card,25.96,Americano,Afternoon,Sat,Mar,6,3,2025-03-22,13:06:21.590000,2025-03-22 13:06:21.590,2025,1,12,22,81,1,Coffee - Black,Standard,Lunch Time
13,card,30.86,Americano with Milk,Afternoon,Sat,Mar,6,3,2025-03-22,13:23:17.918000,2025-03-22 13:23:17.918,2025,1,12,22,81,1,Coffee - Milk,Mid-Range,Lunch Time
15,card,21.06,Espresso,Afternoon,Sat,Mar,6,3,2025-03-22,15:57:58.183000,2025-03-22 15:57:58.183,2025,1,12,22,81,1,Coffee - Black,Standard,Afternoon
16,card,35.76,Latte,Afternoon,Sat,Mar,6,3,2025-03-22,16:26:59.766000,2025-03-22 16:26:59.766,2025,1,12,22,81,1,Coffee - Milk,Premium,Afternoon
17,card,30.86,Americano with Milk,Night,Sat,Mar,6,3,2025-03-22,17:53:35.942000,2025-03-22 17:53:35.942,2025,1,12,22,81,1,Coffee - Milk,Mid-Range,Afternoon
19,card,30.86,Americano with Milk,Night,Sat,Mar,6,3,2025-03-22,19:16:52.727000,2025-03-22 19:16:52.727,2025,1,12,22,81,1,Coffee - Milk,Mid-Range,Evening
10,card,35.76,Latte,Morning,Sun,Mar,7,3,2025-03-23,10:07:11.278000,2025-03-23 10:07:11.278,2025,1,12,23,82,1,Coffee - Milk,Premium,Mid Morning
10,card,35.76,Cappuccino,Morning,Sun,Mar,7,3,2025-03-23,10:34:54.894000,2025-03-23 10:34:54.894,2025,1,12,23,82,1,Coffee - Milk,Premium,Mid Morning
14,card,35.76,Cocoa,Afternoon,Sun,Mar,7,3,2025-03-23,14:43:37.362000,2025-03-23 14:43:37.362,2025,1,12,23,82,1,Non-Coffee,Premium,Lunch Time
14,card,35.76,Cocoa,Afternoon,Sun,Mar,7,3,2025-03-23,14:44:16.864000,2025-03-23 14:44:16.864,2025,1,12,23,82,1,Non-Coffee,Premium,Lunch Time
15,card,25.96,Americano,Afternoon,Sun,Mar,7,3,2025-03-23,15:47:28.723000,2025-03-23 15:47:28.723,2025,1,12,23,82,1,Coffee - Black,Standard,Afternoon
18,card,35.76,Latte,Night,Sun,Mar,7,3,2025-03-23,18:11:38.635000,2025-03-23 18:11:38.635,2025,1,12,23,82,1,Coffee - Milk,Premium,Evening
